{
  "fields": [
    {
      "aggregatable": true,
      "custom": false,
      "defaultValue": null,
      "extraTypeInfo": null,
      "filterable": true,
      "groupable": true,
      "inlineHelpText": null,
      "label": "Auth Session ID",
      "name": "Id",
      "nillable": false,
      "picklistValues": [],
      "referenceTo": [],
      "relationshipName": null,
      "sortable": true,
      "type": "id"
    },
    {
      "aggregatable": true,
      "custom": false,
      "defaultValue": null,
      "extraTypeInfo": null,
      "filterable": true,
      "groupable": true,
      "inlineHelpText": null,
      "label": "User ID",
      "name": "UsersId",
      "nillable": true,
      "picklistValues": [],
      "referenceTo": [
        "User"
      ],
      "relationshipName": "Users",
      "sortable": true,
      "type": "reference"
    },
    {
      "aggregatable": true,
      "custom": false,
      "defaultValue": null,
      "extraTypeInfo": null,
      "filterable": true,
      "groupable": false,
      "inlineHelpText": null,
      "label": "Created",
      "name": "CreatedDate",
      "nillable": false,
      "picklistValues": [],
      "referenceTo": [],
      "relationshipName": null,
      "sortable": true,
      "type": "datetime"
    },
    {
      "aggregatable": true,
      "custom": false,
      "defaultValue": null,
      "extraTypeInfo": null,
      "filterable": true,
      "groupable": false,
      "inlineHelpText": null,
      "label": "Updated",
      "name": "LastModifiedDate",
      "nillable": false,
      "picklistValues": [],
      "referenceTo": [],
      "relationshipName": null,
      "sortable": true,
      "type": "datetime"
    },
    {
      "aggregatable": true,
      "custom": false,
      "defaultValue": null,
      "extraTypeInfo": null,
      "filterable": true,
      "groupable": true,
      "inlineHelpText": null,
      "label": "Valid For",
      "name": "NumSecondsValid",
      "nillable": false,
      "picklistValues": [],
      "referenceTo": [],
      "relationshipName": null,
      "sortable": true,
      "type": "int"
    },
    {
      "aggregatable": true,
      "custom": false,
      "defaultValue": null,
      "extraTypeInfo": null,
      "filterable": true,
      "groupable": true,
      "inlineHelpText": null,
      "label": "User Type",
      "name": "UserType",
      "nillable": false,
      "picklistValues": [
        {
          "active": true,
          "defaultValue": false,
          "label": "Standard",
          "validFor": null,
          "value": "Standard"
        },
        {
          "active": true,
          "defaultValue": false,
          "label": "Partner",
          "validFor": null,
          "value": "PowerPartner"
        },
        {
          "active": true,
          "defaultValue": false,
          "label": "Customer Portal Manager",
          "validFor": null,
          "value": "PowerCustomerSuccess"
        },
        {
          "active": true,
          "defaultValue": false,
          "label": "Customer Portal User",
          "validFor": null,
          "value": "CustomerSuccess"
        },
        {
          "active": true,
          "defaultValue": false,
          "label": "Guest",
          "validFor": null,
          "value": "Guest"
        },
        {
          "active": true,
          "defaultValue": false,
          "label": "High Volume Portal",
          "validFor": null,
          "value": "CspLitePortal"
        },
        {
          "active": true,
          "defaultValue": false,
          "label": "CSN Only",
          "validFor": null,
          "value": "CsnOnly"
        },
        {
          "active": true,
          "defaultValue": false,
          "label": "Self Service",
          "validFor": null,
          "value": "SelfService"
        }
      ],
      "referenceTo": [],
      "relationshipName": null,
      "sortable": true,
      "type": "picklist"
    },
    {
      "aggregatable": true,
      "custom": false,
      "defaultValue": null,
      "extraTypeInfo": null,
      "filterable": true,
      "groupable": true,
      "inlineHelpText": null,
      "label": "Source IP",
      "name": "SourceIp",
      "nillable": false,
      "picklistValues": [],
      "referenceTo": [],
      "relationshipName": null,
      "sortable": true,
      "type": "string"
    },
    {
      "aggregatable": true,
      "custom": false,
      "defaultValue": null,
      "extraTypeInfo": null,
      "filterable": true,
      "groupable": true,
      "inlineHelpText": null,
      "label": "Login",
      "name": "LoginType",
      "nillable": true,
      "picklistValues": [
        {
          "active": true,
          "defaultValue": false,
          "label": "Application",
          "validFor": null,
          "value": "Application"
        },
        {
          "active": true,
          "defaultValue": false,
          "label": "Offline Client",
          "validFor": null,
          "value": "Offline Client"
        },
        {
          "active": true,
          "defaultValue": false,
          "label": "DataJunction",
          "validFor": null,
          "value": "DataJunction"
        },
        {
          "active": true,
          "defaultValue": false,
          "label": "Self-Service",
          "validFor": null,
          "value": "Self-Service"
        },
        {
          "active": true,
          "defaultValue": false,
          "label": "Order Center",
          "validFor": null,
          "value": "Order Center"
        },
        {
          "active": true,
          "defaultValue": false,
          "label": "Outlook Integration",
          "validFor": null,
          "value": "Outlook Integration"
        },
        {
          "active": true,
          "defaultValue": false,
          "label": "Other Apex API",
          "validFor": null,
          "value": "Other Apex API"
        },
        {
          "active": true,
          "defaultValue": false,
          "label": "DB Replication",
          "validFor": null,
          "value": "DB Replication"
        },
        {
          "active": true,
          "defaultValue": false,
          "label": "Sales Anywhere",
          "validFor": null,
          "value": "Sales Anywhere"
        },
        {
          "active": true,
          "defaultValue": false,
          "label": "Partner Product",
          "validFor": null,
          "value": "Partner Product"
        },
        {
          "active": true,
          "defaultValue": false,
          "label": "Sync",
          "validFor": null,
          "value": "Sync"
        },
        {
          "active": true,
          "defaultValue": false,
          "label": "Validate",
          "validFor": null,
          "value": "Validate"
        },
        {
          "active": true,
          "defaultValue": false,
          "label": "SysAdmin Switch",
          "validFor": null,
          "value": "SysAdmin Switch"
        },
        {
          "active": true,
          "defaultValue": false,
          "label": "Excel Integration",
          "validFor": null,
          "value": "Excel Integration"
        },
        {
          "active": true,
          "defaultValue": false,
          "label": "Apex Office Toolkit",
          "validFor": null,
          "value": "Apex Office Toolkit"
        },
        {
          "active": true,
          "defaultValue": false,
          "label": "AJAX Toolkit",
          "validFor": null,
          "value": "AJAX Toolkit"
        },
        {
          "active": true,
          "defaultValue": false,
          "label": "Customer Service Portal",
          "validFor": null,
          "value": "Customer Service Portal"
        },
        {
          "active": true,
          "defaultValue": false,
          "label": "Salesforce.com Website",
          "validFor": null,
          "value": "Salesforce.com Website"
        },
        {
          "active": true,
          "defaultValue": false,
          "label": "SAML Idp Initiated SSO",
          "validFor": null,
          "value": "SAML Idp Initiated SSO"
        },
        {
          "active": true,
          "defaultValue": false,
          "label": "Remote Access Client",
          "validFor": null,
          "value": "Remote Access Client"
        },
        {
          "active": true,
          "defaultValue": false,
          "label": "AppExchange",
          "validFor": null,
          "value": "AppExchange"
        },
        {
          "active": true,
          "defaultValue": false,
          "label": "SAML Sfdc Initiated SSO",
          "validFor": null,
          "value": "SAML Sfdc Initiated SSO"
        },
        {
          "active": true,
          "defaultValue": false,
          "label": "Partner Portal",
          "validFor": null,
          "value": "Partner Portal"
        },
        {
          "active": true,
          "defaultValue": false,
          "label": "SAML Customer Service Portal SSO",
          "validFor": null,
          "value": "SAML Customer Service Portal SSO"
        },
        {
          "active": true,
          "defaultValue": false,
          "label": "SAML Partner Portal SSO",
          "validFor": null,
          "value": "SAML Partner Portal SSO"
        },
        {
          "active": true,
          "defaultValue": false,
          "label": "Signup",
          "validFor": null,
          "value": "Signup"
        },
        {
          "active": true,
          "defaultValue": false,
          "label": "AppStore",
          "validFor": null,
          "value": "AppStore"
        },
        {
          "active": true,
          "defaultValue": false,
          "label": "Help And Training",
          "validFor": null,
          "value": "Help And Training"
        },
        {
          "active": true,
          "defaultValue": false,
          "label": "Community",
          "validFor": null,
          "value": "Community"
        },
        {
          "active": true,
          "defaultValue": false,
          "label": "SAML Site SSO",
          "validFor": null,
          "value": "SAML Site SSO"
        },
        {
          "active": true,
          "defaultValue": false,
          "label": "Remote Access 2.0",
          "validFor": null,
          "value": "Remote Access 2.0"
        },
        {
          "active": true,
          "defaultValue": false,
          "label": "Third Party SSO",
          "validFor": null,
          "value": "Third Party SSO"
        },
        {
          "active": true,
          "defaultValue": false,
          "label": "Chatter Communities External User",
          "validFor": null,
          "value": "Chatter Communities External User"
        },
        {
          "active": true,
          "defaultValue": false,
          "label": "Networks Portal API Only",
          "validFor": null,
          "value": "Networks Portal API Only"
        },
        {
          "active": true,
          "defaultValue": false,
          "label": "SAML Chatter Communities External User SSO",
          "validFor": null,
          "value": "SAML Chatter Communities External User SSO"
        },
        {
          "active": true,
          "defaultValue": false,
          "label": "Chatter Communities External User Third Party SSO",
          "validFor": null,
          "value": "Chatter Communities External User Third Party SSO"
        },
        {
          "active": true,
          "defaultValue": false,
          "label": "Salesforce Outlook Integration",
          "validFor": null,
          "value": "Salesforce Outlook Integration"
        },
        {
          "active": true,
          "defaultValue": false,
          "label": "Customer Service Portal Third-Party SSO",
          "validFor": null,
          "value": "Customer Service Portal Third-Party SSO"
        },
        {
          "active": true,
          "defaultValue": false,
          "label": "Partner Portal Third-Party SSO",
          "validFor": null,
          "value": "Partner Portal Third-Party SSO"
        },
        {
          "active": true,
          "defaultValue": false,
          "label": "Employee Login to Community",
          "validFor": null,
          "value": "Employee Login to Community"
        },
        {
          "active": true,
          "defaultValue": false,
          "label": "Certificate-based login",
          "validFor": null,
          "value": "Certificate-based login"
        },
        {
          "active": true,
          "defaultValue": false,
          "label": "HOTP YubiKey",
          "validFor": null,
          "value": "HOTP YubiKey"
        },
        {
          "active": true,
          "defaultValue": false,
          "label": "Lightning Login",
          "validFor": null,
          "value": "Lightning Login"
        },
        {
          "active": true,
          "defaultValue": false,
          "label": "Passwordless Login",
          "validFor": null,
          "value": "Passwordless Login"
        }
      ],
      "referenceTo": [],
      "relationshipName": null,
      "sortable": true,
      "type": "picklist"
    },
    {
      "aggregatable": true,
      "custom": false,
      "defaultValue": null,
      "extraTypeInfo": null,
      "filterable": true,
      "groupable": true,
      "inlineHelpText": null,
      "label": "Session Type",
      "name": "SessionType",
      "nillable": true,
      "picklistValues": [],
      "referenceTo": [],
      "relationshipName": null,
      "sortable": true,
      "type": "picklist"
    },
    {
      "aggregatable": true,
      "custom": false,
      "defaultValue": null,
      "extraTypeInfo": null,
      "filterable": true,
      "groupable": true,
      "inlineHelpText": null,
      "label": "Session Security Level",
      "name": "SessionSecurityLevel",
      "nillable": true,
      "picklistValues": [
        {
          "active": true,
          "defaultValue": false,
          "label": null,
          "validFor": null,
          "value": "LOW"
        },
        {
          "active": true,
          "defaultValue": false,
          "label": null,
          "validFor": null,
          "value": "STANDARD"
        },
        {
          "active": true,
          "defaultValue": false,
          "label": null,
          "validFor": null,
          "value": "HIGH_ASSURANCE"
        }
      ],
      "referenceTo": [],
      "relationshipName": null,
      "sortable": true,
      "type": "picklist"
    },
    {
      "aggregatable": true,
      "custom": false,
      "defaultValue": null,
      "extraTypeInfo": null,
      "filterable": true,
      "groupable": false,
      "inlineHelpText": null,
      "label": "Logout URL",
      "name": "LogoutUrl",
      "nillable": true,
      "picklistValues": [],
      "referenceTo": [],
      "relationshipName": null,
      "sortable": true,
      "type": "string"
    },
    {
      "aggregatable": true,
      "custom": false,
      "defaultValue": null,
      "extraTypeInfo": null,
      "filterable": true,
      "groupable": true,
      "inlineHelpText": null,
      "label": "Auth Session ID",
      "name": "ParentId",
      "nillable": true,
      "picklistValues": [],
      "referenceTo": [
        "AuthSession"
      ],
      "relationshipName": null,
      "sortable": true,
      "type": "reference"
    },
    {
      "aggregatable": true,
      "custom": false,
      "defaultValue": null,
      "extraTypeInfo": null,
      "filterable": true,
      "groupable": true,
      "inlineHelpText": null,
      "label": "Login History ID",
      "name": "LoginHistoryId",
      "nillable": true,
      "picklistValues": [],
      "referenceTo": [
        "LoginHistory"
      ],
      "relationshipName": "LoginHistory",
      "sortable": true,
      "type": "reference"
    },
    {
      "aggregatable": true,
      "custom": false,
      "defaultValue": null,
      "extraTypeInfo": null,
      "filterable": true,
      "groupable": true,
      "inlineHelpText": null,
      "label": "Login Geo Data ID",
      "name": "LoginGeoId",
      "nillable": true,
      "picklistValues": [],
      "referenceTo": [
        "LoginGeo"
      ],
      "relationshipName": "LoginGeo",
      "sortable": true,
      "type": "reference"
    },
    {
      "aggregatable": false,
      "custom": false,
      "defaultValue": false,
      "extraTypeInfo": null,
      "filterable": true,
      "groupable": true,
      "inlineHelpText": null,
      "label": "Current Session",
      "name": "IsCurrent",
      "nillable": false,
      "picklistValues": [],
      "referenceTo": [],
      "relationshipName": null,
      "sortable": true,
      "type": "boolean"
    }
  ],
  "label": "Auth Session",
  "childRelationships": [
    {
      "cascadeDelete": false,
      "childSObject": "AuthSession",
      "deprecatedAndHidden": false,
      "field": "ParentId",
      "junctionIdListNames": [],
      "junctionReferenceTo": [],
      "relationshipName": null,
      "restrictedDelete": false
    },
    {
      "cascadeDelete": false,
      "childSObject": "IdpEventLog",
      "deprecatedAndHidden": false,
      "field": "AuthSessionId",
      "junctionIdListNames": [],
      "junctionReferenceTo": [],
      "relationshipName": null,
      "restrictedDelete": false
    },
    {
      "cascadeDelete": false,
      "childSObject": "SessionPermSetActivation",
      "deprecatedAndHidden": false,
      "field": "AuthSessionId",
      "junctionIdListNames": [],
      "junctionReferenceTo": [],
      "relationshipName": "SessionPermSetActivations",
      "restrictedDelete": false
    }
  ],
  "custom": false,
  "name": "AuthSession",
  "queryable": true
}