{
  "fields": [
    {
      "aggregatable": true,
      "custom": false,
      "defaultValue": null,
      "extraTypeInfo": null,
      "filterable": true,
      "groupable": true,
      "inlineHelpText": null,
      "label": "ContentDocumentLink ID",
      "name": "Id",
      "nillable": false,
      "picklistValues": [],
      "referenceTo": [],
      "relationshipName": null,
      "sortable": true,
      "type": "id"
    },
    {
      "aggregatable": true,
      "custom": false,
      "defaultValue": null,
      "extraTypeInfo": null,
      "filterable": true,
      "groupable": true,
      "inlineHelpText": null,
      "label": "Linked Entity ID",
      "name": "LinkedEntityId",
      "nillable": false,
      "picklistValues": [],
      "referenceTo": [
        "Account",
        "AccountBrand",
        "Asset",
        "AssetRelationship",
        "AssignedResource",
        "AuthorizationFormText",
        "Campaign",
        "Case",
        "ChannelProgram",
        "ChannelProgramLevel",
        "ChannelProgramMember",
        "CollaborationGroup",
        "CommSubscription",
        "CommSubscriptionChannelType",
        "CommSubscriptionConsent",
        "CommSubscriptionTiming",
        "ConsumptionSchedule",
        "Contact",
        "ContentWorkspace",
        "Contract",
        "ContractLineItem",
        "ConversationEntry",
        "CreditMemo",
        "CreditMemoInvApplication",
        "CreditMemoLine",
        "Dashboard",
        "DashboardComponent",
        "DelegatedAccount",
        "EmailMessage",
        "EmailTemplate",
        "EngagementChannelType",
        "EnhancedLetterhead",
        "Entitlement",
        "EntityMilestone",
        "Event",
        "FSL__Crew_Management_User_Settings_Territory__c",
        "FSL__Crew_Management_User_Settings__c",
        "FSL__Criteria__c",
        "FSL__FSL_Operation__c",
        "FSL__GanttPalette__c",
        "FSL__Gantt_Filter__c",
        "FSL__Optimization_Data__c",
        "FSL__Optimization_Request_Queue__c",
        "FSL__Optimization_Request__c",
        "FSL__Polygon__c",
        "FSL__SLR_Cache__c",
        "FSL__SchedulingRecipe__c",
        "FSL__Scheduling_Policy_Goal__c",
        "FSL__Scheduling_Policy_Work_Rule__c",
        "FSL__Scheduling_Policy__c",
        "FSL__Service_Goal__c",
        "FSL__Territory_Optimization_Request__c",
        "FSL__Time_Dependency__c",
        "FSL__UserSetting__c",
        "FSL__User_Setting_Territory__c",
        "FSL__User_Territory__c",
        "FSL__Work_Rule__c",
        "Image",
        "IntFW__APTTaskTemplate__c",
        "IntFW__APTaskTemplate__c",
        "IntFW__ActionPlanTemplate__c",
        "IntFW__ActionPlan__c",
        "IntFW__Action_Plans_Settings__c",
        "IntFW__Application_Log__c",
        "IntFW__Article__ka",
        "IntFW__Cust_Search_Setting__c",
        "IntFW__EventImage__c",
        "IntFW__Image_list__c",
        "IntFW__Integration_FW_Sample__c",
        "IntFW__Integration_Log__c",
        "IntFW__InterfaceFrameworkLogging__c",
        "IntFW__Lazada_Endpoint__c",
        "IntFW__MaskingInterfaceDataAcess__c",
        "IntFW__MasterData__c",
        "IntFW__PrivateTestObject__c",
        "IntFW__ReadOnlyTestObject__c",
        "IntFW__TwilioConfig__c",
        "IntFW__Vehicle__c",
        "IntFW__Work_Part__c",
        "Invoice",
        "InvoiceLine",
        "JobProfile",
        "Lead",
        "LegalEntity",
        "ListEmail",
        "LiveChatTranscript",
        "Location",
        "MaintenanceAsset",
        "MaintenancePlan",
        "MessagingSession",
        "Network",
        "OperatingHours",
        "Opportunity",
        "Order",
        "OrderItem",
        "Organization",
        "OutgoingEmail",
        "PartnerFundAllocation",
        "PartnerFundClaim",
        "PartnerFundRequest",
        "PartnerMarketingBudget",
        "PartyConsent",
        "Payment",
        "Product2",
        "ProductConsumed",
        "ProductItem",
        "ProductItemTransaction",
        "ProductRequest",
        "ProductRequestLineItem",
        "ProductRequired",
        "ProductTransfer",
        "Report",
        "ResourceAbsence",
        "ResourcePreference",
        "ReturnOrder",
        "ReturnOrderLineItem",
        "ServiceAppointment",
        "ServiceContract",
        "ServiceCrew",
        "ServiceCrewMember",
        "ServiceResource",
        "ServiceResourceCapacity",
        "ServiceResourceSkill",
        "ServiceTerritory",
        "ServiceTerritoryLocation",
        "ServiceTerritoryMember",
        "Shift",
        "Shipment",
        "Site",
        "SkillRequirement",
        "Solution",
        "Task",
        "Territory2Model",
        "TimeSheet",
        "TimeSheetEntry",
        "Topic",
        "User",
        "WorkOrder",
        "WorkOrderLineItem",
        "WorkType",
        "WorkTypeGroup",
        "WorkTypeGroupMember",
        "et4ae5__AggregateLink__c",
        "et4ae5__Automated_Send__c",
        "et4ae5__Business_Unit__c",
        "et4ae5__Campaign_Member_Configuration__c",
        "et4ae5__Configuration__c",
        "et4ae5__ET4AEConfig__c",
        "et4ae5__ET4AE_Config__c",
        "et4ae5__Email_Linkage__c",
        "et4ae5__IndividualEmailResult__c",
        "et4ae5__IndividualLink__c",
        "et4ae5__MC_CDC_Journey__c",
        "et4ae5__SMSDefinition__c",
        "et4ae5__SMSJunction__c",
        "et4ae5__SendDefinition__c",
        "et4ae5__SendJunction__c",
        "et4ae5__SupportRequest__c",
        "et4ae5__Triggered_Send_Execution__c",
        "et4ae5__UEBU__c",
        "et4ae5__abTest__c",
        "mcdm_15__ApprovalsPageSettings__c",
        "mcdm_15__Blacklist__c",
        "mcdm_15__Bulk_Send_Batch__c",
        "mcdm_15__Bulk_Send_Job__c",
        "mcdm_15__CampaignMemberSortField__c",
        "mcdm_15__DMAsyncSendJobResult__c",
        "mcdm_15__DMAsyncSendMemberError__c",
        "mcdm_15__DMTenantSpecificEndpointSupport__c",
        "mcdm_15__DMUserFavorite__c",
        "mcdm_15__DM_Activity_Log__c",
        "mcdm_15__DM_Auto_Send__c",
        "mcdm_15__DefaultCampaignPersonalization__c",
        "mcdm_15__DefaultPersonalizationSettings__c",
        "mcdm_15__GreetingMapping__c",
        "mcdm_15__JourneyApprovalsPlugin__c",
        "mcdm_15__LinkedBusinessUnit__c",
        "mcdm_15__MarketingCloudJourney__x",
        "mcdm_15__MarketingCloudLinkedJourney__c",
        "mcdm_15__ObjectPlugin__c",
        "mcdm_15__PersonalizationFieldMap__c",
        "mcdm_15__QuickSendJourney__c",
        "mcdm_15__ScheduledSendSubmission__c",
        "mcdm_15__ScheduledSend__c",
        "mcdm_15__SendCapLog__c",
        "mcdm_15__SubmissionP13n__c",
        "mcdm_15__SubmissionSendSettings__c",
        "mcdm_15__Submission__c",
        "mcdm_15__ValidDomains__c"
      ],
      "relationshipName": "LinkedEntity",
      "sortable": true,
      "type": "reference"
    },
    {
      "aggregatable": true,
      "custom": false,
      "defaultValue": null,
      "extraTypeInfo": null,
      "filterable": true,
      "groupable": true,
      "inlineHelpText": null,
      "label": "ContentDocument ID",
      "name": "ContentDocumentId",
      "nillable": false,
      "picklistValues": [],
      "referenceTo": [
        "ContentDocument"
      ],
      "relationshipName": "ContentDocument",
      "sortable": true,
      "type": "reference"
    },
    {
      "aggregatable": false,
      "custom": false,
      "defaultValue": false,
      "extraTypeInfo": null,
      "filterable": true,
      "groupable": true,
      "inlineHelpText": null,
      "label": "Is Deleted",
      "name": "IsDeleted",
      "nillable": false,
      "picklistValues": [],
      "referenceTo": [],
      "relationshipName": null,
      "sortable": true,
      "type": "boolean"
    },
    {
      "aggregatable": true,
      "custom": false,
      "defaultValue": null,
      "extraTypeInfo": null,
      "filterable": true,
      "groupable": false,
      "inlineHelpText": null,
      "label": "Last Modified Date",
      "name": "SystemModstamp",
      "nillable": false,
      "picklistValues": [],
      "referenceTo": [],
      "relationshipName": null,
      "sortable": true,
      "type": "datetime"
    },
    {
      "aggregatable": true,
      "custom": false,
      "defaultValue": null,
      "extraTypeInfo": null,
      "filterable": true,
      "groupable": true,
      "inlineHelpText": null,
      "label": "Share Type",
      "name": "ShareType",
      "nillable": true,
      "picklistValues": [
        {
          "active": true,
          "defaultValue": false,
          "label": "Viewer",
          "validFor": null,
          "value": "V"
        },
        {
          "active": true,
          "defaultValue": false,
          "label": "Collaborator",
          "validFor": null,
          "value": "C"
        },
        {
          "active": true,
          "defaultValue": false,
          "label": "Inferred",
          "validFor": null,
          "value": "I"
        }
      ],
      "referenceTo": [],
      "relationshipName": null,
      "sortable": true,
      "type": "picklist"
    },
    {
      "aggregatable": true,
      "custom": false,
      "defaultValue": null,
      "extraTypeInfo": null,
      "filterable": true,
      "groupable": true,
      "inlineHelpText": null,
      "label": "Visibility",
      "name": "Visibility",
      "nillable": true,
      "picklistValues": [
        {
          "active": true,
          "defaultValue": false,
          "label": "All Users",
          "validFor": null,
          "value": "AllUsers"
        },
        {
          "active": true,
          "defaultValue": false,
          "label": "Standard Users",
          "validFor": null,
          "value": "InternalUsers"
        },
        {
          "active": true,
          "defaultValue": false,
          "label": "Shared Users",
          "validFor": null,
          "value": "SharedUsers"
        }
      ],
      "referenceTo": [],
      "relationshipName": null,
      "sortable": true,
      "type": "picklist"
    }
  ],
  "label": "Content Document Link",
  "childRelationships": [
    {
      "cascadeDelete": false,
      "childSObject": "FlowExecutionErrorEvent",
      "deprecatedAndHidden": false,
      "field": "ContextRecordId",
      "junctionIdListNames": [],
      "junctionReferenceTo": [],
      "relationshipName": null,
      "restrictedDelete": false
    },
    {
      "cascadeDelete": false,
      "childSObject": "FlowRecordRelation",
      "deprecatedAndHidden": false,
      "field": "RelatedRecordId",
      "junctionIdListNames": [],
      "junctionReferenceTo": [],
      "relationshipName": null,
      "restrictedDelete": false
    }
  ],
  "custom": false,
  "name": "ContentDocumentLink",
  "queryable": true
}