{
  "fields": [
    {
      "aggregatable": false,
      "custom": false,
      "defaultValue": null,
      "extraTypeInfo": null,
      "filterable": true,
      "groupable": true,
      "inlineHelpText": null,
      "label": "System ID",
      "name": "Id",
      "nillable": false,
      "picklistValues": [],
      "referenceTo": [],
      "relationshipName": null,
      "sortable": true,
      "type": "id"
    },
    {
      "aggregatable": false,
      "custom": false,
      "defaultValue": null,
      "extraTypeInfo": null,
      "filterable": true,
      "groupable": true,
      "inlineHelpText": null,
      "label": "Data.com Company ID",
      "name": "ExternalId",
      "nillable": true,
      "picklistValues": [],
      "referenceTo": [],
      "relationshipName": null,
      "sortable": true,
      "type": "string"
    },
    {
      "aggregatable": false,
      "custom": false,
      "defaultValue": null,
      "extraTypeInfo": null,
      "filterable": true,
      "groupable": true,
      "inlineHelpText": null,
      "label": "Data.com Company ID",
      "name": "CompanyId",
      "nillable": true,
      "picklistValues": [],
      "referenceTo": [],
      "relationshipName": null,
      "sortable": false,
      "type": "string"
    },
    {
      "aggregatable": false,
      "custom": false,
      "defaultValue": null,
      "extraTypeInfo": null,
      "filterable": true,
      "groupable": true,
      "inlineHelpText": null,
      "label": "Company Name",
      "name": "Name",
      "nillable": true,
      "picklistValues": [],
      "referenceTo": [],
      "relationshipName": null,
      "sortable": true,
      "type": "string"
    },
    {
      "aggregatable": false,
      "custom": false,
      "defaultValue": null,
      "extraTypeInfo": null,
      "filterable": false,
      "groupable": false,
      "inlineHelpText": null,
      "label": "Company Synopsis",
      "name": "Description",
      "nillable": true,
      "picklistValues": [],
      "referenceTo": [],
      "relationshipName": null,
      "sortable": false,
      "type": "string"
    },
    {
      "aggregatable": false,
      "custom": false,
      "defaultValue": false,
      "extraTypeInfo": null,
      "filterable": true,
      "groupable": true,
      "inlineHelpText": null,
      "label": "Inactive Status",
      "name": "IsInactive",
      "nillable": false,
      "picklistValues": [],
      "referenceTo": [],
      "relationshipName": null,
      "sortable": false,
      "type": "boolean"
    },
    {
      "aggregatable": false,
      "custom": false,
      "defaultValue": null,
      "extraTypeInfo": null,
      "filterable": false,
      "groupable": true,
      "inlineHelpText": null,
      "label": "Phone Number",
      "name": "Phone",
      "nillable": true,
      "picklistValues": [],
      "referenceTo": [],
      "relationshipName": null,
      "sortable": false,
      "type": "phone"
    },
    {
      "aggregatable": false,
      "custom": false,
      "defaultValue": null,
      "extraTypeInfo": null,
      "filterable": false,
      "groupable": true,
      "inlineHelpText": null,
      "label": "Fax Number",
      "name": "Fax",
      "nillable": true,
      "picklistValues": [],
      "referenceTo": [],
      "relationshipName": null,
      "sortable": false,
      "type": "phone"
    },
    {
      "aggregatable": false,
      "custom": false,
      "defaultValue": null,
      "extraTypeInfo": null,
      "filterable": false,
      "groupable": true,
      "inlineHelpText": null,
      "label": "Street Address",
      "name": "Street",
      "nillable": true,
      "picklistValues": [],
      "referenceTo": [],
      "relationshipName": null,
      "sortable": false,
      "type": "string"
    },
    {
      "aggregatable": false,
      "custom": false,
      "defaultValue": null,
      "extraTypeInfo": null,
      "filterable": true,
      "groupable": true,
      "inlineHelpText": null,
      "label": "City",
      "name": "City",
      "nillable": true,
      "picklistValues": [],
      "referenceTo": [],
      "relationshipName": null,
      "sortable": true,
      "type": "string"
    },
    {
      "aggregatable": false,
      "custom": false,
      "defaultValue": null,
      "extraTypeInfo": null,
      "filterable": true,
      "groupable": true,
      "inlineHelpText": null,
      "label": "State",
      "name": "State",
      "nillable": true,
      "picklistValues": [],
      "referenceTo": [],
      "relationshipName": null,
      "sortable": true,
      "type": "string"
    },
    {
      "aggregatable": false,
      "custom": false,
      "defaultValue": null,
      "extraTypeInfo": null,
      "filterable": true,
      "groupable": true,
      "inlineHelpText": null,
      "label": "State",
      "name": "StateCode",
      "nillable": true,
      "picklistValues": [
        {
          "active": true,
          "defaultValue": false,
          "label": "Alabama",
          "validFor": null,
          "value": "AL"
        },
        {
          "active": true,
          "defaultValue": false,
          "label": "Alaska",
          "validFor": null,
          "value": "AK"
        },
        {
          "active": true,
          "defaultValue": false,
          "label": "American Samoa",
          "validFor": null,
          "value": "AS"
        },
        {
          "active": true,
          "defaultValue": false,
          "label": "Arizona",
          "validFor": null,
          "value": "AZ"
        },
        {
          "active": true,
          "defaultValue": false,
          "label": "Arkansas",
          "validFor": null,
          "value": "AR"
        },
        {
          "active": true,
          "defaultValue": false,
          "label": "California",
          "validFor": null,
          "value": "CA"
        },
        {
          "active": true,
          "defaultValue": false,
          "label": "Colorado",
          "validFor": null,
          "value": "CO"
        },
        {
          "active": true,
          "defaultValue": false,
          "label": "Connecticut",
          "validFor": null,
          "value": "CT"
        },
        {
          "active": true,
          "defaultValue": false,
          "label": "Delaware",
          "validFor": null,
          "value": "DE"
        },
        {
          "active": true,
          "defaultValue": false,
          "label": "District of Columbia",
          "validFor": null,
          "value": "DC"
        },
        {
          "active": true,
          "defaultValue": false,
          "label": "Federated Micronesia",
          "validFor": null,
          "value": "FM"
        },
        {
          "active": true,
          "defaultValue": false,
          "label": "Florida",
          "validFor": null,
          "value": "FL"
        },
        {
          "active": true,
          "defaultValue": false,
          "label": "Georgia",
          "validFor": null,
          "value": "GA"
        },
        {
          "active": true,
          "defaultValue": false,
          "label": "Guam",
          "validFor": null,
          "value": "GU"
        },
        {
          "active": true,
          "defaultValue": false,
          "label": "Hawaii",
          "validFor": null,
          "value": "HI"
        },
        {
          "active": true,
          "defaultValue": false,
          "label": "Idaho",
          "validFor": null,
          "value": "ID"
        },
        {
          "active": true,
          "defaultValue": false,
          "label": "Illinois",
          "validFor": null,
          "value": "IL"
        },
        {
          "active": true,
          "defaultValue": false,
          "label": "Indiana",
          "validFor": null,
          "value": "IN"
        },
        {
          "active": true,
          "defaultValue": false,
          "label": "Iowa",
          "validFor": null,
          "value": "IA"
        },
        {
          "active": true,
          "defaultValue": false,
          "label": "Kansas",
          "validFor": null,
          "value": "KS"
        },
        {
          "active": true,
          "defaultValue": false,
          "label": "Kentucky",
          "validFor": null,
          "value": "KY"
        },
        {
          "active": true,
          "defaultValue": false,
          "label": "Louisiana",
          "validFor": null,
          "value": "LA"
        },
        {
          "active": true,
          "defaultValue": false,
          "label": "Maine",
          "validFor": null,
          "value": "ME"
        },
        {
          "active": true,
          "defaultValue": false,
          "label": "Marshall Islands",
          "validFor": null,
          "value": "MH"
        },
        {
          "active": true,
          "defaultValue": false,
          "label": "Maryland",
          "validFor": null,
          "value": "MD"
        },
        {
          "active": true,
          "defaultValue": false,
          "label": "Massachusetts",
          "validFor": null,
          "value": "MA"
        },
        {
          "active": true,
          "defaultValue": false,
          "label": "Michigan",
          "validFor": null,
          "value": "MI"
        },
        {
          "active": true,
          "defaultValue": false,
          "label": "Minnesota",
          "validFor": null,
          "value": "MN"
        },
        {
          "active": true,
          "defaultValue": false,
          "label": "Mississippi",
          "validFor": null,
          "value": "MS"
        },
        {
          "active": true,
          "defaultValue": false,
          "label": "Missouri",
          "validFor": null,
          "value": "MO"
        },
        {
          "active": true,
          "defaultValue": false,
          "label": "Montana",
          "validFor": null,
          "value": "MT"
        },
        {
          "active": true,
          "defaultValue": false,
          "label": "Nebraska",
          "validFor": null,
          "value": "NE"
        },
        {
          "active": true,
          "defaultValue": false,
          "label": "Nevada",
          "validFor": null,
          "value": "NV"
        },
        {
          "active": true,
          "defaultValue": false,
          "label": "New Hampshire",
          "validFor": null,
          "value": "NH"
        },
        {
          "active": true,
          "defaultValue": false,
          "label": "New Jersey",
          "validFor": null,
          "value": "NJ"
        },
        {
          "active": true,
          "defaultValue": false,
          "label": "New Mexico",
          "validFor": null,
          "value": "NM"
        },
        {
          "active": true,
          "defaultValue": false,
          "label": "New York",
          "validFor": null,
          "value": "NY"
        },
        {
          "active": true,
          "defaultValue": false,
          "label": "North Carolina",
          "validFor": null,
          "value": "NC"
        },
        {
          "active": true,
          "defaultValue": false,
          "label": "North Dakota",
          "validFor": null,
          "value": "ND"
        },
        {
          "active": true,
          "defaultValue": false,
          "label": "Northern Mariana Islands",
          "validFor": null,
          "value": "MP"
        },
        {
          "active": true,
          "defaultValue": false,
          "label": "Ohio",
          "validFor": null,
          "value": "OH"
        },
        {
          "active": true,
          "defaultValue": false,
          "label": "Oklahoma",
          "validFor": null,
          "value": "OK"
        },
        {
          "active": true,
          "defaultValue": false,
          "label": "Oregon",
          "validFor": null,
          "value": "OR"
        },
        {
          "active": true,
          "defaultValue": false,
          "label": "Palau",
          "validFor": null,
          "value": "PW"
        },
        {
          "active": true,
          "defaultValue": false,
          "label": "Pennsylvania",
          "validFor": null,
          "value": "PA"
        },
        {
          "active": true,
          "defaultValue": false,
          "label": "Puerto Rico",
          "validFor": null,
          "value": "PR"
        },
        {
          "active": true,
          "defaultValue": false,
          "label": "Rhode Island",
          "validFor": null,
          "value": "RI"
        },
        {
          "active": true,
          "defaultValue": false,
          "label": "South Carolina",
          "validFor": null,
          "value": "SC"
        },
        {
          "active": true,
          "defaultValue": false,
          "label": "South Dakota",
          "validFor": null,
          "value": "SD"
        },
        {
          "active": true,
          "defaultValue": false,
          "label": "Tennessee",
          "validFor": null,
          "value": "TN"
        },
        {
          "active": true,
          "defaultValue": false,
          "label": "Texas",
          "validFor": null,
          "value": "TX"
        },
        {
          "active": true,
          "defaultValue": false,
          "label": "Utah",
          "validFor": null,
          "value": "UT"
        },
        {
          "active": true,
          "defaultValue": false,
          "label": "Vermont",
          "validFor": null,
          "value": "VT"
        },
        {
          "active": true,
          "defaultValue": false,
          "label": "US Virgin Islands",
          "validFor": null,
          "value": "VI"
        },
        {
          "active": true,
          "defaultValue": false,
          "label": "Virginia",
          "validFor": null,
          "value": "VA"
        },
        {
          "active": true,
          "defaultValue": false,
          "label": "Washington",
          "validFor": null,
          "value": "WA"
        },
        {
          "active": true,
          "defaultValue": false,
          "label": "West Virginia",
          "validFor": null,
          "value": "WV"
        },
        {
          "active": true,
          "defaultValue": false,
          "label": "Wisconsin",
          "validFor": null,
          "value": "WI"
        },
        {
          "active": true,
          "defaultValue": false,
          "label": "Wyoming",
          "validFor": null,
          "value": "WY"
        }
      ],
      "referenceTo": [],
      "relationshipName": null,
      "sortable": false,
      "type": "picklist"
    },
    {
      "aggregatable": false,
      "custom": false,
      "defaultValue": null,
      "extraTypeInfo": null,
      "filterable": true,
      "groupable": true,
      "inlineHelpText": null,
      "label": "Country/Territory",
      "name": "Country",
      "nillable": true,
      "picklistValues": [],
      "referenceTo": [],
      "relationshipName": null,
      "sortable": true,
      "type": "string"
    },
    {
      "aggregatable": false,
      "custom": false,
      "defaultValue": null,
      "extraTypeInfo": null,
      "filterable": true,
      "groupable": true,
      "inlineHelpText": null,
      "label": "Country/Territory",
      "name": "CountryCode",
      "nillable": true,
      "picklistValues": [
        {
          "active": true,
          "defaultValue": false,
          "label": "Afghanistan",
          "validFor": null,
          "value": "AF"
        },
        {
          "active": true,
          "defaultValue": false,
          "label": "Albania",
          "validFor": null,
          "value": "AL"
        },
        {
          "active": true,
          "defaultValue": false,
          "label": "Algeria",
          "validFor": null,
          "value": "DZ"
        },
        {
          "active": true,
          "defaultValue": false,
          "label": "American Samoa",
          "validFor": null,
          "value": "AS"
        },
        {
          "active": true,
          "defaultValue": false,
          "label": "Andorra",
          "validFor": null,
          "value": "AD"
        },
        {
          "active": true,
          "defaultValue": false,
          "label": "Angola",
          "validFor": null,
          "value": "AO"
        },
        {
          "active": true,
          "defaultValue": false,
          "label": "Anguilla",
          "validFor": null,
          "value": "AI"
        },
        {
          "active": true,
          "defaultValue": false,
          "label": "Antigua and Barbuda",
          "validFor": null,
          "value": "AG"
        },
        {
          "active": true,
          "defaultValue": false,
          "label": "Argentina",
          "validFor": null,
          "value": "AR"
        },
        {
          "active": true,
          "defaultValue": false,
          "label": "Armenia",
          "validFor": null,
          "value": "AM"
        },
        {
          "active": true,
          "defaultValue": false,
          "label": "Aruba",
          "validFor": null,
          "value": "AW"
        },
        {
          "active": true,
          "defaultValue": false,
          "label": "Austria",
          "validFor": null,
          "value": "AT"
        },
        {
          "active": true,
          "defaultValue": false,
          "label": "Australia",
          "validFor": null,
          "value": "AU"
        },
        {
          "active": true,
          "defaultValue": false,
          "label": "Azerbaijan",
          "validFor": null,
          "value": "AZ"
        },
        {
          "active": true,
          "defaultValue": false,
          "label": "Bahamas",
          "validFor": null,
          "value": "BS"
        },
        {
          "active": true,
          "defaultValue": false,
          "label": "Bahrain",
          "validFor": null,
          "value": "BH"
        },
        {
          "active": true,
          "defaultValue": false,
          "label": "Bangladesh",
          "validFor": null,
          "value": "BD"
        },
        {
          "active": true,
          "defaultValue": false,
          "label": "Barbados",
          "validFor": null,
          "value": "BB"
        },
        {
          "active": true,
          "defaultValue": false,
          "label": "Belarus",
          "validFor": null,
          "value": "BY"
        },
        {
          "active": true,
          "defaultValue": false,
          "label": "Belgium",
          "validFor": null,
          "value": "BE"
        },
        {
          "active": true,
          "defaultValue": false,
          "label": "Belize",
          "validFor": null,
          "value": "BZ"
        },
        {
          "active": true,
          "defaultValue": false,
          "label": "Bhutan",
          "validFor": null,
          "value": "BT"
        },
        {
          "active": true,
          "defaultValue": false,
          "label": "Benin",
          "validFor": null,
          "value": "BJ"
        },
        {
          "active": true,
          "defaultValue": false,
          "label": "Bermuda",
          "validFor": null,
          "value": "BM"
        },
        {
          "active": true,
          "defaultValue": false,
          "label": "Bolivia, Plurinational State of",
          "validFor": null,
          "value": "BO"
        },
        {
          "active": true,
          "defaultValue": false,
          "label": "Bosnia and Herzegovina",
          "validFor": null,
          "value": "BA"
        },
        {
          "active": true,
          "defaultValue": false,
          "label": "Botswana",
          "validFor": null,
          "value": "BW"
        },
        {
          "active": true,
          "defaultValue": false,
          "label": "Brazil",
          "validFor": null,
          "value": "BR"
        },
        {
          "active": true,
          "defaultValue": false,
          "label": "Brunei Darussalam",
          "validFor": null,
          "value": "BN"
        },
        {
          "active": true,
          "defaultValue": false,
          "label": "Bulgaria",
          "validFor": null,
          "value": "BG"
        },
        {
          "active": true,
          "defaultValue": false,
          "label": "Burkina Faso",
          "validFor": null,
          "value": "BF"
        },
        {
          "active": true,
          "defaultValue": false,
          "label": "Burundi",
          "validFor": null,
          "value": "BI"
        },
        {
          "active": true,
          "defaultValue": false,
          "label": "Cambodia",
          "validFor": null,
          "value": "KH"
        },
        {
          "active": true,
          "defaultValue": false,
          "label": "Cameroon",
          "validFor": null,
          "value": "CM"
        },
        {
          "active": true,
          "defaultValue": false,
          "label": "Canada",
          "validFor": null,
          "value": "CA"
        },
        {
          "active": true,
          "defaultValue": false,
          "label": "Cape Verde",
          "validFor": null,
          "value": "CV"
        },
        {
          "active": true,
          "defaultValue": false,
          "label": "Cayman Islands",
          "validFor": null,
          "value": "KY"
        },
        {
          "active": true,
          "defaultValue": false,
          "label": "Central African Republic",
          "validFor": null,
          "value": "CF"
        },
        {
          "active": true,
          "defaultValue": false,
          "label": "Chad",
          "validFor": null,
          "value": "TD"
        },
        {
          "active": true,
          "defaultValue": false,
          "label": "Chile",
          "validFor": null,
          "value": "CL"
        },
        {
          "active": true,
          "defaultValue": false,
          "label": "China",
          "validFor": null,
          "value": "CN"
        },
        {
          "active": true,
          "defaultValue": false,
          "label": "Christmas Island",
          "validFor": null,
          "value": "CX"
        },
        {
          "active": true,
          "defaultValue": false,
          "label": "Colombia",
          "validFor": null,
          "value": "CO"
        },
        {
          "active": true,
          "defaultValue": false,
          "label": "Comoros",
          "validFor": null,
          "value": "KM"
        },
        {
          "active": true,
          "defaultValue": false,
          "label": "Congo",
          "validFor": null,
          "value": "CG"
        },
        {
          "active": true,
          "defaultValue": false,
          "label": "Congo, the Democratic Republic of the",
          "validFor": null,
          "value": "CD"
        },
        {
          "active": true,
          "defaultValue": false,
          "label": "Cook Islands",
          "validFor": null,
          "value": "CK"
        },
        {
          "active": true,
          "defaultValue": false,
          "label": "Costa Rica",
          "validFor": null,
          "value": "CR"
        },
        {
          "active": true,
          "defaultValue": false,
          "label": "Cote d'Ivoire",
          "validFor": null,
          "value": "CI"
        },
        {
          "active": true,
          "defaultValue": false,
          "label": "Croatia",
          "validFor": null,
          "value": "HR"
        },
        {
          "active": true,
          "defaultValue": false,
          "label": "Cyprus",
          "validFor": null,
          "value": "CY"
        },
        {
          "active": true,
          "defaultValue": false,
          "label": "Czechia",
          "validFor": null,
          "value": "CZ"
        },
        {
          "active": true,
          "defaultValue": false,
          "label": "Denmark",
          "validFor": null,
          "value": "DK"
        },
        {
          "active": true,
          "defaultValue": false,
          "label": "Djibouti",
          "validFor": null,
          "value": "DJ"
        },
        {
          "active": true,
          "defaultValue": false,
          "label": "Dominica",
          "validFor": null,
          "value": "DM"
        },
        {
          "active": true,
          "defaultValue": false,
          "label": "Dominican Republic",
          "validFor": null,
          "value": "DO"
        },
        {
          "active": true,
          "defaultValue": false,
          "label": "Ecuador",
          "validFor": null,
          "value": "EC"
        },
        {
          "active": true,
          "defaultValue": false,
          "label": "Egypt",
          "validFor": null,
          "value": "EG"
        },
        {
          "active": true,
          "defaultValue": false,
          "label": "Equatorial Guinea",
          "validFor": null,
          "value": "GQ"
        },
        {
          "active": true,
          "defaultValue": false,
          "label": "El Salvador",
          "validFor": null,
          "value": "SV"
        },
        {
          "active": true,
          "defaultValue": false,
          "label": "Eritrea",
          "validFor": null,
          "value": "ER"
        },
        {
          "active": true,
          "defaultValue": false,
          "label": "Estonia",
          "validFor": null,
          "value": "EE"
        },
        {
          "active": true,
          "defaultValue": false,
          "label": "Ethiopia",
          "validFor": null,
          "value": "ET"
        },
        {
          "active": true,
          "defaultValue": false,
          "label": "Falkland Islands (Malvinas)",
          "validFor": null,
          "value": "FK"
        },
        {
          "active": true,
          "defaultValue": false,
          "label": "Faroe Islands",
          "validFor": null,
          "value": "FO"
        },
        {
          "active": true,
          "defaultValue": false,
          "label": "Fiji",
          "validFor": null,
          "value": "FJ"
        },
        {
          "active": true,
          "defaultValue": false,
          "label": "Finland",
          "validFor": null,
          "value": "FI"
        },
        {
          "active": true,
          "defaultValue": false,
          "label": "France",
          "validFor": null,
          "value": "FR"
        },
        {
          "active": true,
          "defaultValue": false,
          "label": "French Guiana",
          "validFor": null,
          "value": "GF"
        },
        {
          "active": true,
          "defaultValue": false,
          "label": "French Polynesia",
          "validFor": null,
          "value": "PF"
        },
        {
          "active": true,
          "defaultValue": false,
          "label": "Gabon",
          "validFor": null,
          "value": "GA"
        },
        {
          "active": true,
          "defaultValue": false,
          "label": "Gambia",
          "validFor": null,
          "value": "GM"
        },
        {
          "active": true,
          "defaultValue": false,
          "label": "Georgia",
          "validFor": null,
          "value": "GE"
        },
        {
          "active": true,
          "defaultValue": false,
          "label": "Germany",
          "validFor": null,
          "value": "DE"
        },
        {
          "active": true,
          "defaultValue": false,
          "label": "Ghana",
          "validFor": null,
          "value": "GH"
        },
        {
          "active": true,
          "defaultValue": false,
          "label": "Gibraltar",
          "validFor": null,
          "value": "GI"
        },
        {
          "active": true,
          "defaultValue": false,
          "label": "Greece",
          "validFor": null,
          "value": "GR"
        },
        {
          "active": true,
          "defaultValue": false,
          "label": "Greenland",
          "validFor": null,
          "value": "GL"
        },
        {
          "active": true,
          "defaultValue": false,
          "label": "Grenada",
          "validFor": null,
          "value": "GD"
        },
        {
          "active": true,
          "defaultValue": false,
          "label": "Guadeloupe",
          "validFor": null,
          "value": "GP"
        },
        {
          "active": true,
          "defaultValue": false,
          "label": "Guam",
          "validFor": null,
          "value": "GU"
        },
        {
          "active": true,
          "defaultValue": false,
          "label": "Guatemala",
          "validFor": null,
          "value": "GT"
        },
        {
          "active": true,
          "defaultValue": false,
          "label": "Guinea",
          "validFor": null,
          "value": "GN"
        },
        {
          "active": true,
          "defaultValue": false,
          "label": "Guinea-Bissau",
          "validFor": null,
          "value": "GW"
        },
        {
          "active": true,
          "defaultValue": false,
          "label": "Guyana",
          "validFor": null,
          "value": "GY"
        },
        {
          "active": true,
          "defaultValue": false,
          "label": "Haiti",
          "validFor": null,
          "value": "HT"
        },
        {
          "active": true,
          "defaultValue": false,
          "label": "Honduras",
          "validFor": null,
          "value": "HN"
        },
        {
          "active": true,
          "defaultValue": false,
          "label": "Hong Kong",
          "validFor": null,
          "value": "HK"
        },
        {
          "active": true,
          "defaultValue": false,
          "label": "Hungary",
          "validFor": null,
          "value": "HU"
        },
        {
          "active": true,
          "defaultValue": false,
          "label": "Iceland",
          "validFor": null,
          "value": "IS"
        },
        {
          "active": true,
          "defaultValue": false,
          "label": "India",
          "validFor": null,
          "value": "IN"
        },
        {
          "active": true,
          "defaultValue": false,
          "label": "Indonesia",
          "validFor": null,
          "value": "ID"
        },
        {
          "active": true,
          "defaultValue": false,
          "label": "Iraq",
          "validFor": null,
          "value": "IQ"
        },
        {
          "active": true,
          "defaultValue": false,
          "label": "Iran, Islamic Republic of",
          "validFor": null,
          "value": "IR"
        },
        {
          "active": true,
          "defaultValue": false,
          "label": "Ireland",
          "validFor": null,
          "value": "IE"
        },
        {
          "active": true,
          "defaultValue": false,
          "label": "Israel",
          "validFor": null,
          "value": "IL"
        },
        {
          "active": true,
          "defaultValue": false,
          "label": "Italy",
          "validFor": null,
          "value": "IT"
        },
        {
          "active": true,
          "defaultValue": false,
          "label": "Japan",
          "validFor": null,
          "value": "JP"
        },
        {
          "active": true,
          "defaultValue": false,
          "label": "Jamaica",
          "validFor": null,
          "value": "JM"
        },
        {
          "active": true,
          "defaultValue": false,
          "label": "Jordan",
          "validFor": null,
          "value": "JO"
        },
        {
          "active": true,
          "defaultValue": false,
          "label": "Kazakhstan",
          "validFor": null,
          "value": "KZ"
        },
        {
          "active": true,
          "defaultValue": false,
          "label": "Kenya",
          "validFor": null,
          "value": "KE"
        },
        {
          "active": true,
          "defaultValue": false,
          "label": "Kiribati",
          "validFor": null,
          "value": "KI"
        },
        {
          "active": true,
          "defaultValue": false,
          "label": "Korea, Republic of",
          "validFor": null,
          "value": "KR"
        },
        {
          "active": true,
          "defaultValue": false,
          "label": "Kuwait",
          "validFor": null,
          "value": "KW"
        },
        {
          "active": true,
          "defaultValue": false,
          "label": "Kyrgyzstan",
          "validFor": null,
          "value": "KG"
        },
        {
          "active": true,
          "defaultValue": false,
          "label": "Lao People's Democratic Republic",
          "validFor": null,
          "value": "LA"
        },
        {
          "active": true,
          "defaultValue": false,
          "label": "Latvia",
          "validFor": null,
          "value": "LV"
        },
        {
          "active": true,
          "defaultValue": false,
          "label": "Lebanon",
          "validFor": null,
          "value": "LB"
        },
        {
          "active": true,
          "defaultValue": false,
          "label": "Lesotho",
          "validFor": null,
          "value": "LS"
        },
        {
          "active": true,
          "defaultValue": false,
          "label": "Liberia",
          "validFor": null,
          "value": "LR"
        },
        {
          "active": true,
          "defaultValue": false,
          "label": "Libya",
          "validFor": null,
          "value": "LY"
        },
        {
          "active": true,
          "defaultValue": false,
          "label": "Liechtenstein",
          "validFor": null,
          "value": "LI"
        },
        {
          "active": true,
          "defaultValue": false,
          "label": "Lithuania",
          "validFor": null,
          "value": "LT"
        },
        {
          "active": true,
          "defaultValue": false,
          "label": "Luxembourg",
          "validFor": null,
          "value": "LU"
        },
        {
          "active": true,
          "defaultValue": false,
          "label": "Macao",
          "validFor": null,
          "value": "MO"
        },
        {
          "active": true,
          "defaultValue": false,
          "label": "North Macedonia",
          "validFor": null,
          "value": "MK"
        },
        {
          "active": true,
          "defaultValue": false,
          "label": "Madagascar",
          "validFor": null,
          "value": "MG"
        },
        {
          "active": true,
          "defaultValue": false,
          "label": "Malawi",
          "validFor": null,
          "value": "MW"
        },
        {
          "active": true,
          "defaultValue": false,
          "label": "Malaysia",
          "validFor": null,
          "value": "MY"
        },
        {
          "active": true,
          "defaultValue": false,
          "label": "Mali",
          "validFor": null,
          "value": "ML"
        },
        {
          "active": true,
          "defaultValue": false,
          "label": "Maldives",
          "validFor": null,
          "value": "MV"
        },
        {
          "active": true,
          "defaultValue": false,
          "label": "Malta",
          "validFor": null,
          "value": "MT"
        },
        {
          "active": true,
          "defaultValue": false,
          "label": "Marshall Islands",
          "validFor": null,
          "value": "MH"
        },
        {
          "active": true,
          "defaultValue": false,
          "label": "Martinique",
          "validFor": null,
          "value": "MQ"
        },
        {
          "active": true,
          "defaultValue": false,
          "label": "Mauritania",
          "validFor": null,
          "value": "MR"
        },
        {
          "active": true,
          "defaultValue": false,
          "label": "Mauritius",
          "validFor": null,
          "value": "MU"
        },
        {
          "active": true,
          "defaultValue": false,
          "label": "Mexico",
          "validFor": null,
          "value": "MX"
        },
        {
          "active": true,
          "defaultValue": false,
          "label": "Micronesia",
          "validFor": null,
          "value": "FM"
        },
        {
          "active": true,
          "defaultValue": false,
          "label": "Moldova, Republic of",
          "validFor": null,
          "value": "MD"
        },
        {
          "active": true,
          "defaultValue": false,
          "label": "Monaco",
          "validFor": null,
          "value": "MC"
        },
        {
          "active": true,
          "defaultValue": false,
          "label": "Montserrat",
          "validFor": null,
          "value": "MS"
        },
        {
          "active": true,
          "defaultValue": false,
          "label": "Morocco",
          "validFor": null,
          "value": "MA"
        },
        {
          "active": true,
          "defaultValue": false,
          "label": "Mozambique",
          "validFor": null,
          "value": "MZ"
        },
        {
          "active": true,
          "defaultValue": false,
          "label": "Myanmar",
          "validFor": null,
          "value": "MM"
        },
        {
          "active": true,
          "defaultValue": false,
          "label": "Namibia",
          "validFor": null,
          "value": "NA"
        },
        {
          "active": true,
          "defaultValue": false,
          "label": "Nauru",
          "validFor": null,
          "value": "NR"
        },
        {
          "active": true,
          "defaultValue": false,
          "label": "Nepal",
          "validFor": null,
          "value": "NP"
        },
        {
          "active": true,
          "defaultValue": false,
          "label": "Netherlands Antilles",
          "validFor": null,
          "value": "AN"
        },
        {
          "active": true,
          "defaultValue": false,
          "label": "New Caledonia",
          "validFor": null,
          "value": "NC"
        },
        {
          "active": true,
          "defaultValue": false,
          "label": "New Zealand",
          "validFor": null,
          "value": "NZ"
        },
        {
          "active": true,
          "defaultValue": false,
          "label": "Nicaragua",
          "validFor": null,
          "value": "NI"
        },
        {
          "active": true,
          "defaultValue": false,
          "label": "Niger",
          "validFor": null,
          "value": "NE"
        },
        {
          "active": true,
          "defaultValue": false,
          "label": "Nigeria",
          "validFor": null,
          "value": "NG"
        },
        {
          "active": true,
          "defaultValue": false,
          "label": "Netherlands",
          "validFor": null,
          "value": "NL"
        },
        {
          "active": true,
          "defaultValue": false,
          "label": "Norfolk Island",
          "validFor": null,
          "value": "NF"
        },
        {
          "active": true,
          "defaultValue": false,
          "label": "Norway",
          "validFor": null,
          "value": "NO"
        },
        {
          "active": true,
          "defaultValue": false,
          "label": "Northern Mariana Islands",
          "validFor": null,
          "value": "MP"
        },
        {
          "active": true,
          "defaultValue": false,
          "label": "Oman",
          "validFor": null,
          "value": "OM"
        },
        {
          "active": true,
          "defaultValue": false,
          "label": "Pakistan",
          "validFor": null,
          "value": "PK"
        },
        {
          "active": true,
          "defaultValue": false,
          "label": "Panama",
          "validFor": null,
          "value": "PA"
        },
        {
          "active": true,
          "defaultValue": false,
          "label": "Papua New Guinea",
          "validFor": null,
          "value": "PG"
        },
        {
          "active": true,
          "defaultValue": false,
          "label": "Paraguay",
          "validFor": null,
          "value": "PY"
        },
        {
          "active": true,
          "defaultValue": false,
          "label": "Peru",
          "validFor": null,
          "value": "PE"
        },
        {
          "active": true,
          "defaultValue": false,
          "label": "Philippines",
          "validFor": null,
          "value": "PH"
        },
        {
          "active": true,
          "defaultValue": false,
          "label": "Poland",
          "validFor": null,
          "value": "PL"
        },
        {
          "active": true,
          "defaultValue": false,
          "label": "Portugal",
          "validFor": null,
          "value": "PT"
        },
        {
          "active": true,
          "defaultValue": false,
          "label": "Qatar",
          "validFor": null,
          "value": "QA"
        },
        {
          "active": true,
          "defaultValue": false,
          "label": "Reunion",
          "validFor": null,
          "value": "RE"
        },
        {
          "active": true,
          "defaultValue": false,
          "label": "Romania",
          "validFor": null,
          "value": "RO"
        },
        {
          "active": true,
          "defaultValue": false,
          "label": "Russian Federation",
          "validFor": null,
          "value": "RU"
        },
        {
          "active": true,
          "defaultValue": false,
          "label": "Rwanda",
          "validFor": null,
          "value": "RW"
        },
        {
          "active": true,
          "defaultValue": false,
          "label": "Saint Helena, Ascension and Tristan da Cunha",
          "validFor": null,
          "value": "SH"
        },
        {
          "active": true,
          "defaultValue": false,
          "label": "Saint Kitts and Nevis",
          "validFor": null,
          "value": "KN"
        },
        {
          "active": true,
          "defaultValue": false,
          "label": "Saint Lucia",
          "validFor": null,
          "value": "LC"
        },
        {
          "active": true,
          "defaultValue": false,
          "label": "Saint Vincent and the Grenadines",
          "validFor": null,
          "value": "VC"
        },
        {
          "active": true,
          "defaultValue": false,
          "label": "Samoa",
          "validFor": null,
          "value": "WS"
        },
        {
          "active": true,
          "defaultValue": false,
          "label": "San Marino",
          "validFor": null,
          "value": "SM"
        },
        {
          "active": true,
          "defaultValue": false,
          "label": "Sao Tome and Principe",
          "validFor": null,
          "value": "ST"
        },
        {
          "active": true,
          "defaultValue": false,
          "label": "Saudi Arabia",
          "validFor": null,
          "value": "SA"
        },
        {
          "active": true,
          "defaultValue": false,
          "label": "Senegal",
          "validFor": null,
          "value": "SN"
        },
        {
          "active": true,
          "defaultValue": false,
          "label": "Serbia and Montenegro",
          "validFor": null,
          "value": "CS"
        },
        {
          "active": true,
          "defaultValue": false,
          "label": "Seychelles",
          "validFor": null,
          "value": "SC"
        },
        {
          "active": true,
          "defaultValue": false,
          "label": "Sierra Leone",
          "validFor": null,
          "value": "SL"
        },
        {
          "active": true,
          "defaultValue": false,
          "label": "Singapore",
          "validFor": null,
          "value": "SG"
        },
        {
          "active": true,
          "defaultValue": false,
          "label": "Slovakia",
          "validFor": null,
          "value": "SK"
        },
        {
          "active": true,
          "defaultValue": false,
          "label": "Slovenia",
          "validFor": null,
          "value": "SI"
        },
        {
          "active": true,
          "defaultValue": false,
          "label": "Solomon Islands",
          "validFor": null,
          "value": "SB"
        },
        {
          "active": true,
          "defaultValue": false,
          "label": "Somalia",
          "validFor": null,
          "value": "SO"
        },
        {
          "active": true,
          "defaultValue": false,
          "label": "South Africa",
          "validFor": null,
          "value": "ZA"
        },
        {
          "active": true,
          "defaultValue": false,
          "label": "Spain",
          "validFor": null,
          "value": "ES"
        },
        {
          "active": true,
          "defaultValue": false,
          "label": "Sri Lanka",
          "validFor": null,
          "value": "LK"
        },
        {
          "active": true,
          "defaultValue": false,
          "label": "Sudan",
          "validFor": null,
          "value": "SD"
        },
        {
          "active": true,
          "defaultValue": false,
          "label": "Suriname",
          "validFor": null,
          "value": "SR"
        },
        {
          "active": true,
          "defaultValue": false,
          "label": "Eswatini",
          "validFor": null,
          "value": "SZ"
        },
        {
          "active": true,
          "defaultValue": false,
          "label": "Sweden",
          "validFor": null,
          "value": "SE"
        },
        {
          "active": true,
          "defaultValue": false,
          "label": "Switzerland",
          "validFor": null,
          "value": "CH"
        },
        {
          "active": true,
          "defaultValue": false,
          "label": "Syrian Arab Republic",
          "validFor": null,
          "value": "SY"
        },
        {
          "active": true,
          "defaultValue": false,
          "label": "Taiwan",
          "validFor": null,
          "value": "TW"
        },
        {
          "active": true,
          "defaultValue": false,
          "label": "Tajikistan",
          "validFor": null,
          "value": "TJ"
        },
        {
          "active": true,
          "defaultValue": false,
          "label": "Tanzania, United Republic of",
          "validFor": null,
          "value": "TZ"
        },
        {
          "active": true,
          "defaultValue": false,
          "label": "Thailand",
          "validFor": null,
          "value": "TH"
        },
        {
          "active": true,
          "defaultValue": false,
          "label": "Timor-Leste",
          "validFor": null,
          "value": "TL"
        },
        {
          "active": true,
          "defaultValue": false,
          "label": "Togo",
          "validFor": null,
          "value": "TG"
        },
        {
          "active": true,
          "defaultValue": false,
          "label": "Tokelau",
          "validFor": null,
          "value": "TK"
        },
        {
          "active": true,
          "defaultValue": false,
          "label": "Tonga",
          "validFor": null,
          "value": "TO"
        },
        {
          "active": true,
          "defaultValue": false,
          "label": "Trinidad and Tobago",
          "validFor": null,
          "value": "TT"
        },
        {
          "active": true,
          "defaultValue": false,
          "label": "Tunisia",
          "validFor": null,
          "value": "TN"
        },
        {
          "active": true,
          "defaultValue": false,
          "label": "Türkiye",
          "validFor": null,
          "value": "TR"
        },
        {
          "active": true,
          "defaultValue": false,
          "label": "Turkmenistan",
          "validFor": null,
          "value": "TM"
        },
        {
          "active": true,
          "defaultValue": false,
          "label": "Turks and Caicos Islands",
          "validFor": null,
          "value": "TC"
        },
        {
          "active": true,
          "defaultValue": false,
          "label": "Tuvalu",
          "validFor": null,
          "value": "TV"
        },
        {
          "active": true,
          "defaultValue": false,
          "label": "Uganda",
          "validFor": null,
          "value": "UG"
        },
        {
          "active": true,
          "defaultValue": false,
          "label": "Ukraine",
          "validFor": null,
          "value": "UA"
        },
        {
          "active": true,
          "defaultValue": false,
          "label": "United Arab Emirates",
          "validFor": null,
          "value": "AE"
        },
        {
          "active": true,
          "defaultValue": false,
          "label": "United Kingdom",
          "validFor": null,
          "value": "GB"
        },
        {
          "active": true,
          "defaultValue": false,
          "label": "United States",
          "validFor": null,
          "value": "US"
        },
        {
          "active": true,
          "defaultValue": false,
          "label": "United States Minor Outlying Islands",
          "validFor": null,
          "value": "UM"
        },
        {
          "active": true,
          "defaultValue": false,
          "label": "Uruguay",
          "validFor": null,
          "value": "UY"
        },
        {
          "active": true,
          "defaultValue": false,
          "label": "Uzbekistan",
          "validFor": null,
          "value": "UZ"
        },
        {
          "active": true,
          "defaultValue": false,
          "label": "Vanuatu",
          "validFor": null,
          "value": "VU"
        },
        {
          "active": true,
          "defaultValue": false,
          "label": "Venezuela, Bolivarian Republic of",
          "validFor": null,
          "value": "VE"
        },
        {
          "active": true,
          "defaultValue": false,
          "label": "Vietnam",
          "validFor": null,
          "value": "VN"
        },
        {
          "active": true,
          "defaultValue": false,
          "label": "Virgin Islands, British",
          "validFor": null,
          "value": "VG"
        },
        {
          "active": true,
          "defaultValue": false,
          "label": "Yemen",
          "validFor": null,
          "value": "YE"
        },
        {
          "active": true,
          "defaultValue": false,
          "label": "Zambia",
          "validFor": null,
          "value": "ZM"
        },
        {
          "active": true,
          "defaultValue": false,
          "label": "Zimbabwe",
          "validFor": null,
          "value": "ZW"
        }
      ],
      "referenceTo": [],
      "relationshipName": null,
      "sortable": false,
      "type": "picklist"
    },
    {
      "aggregatable": false,
      "custom": false,
      "defaultValue": null,
      "extraTypeInfo": null,
      "filterable": true,
      "groupable": true,
      "inlineHelpText": null,
      "label": "Zip",
      "name": "Zip",
      "nillable": true,
      "picklistValues": [],
      "referenceTo": [],
      "relationshipName": null,
      "sortable": false,
      "type": "string"
    },
    {
      "aggregatable": false,
      "custom": false,
      "defaultValue": null,
      "extraTypeInfo": null,
      "filterable": true,
      "groupable": true,
      "inlineHelpText": null,
      "label": "Location Type",
      "name": "Site",
      "nillable": true,
      "picklistValues": [
        {
          "active": true,
          "defaultValue": false,
          "label": "Branch",
          "validFor": null,
          "value": "Branch"
        },
        {
          "active": true,
          "defaultValue": false,
          "label": "Headquarters",
          "validFor": null,
          "value": "Headquarters"
        },
        {
          "active": true,
          "defaultValue": false,
          "label": "Single Location",
          "validFor": null,
          "value": "Single Location"
        }
      ],
      "referenceTo": [],
      "relationshipName": null,
      "sortable": false,
      "type": "picklist"
    },
    {
      "aggregatable": false,
      "custom": false,
      "defaultValue": null,
      "extraTypeInfo": null,
      "filterable": false,
      "groupable": true,
      "inlineHelpText": null,
      "label": "Industry",
      "name": "Industry",
      "nillable": true,
      "picklistValues": [],
      "referenceTo": [],
      "relationshipName": null,
      "sortable": false,
      "type": "string"
    },
    {
      "aggregatable": false,
      "custom": false,
      "defaultValue": null,
      "extraTypeInfo": null,
      "filterable": true,
      "groupable": true,
      "inlineHelpText": null,
      "label": "Employee Count",
      "name": "NumberOfEmployees",
      "nillable": true,
      "picklistValues": [],
      "referenceTo": [],
      "relationshipName": null,
      "sortable": false,
      "type": "int"
    },
    {
      "aggregatable": false,
      "custom": false,
      "defaultValue": null,
      "extraTypeInfo": null,
      "filterable": true,
      "groupable": false,
      "inlineHelpText": null,
      "label": "Annual Revenue",
      "name": "AnnualRevenue",
      "nillable": true,
      "picklistValues": [],
      "referenceTo": [],
      "relationshipName": null,
      "sortable": false,
      "type": "currency"
    },
    {
      "aggregatable": false,
      "custom": false,
      "defaultValue": null,
      "extraTypeInfo": null,
      "filterable": true,
      "groupable": true,
      "inlineHelpText": null,
      "label": "Duns Number",
      "name": "DunsNumber",
      "nillable": true,
      "picklistValues": [],
      "referenceTo": [],
      "relationshipName": null,
      "sortable": false,
      "type": "string"
    },
    {
      "aggregatable": false,
      "custom": false,
      "defaultValue": null,
      "extraTypeInfo": null,
      "filterable": true,
      "groupable": true,
      "inlineHelpText": null,
      "label": "NAICS Code",
      "name": "NaicsCode",
      "nillable": true,
      "picklistValues": [],
      "referenceTo": [],
      "relationshipName": null,
      "sortable": false,
      "type": "string"
    },
    {
      "aggregatable": false,
      "custom": false,
      "defaultValue": null,
      "extraTypeInfo": null,
      "filterable": false,
      "groupable": true,
      "inlineHelpText": null,
      "label": "NAICS Description",
      "name": "NaicsDesc",
      "nillable": true,
      "picklistValues": [],
      "referenceTo": [],
      "relationshipName": null,
      "sortable": false,
      "type": "string"
    },
    {
      "aggregatable": false,
      "custom": false,
      "defaultValue": null,
      "extraTypeInfo": null,
      "filterable": true,
      "groupable": true,
      "inlineHelpText": null,
      "label": "SIC Code",
      "name": "Sic",
      "nillable": true,
      "picklistValues": [],
      "referenceTo": [],
      "relationshipName": null,
      "sortable": false,
      "type": "string"
    },
    {
      "aggregatable": false,
      "custom": false,
      "defaultValue": null,
      "extraTypeInfo": null,
      "filterable": false,
      "groupable": true,
      "inlineHelpText": null,
      "label": "SIC Description",
      "name": "SicDesc",
      "nillable": true,
      "picklistValues": [],
      "referenceTo": [],
      "relationshipName": null,
      "sortable": false,
      "type": "string"
    },
    {
      "aggregatable": false,
      "custom": false,
      "defaultValue": null,
      "extraTypeInfo": null,
      "filterable": true,
      "groupable": true,
      "inlineHelpText": null,
      "label": "Ownership Status",
      "name": "Ownership",
      "nillable": true,
      "picklistValues": [],
      "referenceTo": [],
      "relationshipName": null,
      "sortable": false,
      "type": "string"
    },
    {
      "aggregatable": false,
      "custom": false,
      "defaultValue": false,
      "extraTypeInfo": null,
      "filterable": false,
      "groupable": true,
      "inlineHelpText": null,
      "label": "Owned",
      "name": "IsOwned",
      "nillable": false,
      "picklistValues": [],
      "referenceTo": [],
      "relationshipName": null,
      "sortable": false,
      "type": "boolean"
    },
    {
      "aggregatable": false,
      "custom": false,
      "defaultValue": null,
      "extraTypeInfo": null,
      "filterable": false,
      "groupable": true,
      "inlineHelpText": null,
      "label": "Stock Ticker Symbol",
      "name": "TickerSymbol",
      "nillable": true,
      "picklistValues": [],
      "referenceTo": [],
      "relationshipName": null,
      "sortable": false,
      "type": "string"
    },
    {
      "aggregatable": false,
      "custom": false,
      "defaultValue": null,
      "extraTypeInfo": null,
      "filterable": false,
      "groupable": true,
      "inlineHelpText": null,
      "label": "Trade Style",
      "name": "TradeStyle",
      "nillable": true,
      "picklistValues": [],
      "referenceTo": [],
      "relationshipName": null,
      "sortable": false,
      "type": "string"
    },
    {
      "aggregatable": false,
      "custom": false,
      "defaultValue": null,
      "extraTypeInfo": null,
      "filterable": true,
      "groupable": true,
      "inlineHelpText": null,
      "label": "Company or Website",
      "name": "Website",
      "nillable": true,
      "picklistValues": [],
      "referenceTo": [],
      "relationshipName": null,
      "sortable": false,
      "type": "url"
    },
    {
      "aggregatable": false,
      "custom": false,
      "defaultValue": null,
      "extraTypeInfo": null,
      "filterable": false,
      "groupable": true,
      "inlineHelpText": null,
      "label": "Company Founding Date",
      "name": "YearStarted",
      "nillable": true,
      "picklistValues": [],
      "referenceTo": [],
      "relationshipName": null,
      "sortable": false,
      "type": "string"
    },
    {
      "aggregatable": false,
      "custom": false,
      "defaultValue": null,
      "extraTypeInfo": null,
      "filterable": false,
      "groupable": true,
      "inlineHelpText": null,
      "label": "Active Contacts",
      "name": "ActiveContacts",
      "nillable": true,
      "picklistValues": [],
      "referenceTo": [],
      "relationshipName": null,
      "sortable": true,
      "type": "int"
    },
    {
      "aggregatable": false,
      "custom": false,
      "defaultValue": null,
      "extraTypeInfo": null,
      "filterable": false,
      "groupable": false,
      "inlineHelpText": null,
      "label": "Updated Date",
      "name": "UpdatedDate",
      "nillable": true,
      "picklistValues": [],
      "referenceTo": [],
      "relationshipName": null,
      "sortable": true,
      "type": "datetime"
    },
    {
      "aggregatable": false,
      "custom": false,
      "defaultValue": null,
      "extraTypeInfo": null,
      "filterable": false,
      "groupable": true,
      "inlineHelpText": null,
      "label": "Fortune Rank",
      "name": "FortuneRank",
      "nillable": true,
      "picklistValues": [],
      "referenceTo": [],
      "relationshipName": null,
      "sortable": false,
      "type": "int"
    },
    {
      "aggregatable": false,
      "custom": false,
      "defaultValue": null,
      "extraTypeInfo": null,
      "filterable": false,
      "groupable": true,
      "inlineHelpText": null,
      "label": "Included In S&P 500",
      "name": "IncludedInSnP500",
      "nillable": true,
      "picklistValues": [],
      "referenceTo": [],
      "relationshipName": null,
      "sortable": false,
      "type": "string"
    },
    {
      "aggregatable": false,
      "custom": false,
      "defaultValue": null,
      "extraTypeInfo": null,
      "filterable": false,
      "groupable": true,
      "inlineHelpText": null,
      "label": "Premises Area Measurement",
      "name": "PremisesMeasure",
      "nillable": true,
      "picklistValues": [],
      "referenceTo": [],
      "relationshipName": null,
      "sortable": false,
      "type": "int"
    },
    {
      "aggregatable": false,
      "custom": false,
      "defaultValue": null,
      "extraTypeInfo": null,
      "filterable": false,
      "groupable": true,
      "inlineHelpText": null,
      "label": "Premises Area Measurement Reliability Text",
      "name": "PremisesMeasureReliability",
      "nillable": true,
      "picklistValues": [],
      "referenceTo": [],
      "relationshipName": null,
      "sortable": false,
      "type": "string"
    },
    {
      "aggregatable": false,
      "custom": false,
      "defaultValue": null,
      "extraTypeInfo": null,
      "filterable": false,
      "groupable": true,
      "inlineHelpText": null,
      "label": "Premises Area Unit of Measurement",
      "name": "PremisesMeasureUnit",
      "nillable": true,
      "picklistValues": [],
      "referenceTo": [],
      "relationshipName": null,
      "sortable": false,
      "type": "string"
    },
    {
      "aggregatable": false,
      "custom": false,
      "defaultValue": null,
      "extraTypeInfo": null,
      "filterable": false,
      "groupable": false,
      "inlineHelpText": null,
      "label": "Employee Quantity Growth Rate",
      "name": "EmployeeQuantityGrowthRate",
      "nillable": true,
      "picklistValues": [],
      "referenceTo": [],
      "relationshipName": null,
      "sortable": false,
      "type": "double"
    },
    {
      "aggregatable": false,
      "custom": false,
      "defaultValue": null,
      "extraTypeInfo": null,
      "filterable": false,
      "groupable": false,
      "inlineHelpText": null,
      "label": "Sales Turnover Growth Rate",
      "name": "SalesTurnoverGrowthRate",
      "nillable": true,
      "picklistValues": [],
      "referenceTo": [],
      "relationshipName": null,
      "sortable": false,
      "type": "double"
    },
    {
      "aggregatable": false,
      "custom": false,
      "defaultValue": null,
      "extraTypeInfo": null,
      "filterable": false,
      "groupable": true,
      "inlineHelpText": null,
      "label": "Prior Year Employee",
      "name": "PriorYearEmployees",
      "nillable": true,
      "picklistValues": [],
      "referenceTo": [],
      "relationshipName": null,
      "sortable": false,
      "type": "int"
    },
    {
      "aggregatable": false,
      "custom": false,
      "defaultValue": null,
      "extraTypeInfo": null,
      "filterable": false,
      "groupable": false,
      "inlineHelpText": null,
      "label": "Prior Year Revenue",
      "name": "PriorYearRevenue",
      "nillable": true,
      "picklistValues": [],
      "referenceTo": [],
      "relationshipName": null,
      "sortable": false,
      "type": "currency"
    },
    {
      "aggregatable": false,
      "custom": false,
      "defaultValue": false,
      "extraTypeInfo": null,
      "filterable": false,
      "groupable": true,
      "inlineHelpText": null,
      "label": "In CRM",
      "name": "IsInCrm",
      "nillable": false,
      "picklistValues": [],
      "referenceTo": [],
      "relationshipName": null,
      "sortable": false,
      "type": "boolean"
    },
    {
      "aggregatable": false,
      "custom": false,
      "defaultValue": null,
      "extraTypeInfo": null,
      "filterable": false,
      "groupable": true,
      "inlineHelpText": null,
      "label": "Address",
      "name": "FullAddress",
      "nillable": true,
      "picklistValues": [],
      "referenceTo": [],
      "relationshipName": null,
      "sortable": false,
      "type": "string"
    },
    {
      "aggregatable": false,
      "custom": false,
      "defaultValue": null,
      "extraTypeInfo": null,
      "filterable": false,
      "groupable": true,
      "inlineHelpText": null,
      "label": "Industry Codes",
      "name": "SicCodeDesc",
      "nillable": true,
      "picklistValues": [],
      "referenceTo": [],
      "relationshipName": null,
      "sortable": false,
      "type": "string"
    }
  ],
  "label": "Data.com Company",
  "childRelationships": [],
  "custom": false,
  "name": "DatacloudCompany",
  "queryable": true
}