{
  "fields": [
    {
      "aggregatable": false,
      "custom": false,
      "defaultValue": null,
      "extraTypeInfo": null,
      "filterable": true,
      "groupable": true,
      "inlineHelpText": null,
      "label": "Feed Item ID",
      "name": "Id",
      "nillable": false,
      "picklistValues": [],
      "referenceTo": [],
      "relationshipName": null,
      "sortable": true,
      "type": "id"
    },
    {
      "aggregatable": false,
      "custom": false,
      "defaultValue": null,
      "extraTypeInfo": null,
      "filterable": true,
      "groupable": true,
      "inlineHelpText": null,
      "label": "Parent ID",
      "name": "ParentId",
      "nillable": false,
      "picklistValues": [],
      "referenceTo": [
        "Account",
        "Asset",
        "AssetRelationship",
        "AssignedResource",
        "AuthorizationFormText",
        "Campaign",
        "Case",
        "ChannelProgram",
        "ChannelProgramLevel",
        "ChannelProgramMember",
        "CollaborationGroup",
        "CommSubscription",
        "CommSubscriptionChannelType",
        "CommSubscriptionConsent",
        "CommSubscriptionTiming",
        "ConsumptionSchedule",
        "Contact",
        "ContentDocument",
        "Contract",
        "ContractLineItem",
        "CreditMemo",
        "CreditMemoInvApplication",
        "CreditMemoLine",
        "Dashboard",
        "DashboardComponent",
        "DelegatedAccount",
        "EngagementChannelType",
        "EnhancedLetterhead",
        "Entitlement",
        "EntityMilestone",
        "Event",
        "FSL__Crew_Management_User_Settings_Territory__c",
        "FSL__Crew_Management_User_Settings__c",
        "FSL__Criteria__c",
        "FSL__FSL_Operation__c",
        "FSL__GanttPalette__c",
        "FSL__Gantt_Filter__c",
        "FSL__Optimization_Data__c",
        "FSL__Optimization_Request_Queue__c",
        "FSL__Optimization_Request__c",
        "FSL__Polygon__c",
        "FSL__SLR_Cache__c",
        "FSL__SchedulingRecipe__c",
        "FSL__Scheduling_Policy_Goal__c",
        "FSL__Scheduling_Policy_Work_Rule__c",
        "FSL__Scheduling_Policy__c",
        "FSL__Service_Goal__c",
        "FSL__Territory_Optimization_Request__c",
        "FSL__Time_Dependency__c",
        "FSL__UserSetting__c",
        "FSL__User_Setting_Territory__c",
        "FSL__User_Territory__c",
        "FSL__Work_Rule__c",
        "Image",
        "IntFW__APTTaskTemplate__c",
        "IntFW__APTaskTemplate__c",
        "IntFW__ActionPlanTemplate__c",
        "IntFW__ActionPlan__c",
        "IntFW__Action_Plans_Settings__c",
        "IntFW__Application_Log__c",
        "IntFW__Article__ka",
        "IntFW__Cust_Search_Setting__c",
        "IntFW__EventImage__c",
        "IntFW__Image_list__c",
        "IntFW__Integration_FW_Sample__c",
        "IntFW__Integration_Log__c",
        "IntFW__InterfaceFrameworkLogging__c",
        "IntFW__Lazada_Endpoint__c",
        "IntFW__MaskingInterfaceDataAcess__c",
        "IntFW__MasterData__c",
        "IntFW__PrivateTestObject__c",
        "IntFW__ReadOnlyTestObject__c",
        "IntFW__TwilioConfig__c",
        "IntFW__Vehicle__c",
        "IntFW__Work_Part__c",
        "Invoice",
        "InvoiceLine",
        "JobProfile",
        "Lead",
        "LegalEntity",
        "LiveChatTranscript",
        "Location",
        "MaintenanceAsset",
        "MaintenancePlan",
        "MessagingSession",
        "OperatingHours",
        "Opportunity",
        "Order",
        "OrderItem",
        "PartnerFundAllocation",
        "PartnerFundClaim",
        "PartnerFundRequest",
        "PartnerMarketingBudget",
        "PartyConsent",
        "Payment",
        "Product2",
        "ProductConsumed",
        "ProductItem",
        "ProductItemTransaction",
        "ProductRequest",
        "ProductRequestLineItem",
        "ProductRequired",
        "ProductTransfer",
        "Report",
        "ResourceAbsence",
        "ResourcePreference",
        "ReturnOrder",
        "ReturnOrderLineItem",
        "ServiceAppointment",
        "ServiceContract",
        "ServiceCrew",
        "ServiceCrewMember",
        "ServiceResource",
        "ServiceResourceCapacity",
        "ServiceResourceSkill",
        "ServiceTerritory",
        "ServiceTerritoryLocation",
        "ServiceTerritoryMember",
        "Shift",
        "Shipment",
        "Site",
        "SkillRequirement",
        "Solution",
        "Task",
        "Territory2Model",
        "TimeSheet",
        "TimeSheetEntry",
        "Topic",
        "User",
        "WorkOrder",
        "WorkOrderLineItem",
        "WorkType",
        "WorkTypeGroup",
        "WorkTypeGroupMember",
        "et4ae5__AggregateLink__c",
        "et4ae5__Automated_Send__c",
        "et4ae5__Business_Unit__c",
        "et4ae5__Campaign_Member_Configuration__c",
        "et4ae5__Configuration__c",
        "et4ae5__ET4AEConfig__c",
        "et4ae5__ET4AE_Config__c",
        "et4ae5__Email_Linkage__c",
        "et4ae5__IndividualEmailResult__c",
        "et4ae5__IndividualLink__c",
        "et4ae5__MC_CDC_Journey__c",
        "et4ae5__SMSDefinition__c",
        "et4ae5__SMSJunction__c",
        "et4ae5__SendDefinition__c",
        "et4ae5__SendJunction__c",
        "et4ae5__SupportRequest__c",
        "et4ae5__Triggered_Send_Execution__c",
        "et4ae5__UEBU__c",
        "et4ae5__abTest__c",
        "mcdm_15__ApprovalsPageSettings__c",
        "mcdm_15__Blacklist__c",
        "mcdm_15__Bulk_Send_Batch__c",
        "mcdm_15__Bulk_Send_Job__c",
        "mcdm_15__CampaignMemberSortField__c",
        "mcdm_15__DMAsyncSendJobResult__c",
        "mcdm_15__DMAsyncSendMemberError__c",
        "mcdm_15__DMTenantSpecificEndpointSupport__c",
        "mcdm_15__DMUserFavorite__c",
        "mcdm_15__DM_Activity_Log__c",
        "mcdm_15__DM_Auto_Send__c",
        "mcdm_15__DefaultCampaignPersonalization__c",
        "mcdm_15__DefaultPersonalizationSettings__c",
        "mcdm_15__GreetingMapping__c",
        "mcdm_15__JourneyApprovalsPlugin__c",
        "mcdm_15__LinkedBusinessUnit__c",
        "mcdm_15__MarketingCloudJourney__x",
        "mcdm_15__MarketingCloudLinkedJourney__c",
        "mcdm_15__ObjectPlugin__c",
        "mcdm_15__PersonalizationFieldMap__c",
        "mcdm_15__QuickSendJourney__c",
        "mcdm_15__ScheduledSendSubmission__c",
        "mcdm_15__ScheduledSend__c",
        "mcdm_15__SendCapLog__c",
        "mcdm_15__SubmissionP13n__c",
        "mcdm_15__SubmissionSendSettings__c",
        "mcdm_15__Submission__c",
        "mcdm_15__ValidDomains__c"
      ],
      "relationshipName": "Parent",
      "sortable": true,
      "type": "reference"
    },
    {
      "aggregatable": false,
      "custom": false,
      "defaultValue": null,
      "extraTypeInfo": null,
      "filterable": true,
      "groupable": true,
      "inlineHelpText": null,
      "label": "Feed Item Type",
      "name": "Type",
      "nillable": true,
      "picklistValues": [
        {
          "active": true,
          "defaultValue": false,
          "label": "Tracked Change",
          "validFor": null,
          "value": "TrackedChange"
        },
        {
          "active": true,
          "defaultValue": false,
          "label": "User Status",
          "validFor": null,
          "value": "UserStatus"
        },
        {
          "active": true,
          "defaultValue": false,
          "label": "Text Post",
          "validFor": null,
          "value": "TextPost"
        },
        {
          "active": true,
          "defaultValue": false,
          "label": "Advanced Text Post",
          "validFor": null,
          "value": "AdvancedTextPost"
        },
        {
          "active": true,
          "defaultValue": false,
          "label": "Link Post",
          "validFor": null,
          "value": "LinkPost"
        },
        {
          "active": true,
          "defaultValue": false,
          "label": "Content Post",
          "validFor": null,
          "value": "ContentPost"
        },
        {
          "active": true,
          "defaultValue": false,
          "label": "Poll",
          "validFor": null,
          "value": "PollPost"
        },
        {
          "active": true,
          "defaultValue": false,
          "label": "WDC Thanks",
          "validFor": null,
          "value": "RypplePost"
        },
        {
          "active": true,
          "defaultValue": false,
          "label": "Profile Skill Post",
          "validFor": null,
          "value": "ProfileSkillPost"
        },
        {
          "active": true,
          "defaultValue": false,
          "label": "Dashboard Component Snapshot",
          "validFor": null,
          "value": "DashboardComponentSnapshot"
        },
        {
          "active": true,
          "defaultValue": false,
          "label": "Approval Post",
          "validFor": null,
          "value": "ApprovalPost"
        },
        {
          "active": true,
          "defaultValue": false,
          "label": "Case Comment Feed",
          "validFor": null,
          "value": "CaseCommentPost"
        },
        {
          "active": true,
          "defaultValue": false,
          "label": "Reply Post",
          "validFor": null,
          "value": "ReplyPost"
        },
        {
          "active": true,
          "defaultValue": false,
          "label": "Email Message Feed",
          "validFor": null,
          "value": "EmailMessageEvent"
        },
        {
          "active": true,
          "defaultValue": false,
          "label": "Call Log Feed",
          "validFor": null,
          "value": "CallLogPost"
        },
        {
          "active": true,
          "defaultValue": false,
          "label": "Change Status Feed",
          "validFor": null,
          "value": "ChangeStatusPost"
        },
        {
          "active": true,
          "defaultValue": false,
          "label": "Attached Article",
          "validFor": null,
          "value": "AttachArticleEvent"
        },
        {
          "active": true,
          "defaultValue": false,
          "label": "Milestone Event",
          "validFor": null,
          "value": "MilestoneEvent"
        },
        {
          "active": true,
          "defaultValue": false,
          "label": "Activity Change",
          "validFor": null,
          "value": "ActivityEvent"
        },
        {
          "active": true,
          "defaultValue": false,
          "label": "Chat Transcript Post",
          "validFor": null,
          "value": "ChatTranscriptPost"
        },
        {
          "active": true,
          "defaultValue": false,
          "label": "Collaboration Group Created",
          "validFor": null,
          "value": "CollaborationGroupCreated"
        },
        {
          "active": true,
          "defaultValue": false,
          "label": "Collaboration Group Reactivated",
          "validFor": null,
          "value": "CollaborationGroupUnarchived"
        },
        {
          "active": true,
          "defaultValue": false,
          "label": "Social Post",
          "validFor": null,
          "value": "SocialPost"
        },
        {
          "active": true,
          "defaultValue": false,
          "label": "Question Post",
          "validFor": null,
          "value": "QuestionPost"
        },
        {
          "active": true,
          "defaultValue": false,
          "label": "Facebook Post",
          "validFor": null,
          "value": "FacebookPost"
        },
        {
          "active": true,
          "defaultValue": false,
          "label": "Basic Template Post",
          "validFor": null,
          "value": "BasicTemplateFeedItem"
        },
        {
          "active": true,
          "defaultValue": false,
          "label": "Created Record",
          "validFor": null,
          "value": "CreateRecordEvent"
        },
        {
          "active": true,
          "defaultValue": false,
          "label": "Canvas",
          "validFor": null,
          "value": "CanvasPost"
        },
        {
          "active": true,
          "defaultValue": false,
          "label": "a",
          "validFor": null,
          "value": "AnnouncementPost"
        }
      ],
      "referenceTo": [],
      "relationshipName": null,
      "sortable": true,
      "type": "picklist"
    },
    {
      "aggregatable": false,
      "custom": false,
      "defaultValue": null,
      "extraTypeInfo": null,
      "filterable": true,
      "groupable": true,
      "inlineHelpText": null,
      "label": "Created By ID",
      "name": "CreatedById",
      "nillable": false,
      "picklistValues": [],
      "referenceTo": [
        "User"
      ],
      "relationshipName": "CreatedBy",
      "sortable": true,
      "type": "reference"
    },
    {
      "aggregatable": false,
      "custom": false,
      "defaultValue": null,
      "extraTypeInfo": null,
      "filterable": true,
      "groupable": false,
      "inlineHelpText": null,
      "label": "Created Date",
      "name": "CreatedDate",
      "nillable": false,
      "picklistValues": [],
      "referenceTo": [],
      "relationshipName": null,
      "sortable": true,
      "type": "datetime"
    },
    {
      "aggregatable": false,
      "custom": false,
      "defaultValue": false,
      "extraTypeInfo": null,
      "filterable": true,
      "groupable": true,
      "inlineHelpText": null,
      "label": "Deleted",
      "name": "IsDeleted",
      "nillable": false,
      "picklistValues": [],
      "referenceTo": [],
      "relationshipName": null,
      "sortable": true,
      "type": "boolean"
    },
    {
      "aggregatable": false,
      "custom": false,
      "defaultValue": null,
      "extraTypeInfo": null,
      "filterable": true,
      "groupable": false,
      "inlineHelpText": null,
      "label": "Last Modified Date",
      "name": "LastModifiedDate",
      "nillable": false,
      "picklistValues": [],
      "referenceTo": [],
      "relationshipName": null,
      "sortable": true,
      "type": "datetime"
    },
    {
      "aggregatable": false,
      "custom": false,
      "defaultValue": null,
      "extraTypeInfo": null,
      "filterable": true,
      "groupable": false,
      "inlineHelpText": null,
      "label": "System Modstamp",
      "name": "SystemModstamp",
      "nillable": false,
      "picklistValues": [],
      "referenceTo": [],
      "relationshipName": null,
      "sortable": true,
      "type": "datetime"
    },
    {
      "aggregatable": false,
      "custom": false,
      "defaultValue": null,
      "extraTypeInfo": null,
      "filterable": true,
      "groupable": true,
      "inlineHelpText": null,
      "label": "Revision",
      "name": "Revision",
      "nillable": true,
      "picklistValues": [],
      "referenceTo": [],
      "relationshipName": null,
      "sortable": true,
      "type": "int"
    },
    {
      "aggregatable": false,
      "custom": false,
      "defaultValue": null,
      "extraTypeInfo": null,
      "filterable": true,
      "groupable": true,
      "inlineHelpText": null,
      "label": "Last Edit By ID",
      "name": "LastEditById",
      "nillable": true,
      "picklistValues": [],
      "referenceTo": [
        "User"
      ],
      "relationshipName": null,
      "sortable": true,
      "type": "reference"
    },
    {
      "aggregatable": false,
      "custom": false,
      "defaultValue": null,
      "extraTypeInfo": null,
      "filterable": true,
      "groupable": false,
      "inlineHelpText": null,
      "label": "Last Edit Date",
      "name": "LastEditDate",
      "nillable": true,
      "picklistValues": [],
      "referenceTo": [],
      "relationshipName": null,
      "sortable": true,
      "type": "datetime"
    },
    {
      "aggregatable": false,
      "custom": false,
      "defaultValue": null,
      "extraTypeInfo": null,
      "filterable": true,
      "groupable": true,
      "inlineHelpText": null,
      "label": "Partner Network Connection ID",
      "name": "ConnectionId",
      "nillable": true,
      "picklistValues": [],
      "referenceTo": [
        "PartnerNetworkConnection"
      ],
      "relationshipName": "Connection",
      "sortable": true,
      "type": "reference"
    },
    {
      "aggregatable": false,
      "custom": false,
      "defaultValue": null,
      "extraTypeInfo": null,
      "filterable": true,
      "groupable": true,
      "inlineHelpText": null,
      "label": "Comment Count",
      "name": "CommentCount",
      "nillable": false,
      "picklistValues": [],
      "referenceTo": [],
      "relationshipName": null,
      "sortable": true,
      "type": "int"
    },
    {
      "aggregatable": false,
      "custom": false,
      "defaultValue": null,
      "extraTypeInfo": null,
      "filterable": true,
      "groupable": true,
      "inlineHelpText": null,
      "label": "Like Count",
      "name": "LikeCount",
      "nillable": false,
      "picklistValues": [],
      "referenceTo": [],
      "relationshipName": null,
      "sortable": true,
      "type": "int"
    },
    {
      "aggregatable": false,
      "custom": false,
      "defaultValue": null,
      "extraTypeInfo": null,
      "filterable": true,
      "groupable": true,
      "inlineHelpText": null,
      "label": "Title",
      "name": "Title",
      "nillable": true,
      "picklistValues": [],
      "referenceTo": [],
      "relationshipName": null,
      "sortable": true,
      "type": "string"
    },
    {
      "aggregatable": false,
      "custom": false,
      "defaultValue": null,
      "extraTypeInfo": "plaintextarea",
      "filterable": false,
      "groupable": false,
      "inlineHelpText": null,
      "label": "Body",
      "name": "Body",
      "nillable": true,
      "picklistValues": [],
      "referenceTo": [],
      "relationshipName": null,
      "sortable": true,
      "type": "textarea"
    },
    {
      "aggregatable": false,
      "custom": false,
      "defaultValue": null,
      "extraTypeInfo": null,
      "filterable": false,
      "groupable": false,
      "inlineHelpText": null,
      "label": "Link Url",
      "name": "LinkUrl",
      "nillable": true,
      "picklistValues": [],
      "referenceTo": [],
      "relationshipName": null,
      "sortable": true,
      "type": "url"
    },
    {
      "aggregatable": false,
      "custom": false,
      "defaultValue": false,
      "extraTypeInfo": null,
      "filterable": true,
      "groupable": true,
      "inlineHelpText": null,
      "label": "Is Rich Text",
      "name": "IsRichText",
      "nillable": false,
      "picklistValues": [],
      "referenceTo": [],
      "relationshipName": null,
      "sortable": true,
      "type": "boolean"
    },
    {
      "aggregatable": false,
      "custom": false,
      "defaultValue": null,
      "extraTypeInfo": null,
      "filterable": false,
      "groupable": true,
      "inlineHelpText": null,
      "label": "Related Record ID",
      "name": "RelatedRecordId",
      "nillable": true,
      "picklistValues": [],
      "referenceTo": [
        "ContentVersion"
      ],
      "relationshipName": null,
      "sortable": true,
      "type": "reference"
    },
    {
      "aggregatable": false,
      "custom": false,
      "defaultValue": null,
      "extraTypeInfo": null,
      "filterable": true,
      "groupable": true,
      "inlineHelpText": null,
      "label": "InsertedBy ID",
      "name": "InsertedById",
      "nillable": false,
      "picklistValues": [],
      "referenceTo": [
        "User"
      ],
      "relationshipName": "InsertedBy",
      "sortable": true,
      "type": "reference"
    },
    {
      "aggregatable": false,
      "custom": false,
      "defaultValue": null,
      "extraTypeInfo": null,
      "filterable": true,
      "groupable": true,
      "inlineHelpText": null,
      "label": "Network Scope",
      "name": "NetworkScope",
      "nillable": true,
      "picklistValues": [
        {
          "active": true,
          "defaultValue": false,
          "label": "All Networks",
          "validFor": null,
          "value": "AllNetworks"
        }
      ],
      "referenceTo": [],
      "relationshipName": null,
      "sortable": true,
      "type": "picklist"
    },
    {
      "aggregatable": false,
      "custom": false,
      "defaultValue": null,
      "extraTypeInfo": null,
      "filterable": true,
      "groupable": true,
      "inlineHelpText": null,
      "label": "Visibility",
      "name": "Visibility",
      "nillable": true,
      "picklistValues": [
        {
          "active": true,
          "defaultValue": false,
          "label": "All Users",
          "validFor": null,
          "value": "AllUsers"
        },
        {
          "active": true,
          "defaultValue": false,
          "label": "Internal Users",
          "validFor": null,
          "value": "InternalUsers"
        }
      ],
      "referenceTo": [],
      "relationshipName": null,
      "sortable": true,
      "type": "picklist"
    },
    {
      "aggregatable": false,
      "custom": false,
      "defaultValue": null,
      "extraTypeInfo": null,
      "filterable": true,
      "groupable": true,
      "inlineHelpText": null,
      "label": "Best Comment ID",
      "name": "BestCommentId",
      "nillable": true,
      "picklistValues": [],
      "referenceTo": [
        "FeedComment"
      ],
      "relationshipName": "BestComment",
      "sortable": true,
      "type": "reference"
    },
    {
      "aggregatable": false,
      "custom": false,
      "defaultValue": false,
      "extraTypeInfo": null,
      "filterable": true,
      "groupable": true,
      "inlineHelpText": null,
      "label": "Has Content",
      "name": "HasContent",
      "nillable": false,
      "picklistValues": [],
      "referenceTo": [],
      "relationshipName": null,
      "sortable": true,
      "type": "boolean"
    },
    {
      "aggregatable": false,
      "custom": false,
      "defaultValue": false,
      "extraTypeInfo": null,
      "filterable": true,
      "groupable": true,
      "inlineHelpText": null,
      "label": "Has Link",
      "name": "HasLink",
      "nillable": false,
      "picklistValues": [],
      "referenceTo": [],
      "relationshipName": null,
      "sortable": true,
      "type": "boolean"
    },
    {
      "aggregatable": false,
      "custom": false,
      "defaultValue": false,
      "extraTypeInfo": null,
      "filterable": true,
      "groupable": true,
      "inlineHelpText": null,
      "label": "Has Feed Entity Attachment",
      "name": "HasFeedEntity",
      "nillable": false,
      "picklistValues": [],
      "referenceTo": [],
      "relationshipName": null,
      "sortable": true,
      "type": "boolean"
    },
    {
      "aggregatable": false,
      "custom": false,
      "defaultValue": false,
      "extraTypeInfo": null,
      "filterable": true,
      "groupable": true,
      "inlineHelpText": null,
      "label": "Has Verified Comment",
      "name": "HasVerifiedComment",
      "nillable": false,
      "picklistValues": [],
      "referenceTo": [],
      "relationshipName": null,
      "sortable": true,
      "type": "boolean"
    },
    {
      "aggregatable": false,
      "custom": false,
      "defaultValue": false,
      "extraTypeInfo": null,
      "filterable": true,
      "groupable": true,
      "inlineHelpText": null,
      "label": "Is Closed",
      "name": "IsClosed",
      "nillable": false,
      "picklistValues": [],
      "referenceTo": [],
      "relationshipName": null,
      "sortable": true,
      "type": "boolean"
    },
    {
      "aggregatable": false,
      "custom": false,
      "defaultValue": null,
      "extraTypeInfo": null,
      "filterable": false,
      "groupable": true,
      "inlineHelpText": null,
      "label": "Status",
      "name": "Status",
      "nillable": true,
      "picklistValues": [
        {
          "active": true,
          "defaultValue": false,
          "label": "Published",
          "validFor": null,
          "value": "Published"
        },
        {
          "active": true,
          "defaultValue": false,
          "label": "PendingReview",
          "validFor": null,
          "value": "PendingReview"
        },
        {
          "active": true,
          "defaultValue": false,
          "label": "Draft",
          "validFor": null,
          "value": "Draft"
        }
      ],
      "referenceTo": [],
      "relationshipName": null,
      "sortable": true,
      "type": "picklist"
    }
  ],
  "label": "Feed Item",
  "childRelationships": [
    {
      "cascadeDelete": true,
      "childSObject": "Announcement",
      "deprecatedAndHidden": false,
      "field": "FeedItemId",
      "junctionIdListNames": [],
      "junctionReferenceTo": [],
      "relationshipName": null,
      "restrictedDelete": false
    },
    {
      "cascadeDelete": true,
      "childSObject": "FeedAttachment",
      "deprecatedAndHidden": false,
      "field": "FeedEntityId",
      "junctionIdListNames": [],
      "junctionReferenceTo": [],
      "relationshipName": "FeedAttachments",
      "restrictedDelete": false
    },
    {
      "cascadeDelete": false,
      "childSObject": "FeedAttachment",
      "deprecatedAndHidden": false,
      "field": "RecordId",
      "junctionIdListNames": [],
      "junctionReferenceTo": [],
      "relationshipName": null,
      "restrictedDelete": false
    },
    {
      "cascadeDelete": true,
      "childSObject": "FeedComment",
      "deprecatedAndHidden": false,
      "field": "FeedItemId",
      "junctionIdListNames": [],
      "junctionReferenceTo": [],
      "relationshipName": "FeedComments",
      "restrictedDelete": false
    },
    {
      "cascadeDelete": true,
      "childSObject": "FeedLike",
      "deprecatedAndHidden": false,
      "field": "FeedEntityId",
      "junctionIdListNames": [],
      "junctionReferenceTo": [],
      "relationshipName": null,
      "restrictedDelete": false
    },
    {
      "cascadeDelete": true,
      "childSObject": "FeedLike",
      "deprecatedAndHidden": false,
      "field": "FeedItemId",
      "junctionIdListNames": [],
      "junctionReferenceTo": [],
      "relationshipName": "FeedLikes",
      "restrictedDelete": false
    },
    {
      "cascadeDelete": true,
      "childSObject": "FeedPollChoice",
      "deprecatedAndHidden": false,
      "field": "FeedItemId",
      "junctionIdListNames": [],
      "junctionReferenceTo": [],
      "relationshipName": null,
      "restrictedDelete": false
    },
    {
      "cascadeDelete": true,
      "childSObject": "FeedPollVote",
      "deprecatedAndHidden": false,
      "field": "FeedItemId",
      "junctionIdListNames": [],
      "junctionReferenceTo": [],
      "relationshipName": null,
      "restrictedDelete": false
    },
    {
      "cascadeDelete": true,
      "childSObject": "FeedRevision",
      "deprecatedAndHidden": false,
      "field": "FeedEntityId",
      "junctionIdListNames": [],
      "junctionReferenceTo": [],
      "relationshipName": "FeedRevisions",
      "restrictedDelete": false
    },
    {
      "cascadeDelete": true,
      "childSObject": "FeedSignal",
      "deprecatedAndHidden": false,
      "field": "FeedEntityId",
      "junctionIdListNames": [],
      "junctionReferenceTo": [],
      "relationshipName": null,
      "restrictedDelete": false
    },
    {
      "cascadeDelete": true,
      "childSObject": "FeedSignal",
      "deprecatedAndHidden": false,
      "field": "FeedItemId",
      "junctionIdListNames": [],
      "junctionReferenceTo": [],
      "relationshipName": "FeedSignals",
      "restrictedDelete": false
    },
    {
      "cascadeDelete": true,
      "childSObject": "FeedTrackedChange",
      "deprecatedAndHidden": false,
      "field": "FeedItemId",
      "junctionIdListNames": [],
      "junctionReferenceTo": [],
      "relationshipName": "FeedTrackedChanges",
      "restrictedDelete": false
    },
    {
      "cascadeDelete": false,
      "childSObject": "FlowExecutionErrorEvent",
      "deprecatedAndHidden": false,
      "field": "ContextRecordId",
      "junctionIdListNames": [],
      "junctionReferenceTo": [],
      "relationshipName": null,
      "restrictedDelete": false
    },
    {
      "cascadeDelete": false,
      "childSObject": "FlowRecordRelation",
      "deprecatedAndHidden": false,
      "field": "RelatedRecordId",
      "junctionIdListNames": [],
      "junctionReferenceTo": [],
      "relationshipName": null,
      "restrictedDelete": false
    },
    {
      "cascadeDelete": false,
      "childSObject": "NetworkActivityAudit",
      "deprecatedAndHidden": false,
      "field": "EntityId",
      "junctionIdListNames": [],
      "junctionReferenceTo": [],
      "relationshipName": "AuditableEntities",
      "restrictedDelete": false
    },
    {
      "cascadeDelete": true,
      "childSObject": "NetworkModeration",
      "deprecatedAndHidden": false,
      "field": "EntityId",
      "junctionIdListNames": [],
      "junctionReferenceTo": [],
      "relationshipName": null,
      "restrictedDelete": false
    },
    {
      "cascadeDelete": true,
      "childSObject": "NetworkUserHistoryRecent",
      "deprecatedAndHidden": false,
      "field": "FeedItemId",
      "junctionIdListNames": [],
      "junctionReferenceTo": [],
      "relationshipName": "NetworkUserHistoryRecentToFeedItem",
      "restrictedDelete": false
    },
    {
      "cascadeDelete": true,
      "childSObject": "PartnerNetworkRecordConnection",
      "deprecatedAndHidden": false,
      "field": "LocalRecordId",
      "junctionIdListNames": [],
      "junctionReferenceTo": [],
      "relationshipName": null,
      "restrictedDelete": false
    },
    {
      "cascadeDelete": false,
      "childSObject": "PartnerNetworkRecordConnection",
      "deprecatedAndHidden": false,
      "field": "PartnerRecordId",
      "junctionIdListNames": [],
      "junctionReferenceTo": [],
      "relationshipName": null,
      "restrictedDelete": false
    },
    {
      "cascadeDelete": true,
      "childSObject": "TopicAssignment",
      "deprecatedAndHidden": false,
      "field": "EntityId",
      "junctionIdListNames": [],
      "junctionReferenceTo": [],
      "relationshipName": "TopicAssignments",
      "restrictedDelete": false
    }
  ],
  "custom": false,
  "name": "FeedItem",
  "queryable": true
}