{
  "fields": [
    {
      "aggregatable": true,
      "custom": false,
      "defaultValue": null,
      "extraTypeInfo": null,
      "filterable": true,
      "groupable": true,
      "inlineHelpText": null,
      "label": "Group ID",
      "name": "Id",
      "nillable": false,
      "picklistValues": [],
      "referenceTo": [],
      "relationshipName": null,
      "sortable": true,
      "type": "id"
    },
    {
      "aggregatable": true,
      "custom": false,
      "defaultValue": null,
      "extraTypeInfo": null,
      "filterable": true,
      "groupable": true,
      "inlineHelpText": null,
      "label": "Name",
      "name": "Name",
      "nillable": false,
      "picklistValues": [],
      "referenceTo": [],
      "relationshipName": null,
      "sortable": true,
      "type": "string"
    },
    {
      "aggregatable": true,
      "custom": false,
      "defaultValue": null,
      "extraTypeInfo": null,
      "filterable": true,
      "groupable": true,
      "inlineHelpText": null,
      "label": "Developer Name",
      "name": "DeveloperName",
      "nillable": true,
      "picklistValues": [],
      "referenceTo": [],
      "relationshipName": null,
      "sortable": true,
      "type": "string"
    },
    {
      "aggregatable": true,
      "custom": false,
      "defaultValue": null,
      "extraTypeInfo": null,
      "filterable": true,
      "groupable": true,
      "inlineHelpText": null,
      "label": "Related ID",
      "name": "RelatedId",
      "nillable": true,
      "picklistValues": [],
      "referenceTo": [
        "Territory2",
        "User",
        "UserRole"
      ],
      "relationshipName": "Related",
      "sortable": true,
      "type": "reference"
    },
    {
      "aggregatable": true,
      "custom": false,
      "defaultValue": null,
      "extraTypeInfo": null,
      "filterable": true,
      "groupable": true,
      "inlineHelpText": null,
      "label": "Type",
      "name": "Type",
      "nillable": false,
      "picklistValues": [
        {
          "active": true,
          "defaultValue": false,
          "label": null,
          "validFor": null,
          "value": "AllCustomerPortal"
        },
        {
          "active": true,
          "defaultValue": false,
          "label": null,
          "validFor": null,
          "value": "ChannelProgramGroup"
        },
        {
          "active": true,
          "defaultValue": false,
          "label": null,
          "validFor": null,
          "value": "CollaborationGroup"
        },
        {
          "active": true,
          "defaultValue": false,
          "label": null,
          "validFor": null,
          "value": "Manager"
        },
        {
          "active": true,
          "defaultValue": false,
          "label": null,
          "validFor": null,
          "value": "ManagerAndSubordinatesInternal"
        },
        {
          "active": true,
          "defaultValue": false,
          "label": null,
          "validFor": null,
          "value": "Organization"
        },
        {
          "active": true,
          "defaultValue": false,
          "label": null,
          "validFor": null,
          "value": "Participant"
        },
        {
          "active": true,
          "defaultValue": false,
          "label": null,
          "validFor": null,
          "value": "PRMOrganization"
        },
        {
          "active": true,
          "defaultValue": false,
          "label": null,
          "validFor": null,
          "value": "Queue"
        },
        {
          "active": true,
          "defaultValue": false,
          "label": null,
          "validFor": null,
          "value": "Regular"
        },
        {
          "active": true,
          "defaultValue": false,
          "label": null,
          "validFor": null,
          "value": "Role"
        },
        {
          "active": true,
          "defaultValue": false,
          "label": null,
          "validFor": null,
          "value": "RoleAndSubordinates"
        },
        {
          "active": true,
          "defaultValue": false,
          "label": null,
          "validFor": null,
          "value": "RoleAndSubordinatesInternal"
        },
        {
          "active": true,
          "defaultValue": false,
          "label": null,
          "validFor": null,
          "value": "SharingRecordCollGroup"
        },
        {
          "active": true,
          "defaultValue": false,
          "label": null,
          "validFor": null,
          "value": "Territory"
        },
        {
          "active": true,
          "defaultValue": false,
          "label": null,
          "validFor": null,
          "value": "TerritoryAndSubordinates"
        }
      ],
      "referenceTo": [],
      "relationshipName": null,
      "sortable": true,
      "type": "picklist"
    },
    {
      "aggregatable": true,
      "custom": false,
      "defaultValue": null,
      "extraTypeInfo": null,
      "filterable": true,
      "groupable": true,
      "inlineHelpText": null,
      "label": "Email",
      "name": "Email",
      "nillable": true,
      "picklistValues": [],
      "referenceTo": [],
      "relationshipName": null,
      "sortable": true,
      "type": "email"
    },
    {
      "aggregatable": true,
      "custom": false,
      "defaultValue": null,
      "extraTypeInfo": null,
      "filterable": true,
      "groupable": true,
      "inlineHelpText": null,
      "label": "Routing Configuration ID",
      "name": "QueueRoutingConfigId",
      "nillable": true,
      "picklistValues": [],
      "referenceTo": [
        "QueueRoutingConfig"
      ],
      "relationshipName": null,
      "sortable": true,
      "type": "reference"
    },
    {
      "aggregatable": true,
      "custom": false,
      "defaultValue": null,
      "extraTypeInfo": null,
      "filterable": true,
      "groupable": true,
      "inlineHelpText": null,
      "label": "Owner ID",
      "name": "OwnerId",
      "nillable": false,
      "picklistValues": [],
      "referenceTo": [
        "Organization",
        "User"
      ],
      "relationshipName": "Owner",
      "sortable": true,
      "type": "reference"
    },
    {
      "aggregatable": false,
      "custom": false,
      "defaultValue": false,
      "extraTypeInfo": null,
      "filterable": true,
      "groupable": true,
      "inlineHelpText": null,
      "label": "Send Email to Members",
      "name": "DoesSendEmailToMembers",
      "nillable": false,
      "picklistValues": [],
      "referenceTo": [],
      "relationshipName": null,
      "sortable": true,
      "type": "boolean"
    },
    {
      "aggregatable": false,
      "custom": false,
      "defaultValue": false,
      "extraTypeInfo": null,
      "filterable": true,
      "groupable": true,
      "inlineHelpText": null,
      "label": "Include Bosses",
      "name": "DoesIncludeBosses",
      "nillable": false,
      "picklistValues": [],
      "referenceTo": [],
      "relationshipName": null,
      "sortable": true,
      "type": "boolean"
    },
    {
      "aggregatable": true,
      "custom": false,
      "defaultValue": null,
      "extraTypeInfo": null,
      "filterable": true,
      "groupable": false,
      "inlineHelpText": null,
      "label": "Created Date",
      "name": "CreatedDate",
      "nillable": false,
      "picklistValues": [],
      "referenceTo": [],
      "relationshipName": null,
      "sortable": true,
      "type": "datetime"
    },
    {
      "aggregatable": true,
      "custom": false,
      "defaultValue": null,
      "extraTypeInfo": null,
      "filterable": true,
      "groupable": true,
      "inlineHelpText": null,
      "label": "Created By ID",
      "name": "CreatedById",
      "nillable": false,
      "picklistValues": [],
      "referenceTo": [
        "User"
      ],
      "relationshipName": "CreatedBy",
      "sortable": true,
      "type": "reference"
    },
    {
      "aggregatable": true,
      "custom": false,
      "defaultValue": null,
      "extraTypeInfo": null,
      "filterable": true,
      "groupable": false,
      "inlineHelpText": null,
      "label": "Last Modified Date",
      "name": "LastModifiedDate",
      "nillable": false,
      "picklistValues": [],
      "referenceTo": [],
      "relationshipName": null,
      "sortable": true,
      "type": "datetime"
    },
    {
      "aggregatable": true,
      "custom": false,
      "defaultValue": null,
      "extraTypeInfo": null,
      "filterable": true,
      "groupable": true,
      "inlineHelpText": null,
      "label": "Last Modified By ID",
      "name": "LastModifiedById",
      "nillable": false,
      "picklistValues": [],
      "referenceTo": [
        "User"
      ],
      "relationshipName": "LastModifiedBy",
      "sortable": true,
      "type": "reference"
    },
    {
      "aggregatable": true,
      "custom": false,
      "defaultValue": null,
      "extraTypeInfo": null,
      "filterable": true,
      "groupable": false,
      "inlineHelpText": null,
      "label": "System Modstamp",
      "name": "SystemModstamp",
      "nillable": false,
      "picklistValues": [],
      "referenceTo": [],
      "relationshipName": null,
      "sortable": true,
      "type": "datetime"
    }
  ],
  "label": "Group",
  "childRelationships": [
    {
      "cascadeDelete": true,
      "childSObject": "AccountBrandShare",
      "deprecatedAndHidden": false,
      "field": "UserOrGroupId",
      "junctionIdListNames": [],
      "junctionReferenceTo": [],
      "relationshipName": null,
      "restrictedDelete": false
    },
    {
      "cascadeDelete": true,
      "childSObject": "AccountShare",
      "deprecatedAndHidden": false,
      "field": "UserOrGroupId",
      "junctionIdListNames": [],
      "junctionReferenceTo": [],
      "relationshipName": null,
      "restrictedDelete": false
    },
    {
      "cascadeDelete": false,
      "childSObject": "AgentWork",
      "deprecatedAndHidden": false,
      "field": "OriginalGroupId",
      "junctionIdListNames": [],
      "junctionReferenceTo": [],
      "relationshipName": null,
      "restrictedDelete": false
    },
    {
      "cascadeDelete": true,
      "childSObject": "AgentWorkShare",
      "deprecatedAndHidden": false,
      "field": "UserOrGroupId",
      "junctionIdListNames": [],
      "junctionReferenceTo": [],
      "relationshipName": null,
      "restrictedDelete": false
    },
    {
      "cascadeDelete": true,
      "childSObject": "AssetShare",
      "deprecatedAndHidden": false,
      "field": "UserOrGroupId",
      "junctionIdListNames": [],
      "junctionReferenceTo": [],
      "relationshipName": null,
      "restrictedDelete": false
    },
    {
      "cascadeDelete": true,
      "childSObject": "AuthorizationFormConsentShare",
      "deprecatedAndHidden": false,
      "field": "UserOrGroupId",
      "junctionIdListNames": [],
      "junctionReferenceTo": [],
      "relationshipName": null,
      "restrictedDelete": false
    },
    {
      "cascadeDelete": true,
      "childSObject": "AuthorizationFormDataUseShare",
      "deprecatedAndHidden": false,
      "field": "UserOrGroupId",
      "junctionIdListNames": [],
      "junctionReferenceTo": [],
      "relationshipName": null,
      "restrictedDelete": false
    },
    {
      "cascadeDelete": true,
      "childSObject": "AuthorizationFormShare",
      "deprecatedAndHidden": false,
      "field": "UserOrGroupId",
      "junctionIdListNames": [],
      "junctionReferenceTo": [],
      "relationshipName": null,
      "restrictedDelete": false
    },
    {
      "cascadeDelete": true,
      "childSObject": "CalendarViewShare",
      "deprecatedAndHidden": false,
      "field": "UserOrGroupId",
      "junctionIdListNames": [],
      "junctionReferenceTo": [],
      "relationshipName": null,
      "restrictedDelete": false
    },
    {
      "cascadeDelete": true,
      "childSObject": "CampaignShare",
      "deprecatedAndHidden": false,
      "field": "UserOrGroupId",
      "junctionIdListNames": [],
      "junctionReferenceTo": [],
      "relationshipName": null,
      "restrictedDelete": false
    },
    {
      "cascadeDelete": true,
      "childSObject": "CaseShare",
      "deprecatedAndHidden": false,
      "field": "UserOrGroupId",
      "junctionIdListNames": [],
      "junctionReferenceTo": [],
      "relationshipName": null,
      "restrictedDelete": false
    },
    {
      "cascadeDelete": true,
      "childSObject": "ChannelProgramLevelShare",
      "deprecatedAndHidden": false,
      "field": "UserOrGroupId",
      "junctionIdListNames": [],
      "junctionReferenceTo": [],
      "relationshipName": null,
      "restrictedDelete": false
    },
    {
      "cascadeDelete": true,
      "childSObject": "ChannelProgramMemberShare",
      "deprecatedAndHidden": false,
      "field": "UserOrGroupId",
      "junctionIdListNames": [],
      "junctionReferenceTo": [],
      "relationshipName": null,
      "restrictedDelete": false
    },
    {
      "cascadeDelete": true,
      "childSObject": "ChannelProgramShare",
      "deprecatedAndHidden": false,
      "field": "UserOrGroupId",
      "junctionIdListNames": [],
      "junctionReferenceTo": [],
      "relationshipName": null,
      "restrictedDelete": false
    },
    {
      "cascadeDelete": true,
      "childSObject": "CommSubscriptionChannelTypeShare",
      "deprecatedAndHidden": false,
      "field": "UserOrGroupId",
      "junctionIdListNames": [],
      "junctionReferenceTo": [],
      "relationshipName": null,
      "restrictedDelete": false
    },
    {
      "cascadeDelete": true,
      "childSObject": "CommSubscriptionConsentShare",
      "deprecatedAndHidden": false,
      "field": "UserOrGroupId",
      "junctionIdListNames": [],
      "junctionReferenceTo": [],
      "relationshipName": null,
      "restrictedDelete": false
    },
    {
      "cascadeDelete": true,
      "childSObject": "CommSubscriptionShare",
      "deprecatedAndHidden": false,
      "field": "UserOrGroupId",
      "junctionIdListNames": [],
      "junctionReferenceTo": [],
      "relationshipName": null,
      "restrictedDelete": false
    },
    {
      "cascadeDelete": true,
      "childSObject": "ConsumptionScheduleShare",
      "deprecatedAndHidden": false,
      "field": "UserOrGroupId",
      "junctionIdListNames": [],
      "junctionReferenceTo": [],
      "relationshipName": null,
      "restrictedDelete": false
    },
    {
      "cascadeDelete": true,
      "childSObject": "ContactPointAddressShare",
      "deprecatedAndHidden": false,
      "field": "UserOrGroupId",
      "junctionIdListNames": [],
      "junctionReferenceTo": [],
      "relationshipName": null,
      "restrictedDelete": false
    },
    {
      "cascadeDelete": true,
      "childSObject": "ContactPointConsentShare",
      "deprecatedAndHidden": false,
      "field": "UserOrGroupId",
      "junctionIdListNames": [],
      "junctionReferenceTo": [],
      "relationshipName": null,
      "restrictedDelete": false
    },
    {
      "cascadeDelete": true,
      "childSObject": "ContactPointEmailShare",
      "deprecatedAndHidden": false,
      "field": "UserOrGroupId",
      "junctionIdListNames": [],
      "junctionReferenceTo": [],
      "relationshipName": null,
      "restrictedDelete": false
    },
    {
      "cascadeDelete": true,
      "childSObject": "ContactPointPhoneShare",
      "deprecatedAndHidden": false,
      "field": "UserOrGroupId",
      "junctionIdListNames": [],
      "junctionReferenceTo": [],
      "relationshipName": null,
      "restrictedDelete": false
    },
    {
      "cascadeDelete": true,
      "childSObject": "ContactPointTypeConsentShare",
      "deprecatedAndHidden": false,
      "field": "UserOrGroupId",
      "junctionIdListNames": [],
      "junctionReferenceTo": [],
      "relationshipName": null,
      "restrictedDelete": false
    },
    {
      "cascadeDelete": true,
      "childSObject": "ContactRequestShare",
      "deprecatedAndHidden": false,
      "field": "UserOrGroupId",
      "junctionIdListNames": [],
      "junctionReferenceTo": [],
      "relationshipName": null,
      "restrictedDelete": false
    },
    {
      "cascadeDelete": true,
      "childSObject": "ContactShare",
      "deprecatedAndHidden": false,
      "field": "UserOrGroupId",
      "junctionIdListNames": [],
      "junctionReferenceTo": [],
      "relationshipName": null,
      "restrictedDelete": false
    },
    {
      "cascadeDelete": true,
      "childSObject": "ContentWorkspaceMember",
      "deprecatedAndHidden": false,
      "field": "MemberId",
      "junctionIdListNames": [],
      "junctionReferenceTo": [],
      "relationshipName": null,
      "restrictedDelete": false
    },
    {
      "cascadeDelete": true,
      "childSObject": "CreditMemoShare",
      "deprecatedAndHidden": false,
      "field": "UserOrGroupId",
      "junctionIdListNames": [],
      "junctionReferenceTo": [],
      "relationshipName": null,
      "restrictedDelete": false
    },
    {
      "cascadeDelete": true,
      "childSObject": "DataUseLegalBasisShare",
      "deprecatedAndHidden": false,
      "field": "UserOrGroupId",
      "junctionIdListNames": [],
      "junctionReferenceTo": [],
      "relationshipName": null,
      "restrictedDelete": false
    },
    {
      "cascadeDelete": true,
      "childSObject": "DataUsePurposeShare",
      "deprecatedAndHidden": false,
      "field": "UserOrGroupId",
      "junctionIdListNames": [],
      "junctionReferenceTo": [],
      "relationshipName": null,
      "restrictedDelete": false
    },
    {
      "cascadeDelete": true,
      "childSObject": "DelegatedAccountShare",
      "deprecatedAndHidden": false,
      "field": "UserOrGroupId",
      "junctionIdListNames": [],
      "junctionReferenceTo": [],
      "relationshipName": null,
      "restrictedDelete": false
    },
    {
      "cascadeDelete": true,
      "childSObject": "EngagementChannelTypeShare",
      "deprecatedAndHidden": false,
      "field": "UserOrGroupId",
      "junctionIdListNames": [],
      "junctionReferenceTo": [],
      "relationshipName": null,
      "restrictedDelete": false
    },
    {
      "cascadeDelete": true,
      "childSObject": "ExternalEventMappingShare",
      "deprecatedAndHidden": false,
      "field": "UserOrGroupId",
      "junctionIdListNames": [],
      "junctionReferenceTo": [],
      "relationshipName": null,
      "restrictedDelete": false
    },
    {
      "cascadeDelete": true,
      "childSObject": "FSL__Criteria__Share",
      "deprecatedAndHidden": false,
      "field": "UserOrGroupId",
      "junctionIdListNames": [],
      "junctionReferenceTo": [],
      "relationshipName": null,
      "restrictedDelete": false
    },
    {
      "cascadeDelete": true,
      "childSObject": "FSL__FSL_Operation__Share",
      "deprecatedAndHidden": false,
      "field": "UserOrGroupId",
      "junctionIdListNames": [],
      "junctionReferenceTo": [],
      "relationshipName": null,
      "restrictedDelete": false
    },
    {
      "cascadeDelete": true,
      "childSObject": "FSL__GanttPalette__Share",
      "deprecatedAndHidden": false,
      "field": "UserOrGroupId",
      "junctionIdListNames": [],
      "junctionReferenceTo": [],
      "relationshipName": null,
      "restrictedDelete": false
    },
    {
      "cascadeDelete": true,
      "childSObject": "FSL__Gantt_Filter__Share",
      "deprecatedAndHidden": false,
      "field": "UserOrGroupId",
      "junctionIdListNames": [],
      "junctionReferenceTo": [],
      "relationshipName": null,
      "restrictedDelete": false
    },
    {
      "cascadeDelete": true,
      "childSObject": "FSL__Optimization_Data__Share",
      "deprecatedAndHidden": false,
      "field": "UserOrGroupId",
      "junctionIdListNames": [],
      "junctionReferenceTo": [],
      "relationshipName": null,
      "restrictedDelete": false
    },
    {
      "cascadeDelete": true,
      "childSObject": "FSL__Optimization_Request_Queue__Share",
      "deprecatedAndHidden": false,
      "field": "UserOrGroupId",
      "junctionIdListNames": [],
      "junctionReferenceTo": [],
      "relationshipName": null,
      "restrictedDelete": false
    },
    {
      "cascadeDelete": true,
      "childSObject": "FSL__Optimization_Request__Share",
      "deprecatedAndHidden": false,
      "field": "UserOrGroupId",
      "junctionIdListNames": [],
      "junctionReferenceTo": [],
      "relationshipName": null,
      "restrictedDelete": false
    },
    {
      "cascadeDelete": true,
      "childSObject": "FSL__Polygon__Share",
      "deprecatedAndHidden": false,
      "field": "UserOrGroupId",
      "junctionIdListNames": [],
      "junctionReferenceTo": [],
      "relationshipName": null,
      "restrictedDelete": false
    },
    {
      "cascadeDelete": true,
      "childSObject": "FSL__SLR_Cache__Share",
      "deprecatedAndHidden": false,
      "field": "UserOrGroupId",
      "junctionIdListNames": [],
      "junctionReferenceTo": [],
      "relationshipName": null,
      "restrictedDelete": false
    },
    {
      "cascadeDelete": true,
      "childSObject": "FSL__SchedulingRecipe__Share",
      "deprecatedAndHidden": false,
      "field": "UserOrGroupId",
      "junctionIdListNames": [],
      "junctionReferenceTo": [],
      "relationshipName": null,
      "restrictedDelete": false
    },
    {
      "cascadeDelete": true,
      "childSObject": "FSL__Scheduling_Policy__Share",
      "deprecatedAndHidden": false,
      "field": "UserOrGroupId",
      "junctionIdListNames": [],
      "junctionReferenceTo": [],
      "relationshipName": null,
      "restrictedDelete": false
    },
    {
      "cascadeDelete": true,
      "childSObject": "FSL__Service_Goal__Share",
      "deprecatedAndHidden": false,
      "field": "UserOrGroupId",
      "junctionIdListNames": [],
      "junctionReferenceTo": [],
      "relationshipName": null,
      "restrictedDelete": false
    },
    {
      "cascadeDelete": true,
      "childSObject": "FSL__UserSetting__Share",
      "deprecatedAndHidden": false,
      "field": "UserOrGroupId",
      "junctionIdListNames": [],
      "junctionReferenceTo": [],
      "relationshipName": null,
      "restrictedDelete": false
    },
    {
      "cascadeDelete": true,
      "childSObject": "FSL__Work_Rule__Share",
      "deprecatedAndHidden": false,
      "field": "UserOrGroupId",
      "junctionIdListNames": [],
      "junctionReferenceTo": [],
      "relationshipName": null,
      "restrictedDelete": false
    },
    {
      "cascadeDelete": false,
      "childSObject": "FieldDefinition",
      "deprecatedAndHidden": false,
      "field": "BusinessOwnerId",
      "junctionIdListNames": [],
      "junctionReferenceTo": [],
      "relationshipName": null,
      "restrictedDelete": false
    },
    {
      "cascadeDelete": true,
      "childSObject": "FlowInterviewShare",
      "deprecatedAndHidden": false,
      "field": "UserOrGroupId",
      "junctionIdListNames": [],
      "junctionReferenceTo": [],
      "relationshipName": null,
      "restrictedDelete": false
    },
    {
      "cascadeDelete": true,
      "childSObject": "GroupMember",
      "deprecatedAndHidden": false,
      "field": "GroupId",
      "junctionIdListNames": [],
      "junctionReferenceTo": [],
      "relationshipName": "GroupMembers",
      "restrictedDelete": false
    },
    {
      "cascadeDelete": true,
      "childSObject": "GroupMember",
      "deprecatedAndHidden": false,
      "field": "UserOrGroupId",
      "junctionIdListNames": [],
      "junctionReferenceTo": [],
      "relationshipName": null,
      "restrictedDelete": false
    },
    {
      "cascadeDelete": true,
      "childSObject": "ImageShare",
      "deprecatedAndHidden": false,
      "field": "UserOrGroupId",
      "junctionIdListNames": [],
      "junctionReferenceTo": [],
      "relationshipName": null,
      "restrictedDelete": false
    },
    {
      "cascadeDelete": true,
      "childSObject": "IndividualShare",
      "deprecatedAndHidden": false,
      "field": "UserOrGroupId",
      "junctionIdListNames": [],
      "junctionReferenceTo": [],
      "relationshipName": null,
      "restrictedDelete": false
    },
    {
      "cascadeDelete": true,
      "childSObject": "IntFW__Integration_FW_Sample__Share",
      "deprecatedAndHidden": false,
      "field": "UserOrGroupId",
      "junctionIdListNames": [],
      "junctionReferenceTo": [],
      "relationshipName": null,
      "restrictedDelete": false
    },
    {
      "cascadeDelete": true,
      "childSObject": "IntFW__PrivateTestObject__Share",
      "deprecatedAndHidden": false,
      "field": "UserOrGroupId",
      "junctionIdListNames": [],
      "junctionReferenceTo": [],
      "relationshipName": null,
      "restrictedDelete": false
    },
    {
      "cascadeDelete": true,
      "childSObject": "IntFW__ReadOnlyTestObject__Share",
      "deprecatedAndHidden": false,
      "field": "UserOrGroupId",
      "junctionIdListNames": [],
      "junctionReferenceTo": [],
      "relationshipName": null,
      "restrictedDelete": false
    },
    {
      "cascadeDelete": true,
      "childSObject": "InvoiceShare",
      "deprecatedAndHidden": false,
      "field": "UserOrGroupId",
      "junctionIdListNames": [],
      "junctionReferenceTo": [],
      "relationshipName": null,
      "restrictedDelete": false
    },
    {
      "cascadeDelete": true,
      "childSObject": "JobProfileShare",
      "deprecatedAndHidden": false,
      "field": "UserOrGroupId",
      "junctionIdListNames": [],
      "junctionReferenceTo": [],
      "relationshipName": null,
      "restrictedDelete": false
    },
    {
      "cascadeDelete": true,
      "childSObject": "LeadShare",
      "deprecatedAndHidden": false,
      "field": "UserOrGroupId",
      "junctionIdListNames": [],
      "junctionReferenceTo": [],
      "relationshipName": null,
      "restrictedDelete": false
    },
    {
      "cascadeDelete": true,
      "childSObject": "LegalEntityShare",
      "deprecatedAndHidden": false,
      "field": "UserOrGroupId",
      "junctionIdListNames": [],
      "junctionReferenceTo": [],
      "relationshipName": null,
      "restrictedDelete": false
    },
    {
      "cascadeDelete": true,
      "childSObject": "ListEmailShare",
      "deprecatedAndHidden": false,
      "field": "UserOrGroupId",
      "junctionIdListNames": [],
      "junctionReferenceTo": [],
      "relationshipName": null,
      "restrictedDelete": false
    },
    {
      "cascadeDelete": true,
      "childSObject": "LiveAgentSessionShare",
      "deprecatedAndHidden": false,
      "field": "UserOrGroupId",
      "junctionIdListNames": [],
      "junctionReferenceTo": [],
      "relationshipName": null,
      "restrictedDelete": false
    },
    {
      "cascadeDelete": true,
      "childSObject": "LiveChatTranscriptShare",
      "deprecatedAndHidden": false,
      "field": "UserOrGroupId",
      "junctionIdListNames": [],
      "junctionReferenceTo": [],
      "relationshipName": null,
      "restrictedDelete": false
    },
    {
      "cascadeDelete": true,
      "childSObject": "LocationShare",
      "deprecatedAndHidden": false,
      "field": "UserOrGroupId",
      "junctionIdListNames": [],
      "junctionReferenceTo": [],
      "relationshipName": null,
      "restrictedDelete": false
    },
    {
      "cascadeDelete": true,
      "childSObject": "MacroShare",
      "deprecatedAndHidden": false,
      "field": "UserOrGroupId",
      "junctionIdListNames": [],
      "junctionReferenceTo": [],
      "relationshipName": null,
      "restrictedDelete": false
    },
    {
      "cascadeDelete": true,
      "childSObject": "MacroUsageShare",
      "deprecatedAndHidden": false,
      "field": "UserOrGroupId",
      "junctionIdListNames": [],
      "junctionReferenceTo": [],
      "relationshipName": null,
      "restrictedDelete": false
    },
    {
      "cascadeDelete": true,
      "childSObject": "MaintenancePlanShare",
      "deprecatedAndHidden": false,
      "field": "UserOrGroupId",
      "junctionIdListNames": [],
      "junctionReferenceTo": [],
      "relationshipName": null,
      "restrictedDelete": false
    },
    {
      "cascadeDelete": true,
      "childSObject": "MessagingEndUserShare",
      "deprecatedAndHidden": false,
      "field": "UserOrGroupId",
      "junctionIdListNames": [],
      "junctionReferenceTo": [],
      "relationshipName": null,
      "restrictedDelete": false
    },
    {
      "cascadeDelete": true,
      "childSObject": "MessagingSessionShare",
      "deprecatedAndHidden": false,
      "field": "UserOrGroupId",
      "junctionIdListNames": [],
      "junctionReferenceTo": [],
      "relationshipName": null,
      "restrictedDelete": false
    },
    {
      "cascadeDelete": true,
      "childSObject": "OmniSupervisorConfigGroup",
      "deprecatedAndHidden": false,
      "field": "GroupId",
      "junctionIdListNames": [],
      "junctionReferenceTo": [],
      "relationshipName": null,
      "restrictedDelete": false
    },
    {
      "cascadeDelete": true,
      "childSObject": "OpportunityShare",
      "deprecatedAndHidden": false,
      "field": "UserOrGroupId",
      "junctionIdListNames": [],
      "junctionReferenceTo": [],
      "relationshipName": null,
      "restrictedDelete": false
    },
    {
      "cascadeDelete": true,
      "childSObject": "OrderShare",
      "deprecatedAndHidden": false,
      "field": "UserOrGroupId",
      "junctionIdListNames": [],
      "junctionReferenceTo": [],
      "relationshipName": null,
      "restrictedDelete": false
    },
    {
      "cascadeDelete": true,
      "childSObject": "OrgDeleteRequestShare",
      "deprecatedAndHidden": false,
      "field": "UserOrGroupId",
      "junctionIdListNames": [],
      "junctionReferenceTo": [],
      "relationshipName": null,
      "restrictedDelete": false
    },
    {
      "cascadeDelete": true,
      "childSObject": "PartnerFundAllocationShare",
      "deprecatedAndHidden": false,
      "field": "UserOrGroupId",
      "junctionIdListNames": [],
      "junctionReferenceTo": [],
      "relationshipName": null,
      "restrictedDelete": false
    },
    {
      "cascadeDelete": true,
      "childSObject": "PartnerFundClaimShare",
      "deprecatedAndHidden": false,
      "field": "UserOrGroupId",
      "junctionIdListNames": [],
      "junctionReferenceTo": [],
      "relationshipName": null,
      "restrictedDelete": false
    },
    {
      "cascadeDelete": true,
      "childSObject": "PartnerFundRequestShare",
      "deprecatedAndHidden": false,
      "field": "UserOrGroupId",
      "junctionIdListNames": [],
      "junctionReferenceTo": [],
      "relationshipName": null,
      "restrictedDelete": false
    },
    {
      "cascadeDelete": true,
      "childSObject": "PartnerMarketingBudgetShare",
      "deprecatedAndHidden": false,
      "field": "UserOrGroupId",
      "junctionIdListNames": [],
      "junctionReferenceTo": [],
      "relationshipName": null,
      "restrictedDelete": false
    },
    {
      "cascadeDelete": true,
      "childSObject": "PartyConsentShare",
      "deprecatedAndHidden": false,
      "field": "UserOrGroupId",
      "junctionIdListNames": [],
      "junctionReferenceTo": [],
      "relationshipName": null,
      "restrictedDelete": false
    },
    {
      "cascadeDelete": false,
      "childSObject": "PendingServiceRouting",
      "deprecatedAndHidden": false,
      "field": "GroupId",
      "junctionIdListNames": [],
      "junctionReferenceTo": [],
      "relationshipName": null,
      "restrictedDelete": false
    },
    {
      "cascadeDelete": true,
      "childSObject": "PendingServiceRoutingShare",
      "deprecatedAndHidden": false,
      "field": "UserOrGroupId",
      "junctionIdListNames": [],
      "junctionReferenceTo": [],
      "relationshipName": null,
      "restrictedDelete": false
    },
    {
      "cascadeDelete": true,
      "childSObject": "ProductItemShare",
      "deprecatedAndHidden": false,
      "field": "UserOrGroupId",
      "junctionIdListNames": [],
      "junctionReferenceTo": [],
      "relationshipName": null,
      "restrictedDelete": false
    },
    {
      "cascadeDelete": true,
      "childSObject": "ProductRequestShare",
      "deprecatedAndHidden": false,
      "field": "UserOrGroupId",
      "junctionIdListNames": [],
      "junctionReferenceTo": [],
      "relationshipName": null,
      "restrictedDelete": false
    },
    {
      "cascadeDelete": true,
      "childSObject": "ProductTransferShare",
      "deprecatedAndHidden": false,
      "field": "UserOrGroupId",
      "junctionIdListNames": [],
      "junctionReferenceTo": [],
      "relationshipName": null,
      "restrictedDelete": false
    },
    {
      "cascadeDelete": true,
      "childSObject": "PromptActionShare",
      "deprecatedAndHidden": false,
      "field": "UserOrGroupId",
      "junctionIdListNames": [],
      "junctionReferenceTo": [],
      "relationshipName": null,
      "restrictedDelete": false
    },
    {
      "cascadeDelete": true,
      "childSObject": "QueueSobject",
      "deprecatedAndHidden": false,
      "field": "QueueId",
      "junctionIdListNames": [],
      "junctionReferenceTo": [],
      "relationshipName": "QueueSobjects",
      "restrictedDelete": false
    },
    {
      "cascadeDelete": true,
      "childSObject": "QuickTextShare",
      "deprecatedAndHidden": false,
      "field": "UserOrGroupId",
      "junctionIdListNames": [],
      "junctionReferenceTo": [],
      "relationshipName": null,
      "restrictedDelete": false
    },
    {
      "cascadeDelete": true,
      "childSObject": "QuickTextUsageShare",
      "deprecatedAndHidden": false,
      "field": "UserOrGroupId",
      "junctionIdListNames": [],
      "junctionReferenceTo": [],
      "relationshipName": null,
      "restrictedDelete": false
    },
    {
      "cascadeDelete": true,
      "childSObject": "ReturnOrderShare",
      "deprecatedAndHidden": false,
      "field": "UserOrGroupId",
      "junctionIdListNames": [],
      "junctionReferenceTo": [],
      "relationshipName": null,
      "restrictedDelete": false
    },
    {
      "cascadeDelete": true,
      "childSObject": "ServiceAppointmentShare",
      "deprecatedAndHidden": false,
      "field": "UserOrGroupId",
      "junctionIdListNames": [],
      "junctionReferenceTo": [],
      "relationshipName": null,
      "restrictedDelete": false
    },
    {
      "cascadeDelete": true,
      "childSObject": "ServiceContractShare",
      "deprecatedAndHidden": false,
      "field": "UserOrGroupId",
      "junctionIdListNames": [],
      "junctionReferenceTo": [],
      "relationshipName": null,
      "restrictedDelete": false
    },
    {
      "cascadeDelete": true,
      "childSObject": "ServiceCrewShare",
      "deprecatedAndHidden": false,
      "field": "UserOrGroupId",
      "junctionIdListNames": [],
      "junctionReferenceTo": [],
      "relationshipName": null,
      "restrictedDelete": false
    },
    {
      "cascadeDelete": true,
      "childSObject": "ServiceResourceShare",
      "deprecatedAndHidden": false,
      "field": "UserOrGroupId",
      "junctionIdListNames": [],
      "junctionReferenceTo": [],
      "relationshipName": null,
      "restrictedDelete": false
    },
    {
      "cascadeDelete": true,
      "childSObject": "ServiceTerritoryShare",
      "deprecatedAndHidden": false,
      "field": "UserOrGroupId",
      "junctionIdListNames": [],
      "junctionReferenceTo": [],
      "relationshipName": null,
      "restrictedDelete": false
    },
    {
      "cascadeDelete": true,
      "childSObject": "ShiftShare",
      "deprecatedAndHidden": false,
      "field": "UserOrGroupId",
      "junctionIdListNames": [],
      "junctionReferenceTo": [],
      "relationshipName": null,
      "restrictedDelete": false
    },
    {
      "cascadeDelete": true,
      "childSObject": "ShipmentShare",
      "deprecatedAndHidden": false,
      "field": "UserOrGroupId",
      "junctionIdListNames": [],
      "junctionReferenceTo": [],
      "relationshipName": null,
      "restrictedDelete": false
    },
    {
      "cascadeDelete": true,
      "childSObject": "StreamingChannelShare",
      "deprecatedAndHidden": false,
      "field": "UserOrGroupId",
      "junctionIdListNames": [],
      "junctionReferenceTo": [],
      "relationshipName": null,
      "restrictedDelete": false
    },
    {
      "cascadeDelete": true,
      "childSObject": "TimeSheetShare",
      "deprecatedAndHidden": false,
      "field": "UserOrGroupId",
      "junctionIdListNames": [],
      "junctionReferenceTo": [],
      "relationshipName": null,
      "restrictedDelete": false
    },
    {
      "cascadeDelete": true,
      "childSObject": "TodayGoalShare",
      "deprecatedAndHidden": false,
      "field": "UserOrGroupId",
      "junctionIdListNames": [],
      "junctionReferenceTo": [],
      "relationshipName": null,
      "restrictedDelete": false
    },
    {
      "cascadeDelete": false,
      "childSObject": "User",
      "deprecatedAndHidden": false,
      "field": "DelegatedApproverId",
      "junctionIdListNames": [],
      "junctionReferenceTo": [],
      "relationshipName": "DelegatedUsers",
      "restrictedDelete": false
    },
    {
      "cascadeDelete": true,
      "childSObject": "UserAppMenuCustomizationShare",
      "deprecatedAndHidden": false,
      "field": "UserOrGroupId",
      "junctionIdListNames": [],
      "junctionReferenceTo": [],
      "relationshipName": null,
      "restrictedDelete": false
    },
    {
      "cascadeDelete": false,
      "childSObject": "UserChangeEvent",
      "deprecatedAndHidden": false,
      "field": "DelegatedApproverId",
      "junctionIdListNames": [],
      "junctionReferenceTo": [],
      "relationshipName": null,
      "restrictedDelete": false
    },
    {
      "cascadeDelete": true,
      "childSObject": "UserEmailPreferredPersonShare",
      "deprecatedAndHidden": false,
      "field": "UserOrGroupId",
      "junctionIdListNames": [],
      "junctionReferenceTo": [],
      "relationshipName": null,
      "restrictedDelete": false
    },
    {
      "cascadeDelete": true,
      "childSObject": "UserProvisioningRequestShare",
      "deprecatedAndHidden": false,
      "field": "UserOrGroupId",
      "junctionIdListNames": [],
      "junctionReferenceTo": [],
      "relationshipName": null,
      "restrictedDelete": false
    },
    {
      "cascadeDelete": true,
      "childSObject": "UserServicePresenceShare",
      "deprecatedAndHidden": false,
      "field": "UserOrGroupId",
      "junctionIdListNames": [],
      "junctionReferenceTo": [],
      "relationshipName": null,
      "restrictedDelete": false
    },
    {
      "cascadeDelete": true,
      "childSObject": "UserShare",
      "deprecatedAndHidden": false,
      "field": "UserOrGroupId",
      "junctionIdListNames": [],
      "junctionReferenceTo": [],
      "relationshipName": null,
      "restrictedDelete": false
    },
    {
      "cascadeDelete": true,
      "childSObject": "WorkOrderShare",
      "deprecatedAndHidden": false,
      "field": "UserOrGroupId",
      "junctionIdListNames": [],
      "junctionReferenceTo": [],
      "relationshipName": null,
      "restrictedDelete": false
    },
    {
      "cascadeDelete": true,
      "childSObject": "WorkTypeGroupShare",
      "deprecatedAndHidden": false,
      "field": "UserOrGroupId",
      "junctionIdListNames": [],
      "junctionReferenceTo": [],
      "relationshipName": null,
      "restrictedDelete": false
    },
    {
      "cascadeDelete": true,
      "childSObject": "WorkTypeShare",
      "deprecatedAndHidden": false,
      "field": "UserOrGroupId",
      "junctionIdListNames": [],
      "junctionReferenceTo": [],
      "relationshipName": null,
      "restrictedDelete": false
    },
    {
      "cascadeDelete": true,
      "childSObject": "et4ae5__AggregateLink__Share",
      "deprecatedAndHidden": false,
      "field": "UserOrGroupId",
      "junctionIdListNames": [],
      "junctionReferenceTo": [],
      "relationshipName": null,
      "restrictedDelete": false
    },
    {
      "cascadeDelete": true,
      "childSObject": "et4ae5__Automated_Send__Share",
      "deprecatedAndHidden": false,
      "field": "UserOrGroupId",
      "junctionIdListNames": [],
      "junctionReferenceTo": [],
      "relationshipName": null,
      "restrictedDelete": false
    },
    {
      "cascadeDelete": true,
      "childSObject": "et4ae5__Business_Unit__Share",
      "deprecatedAndHidden": false,
      "field": "UserOrGroupId",
      "junctionIdListNames": [],
      "junctionReferenceTo": [],
      "relationshipName": null,
      "restrictedDelete": false
    },
    {
      "cascadeDelete": true,
      "childSObject": "et4ae5__Campaign_Member_Configuration__Share",
      "deprecatedAndHidden": false,
      "field": "UserOrGroupId",
      "junctionIdListNames": [],
      "junctionReferenceTo": [],
      "relationshipName": null,
      "restrictedDelete": false
    },
    {
      "cascadeDelete": true,
      "childSObject": "et4ae5__Configuration__Share",
      "deprecatedAndHidden": false,
      "field": "UserOrGroupId",
      "junctionIdListNames": [],
      "junctionReferenceTo": [],
      "relationshipName": null,
      "restrictedDelete": false
    },
    {
      "cascadeDelete": true,
      "childSObject": "et4ae5__Email_Linkage__Share",
      "deprecatedAndHidden": false,
      "field": "UserOrGroupId",
      "junctionIdListNames": [],
      "junctionReferenceTo": [],
      "relationshipName": null,
      "restrictedDelete": false
    },
    {
      "cascadeDelete": true,
      "childSObject": "et4ae5__IndividualEmailResult__Share",
      "deprecatedAndHidden": false,
      "field": "UserOrGroupId",
      "junctionIdListNames": [],
      "junctionReferenceTo": [],
      "relationshipName": null,
      "restrictedDelete": false
    },
    {
      "cascadeDelete": true,
      "childSObject": "et4ae5__IndividualLink__Share",
      "deprecatedAndHidden": false,
      "field": "UserOrGroupId",
      "junctionIdListNames": [],
      "junctionReferenceTo": [],
      "relationshipName": null,
      "restrictedDelete": false
    },
    {
      "cascadeDelete": true,
      "childSObject": "et4ae5__MC_CDC_Journey__Share",
      "deprecatedAndHidden": false,
      "field": "UserOrGroupId",
      "junctionIdListNames": [],
      "junctionReferenceTo": [],
      "relationshipName": null,
      "restrictedDelete": false
    },
    {
      "cascadeDelete": true,
      "childSObject": "et4ae5__SMSDefinition__Share",
      "deprecatedAndHidden": false,
      "field": "UserOrGroupId",
      "junctionIdListNames": [],
      "junctionReferenceTo": [],
      "relationshipName": null,
      "restrictedDelete": false
    },
    {
      "cascadeDelete": true,
      "childSObject": "et4ae5__SendDefinition__Share",
      "deprecatedAndHidden": false,
      "field": "UserOrGroupId",
      "junctionIdListNames": [],
      "junctionReferenceTo": [],
      "relationshipName": null,
      "restrictedDelete": false
    },
    {
      "cascadeDelete": true,
      "childSObject": "et4ae5__Triggered_Send_Execution__Share",
      "deprecatedAndHidden": false,
      "field": "UserOrGroupId",
      "junctionIdListNames": [],
      "junctionReferenceTo": [],
      "relationshipName": null,
      "restrictedDelete": false
    },
    {
      "cascadeDelete": true,
      "childSObject": "et4ae5__abTest__Share",
      "deprecatedAndHidden": false,
      "field": "UserOrGroupId",
      "junctionIdListNames": [],
      "junctionReferenceTo": [],
      "relationshipName": null,
      "restrictedDelete": false
    },
    {
      "cascadeDelete": true,
      "childSObject": "mcdm_15__ApprovalsPageSettings__Share",
      "deprecatedAndHidden": false,
      "field": "UserOrGroupId",
      "junctionIdListNames": [],
      "junctionReferenceTo": [],
      "relationshipName": null,
      "restrictedDelete": false
    },
    {
      "cascadeDelete": true,
      "childSObject": "mcdm_15__Blacklist__Share",
      "deprecatedAndHidden": false,
      "field": "UserOrGroupId",
      "junctionIdListNames": [],
      "junctionReferenceTo": [],
      "relationshipName": null,
      "restrictedDelete": false
    },
    {
      "cascadeDelete": true,
      "childSObject": "mcdm_15__Bulk_Send_Job__Share",
      "deprecatedAndHidden": false,
      "field": "UserOrGroupId",
      "junctionIdListNames": [],
      "junctionReferenceTo": [],
      "relationshipName": null,
      "restrictedDelete": false
    },
    {
      "cascadeDelete": true,
      "childSObject": "mcdm_15__DMAsyncSendJobResult__Share",
      "deprecatedAndHidden": false,
      "field": "UserOrGroupId",
      "junctionIdListNames": [],
      "junctionReferenceTo": [],
      "relationshipName": null,
      "restrictedDelete": false
    },
    {
      "cascadeDelete": true,
      "childSObject": "mcdm_15__DMAsyncSendMemberError__Share",
      "deprecatedAndHidden": false,
      "field": "UserOrGroupId",
      "junctionIdListNames": [],
      "junctionReferenceTo": [],
      "relationshipName": null,
      "restrictedDelete": false
    },
    {
      "cascadeDelete": true,
      "childSObject": "mcdm_15__DMUserFavorite__Share",
      "deprecatedAndHidden": false,
      "field": "UserOrGroupId",
      "junctionIdListNames": [],
      "junctionReferenceTo": [],
      "relationshipName": null,
      "restrictedDelete": false
    },
    {
      "cascadeDelete": true,
      "childSObject": "mcdm_15__DM_Activity_Log__Share",
      "deprecatedAndHidden": false,
      "field": "UserOrGroupId",
      "junctionIdListNames": [],
      "junctionReferenceTo": [],
      "relationshipName": null,
      "restrictedDelete": false
    },
    {
      "cascadeDelete": true,
      "childSObject": "mcdm_15__DM_Auto_Send__Share",
      "deprecatedAndHidden": false,
      "field": "UserOrGroupId",
      "junctionIdListNames": [],
      "junctionReferenceTo": [],
      "relationshipName": null,
      "restrictedDelete": false
    },
    {
      "cascadeDelete": true,
      "childSObject": "mcdm_15__DefaultCampaignPersonalization__Share",
      "deprecatedAndHidden": false,
      "field": "UserOrGroupId",
      "junctionIdListNames": [],
      "junctionReferenceTo": [],
      "relationshipName": null,
      "restrictedDelete": false
    },
    {
      "cascadeDelete": true,
      "childSObject": "mcdm_15__DefaultPersonalizationSettings__Share",
      "deprecatedAndHidden": false,
      "field": "UserOrGroupId",
      "junctionIdListNames": [],
      "junctionReferenceTo": [],
      "relationshipName": null,
      "restrictedDelete": false
    },
    {
      "cascadeDelete": true,
      "childSObject": "mcdm_15__GreetingMapping__Share",
      "deprecatedAndHidden": false,
      "field": "UserOrGroupId",
      "junctionIdListNames": [],
      "junctionReferenceTo": [],
      "relationshipName": null,
      "restrictedDelete": false
    },
    {
      "cascadeDelete": true,
      "childSObject": "mcdm_15__JourneyApprovalsPlugin__Share",
      "deprecatedAndHidden": false,
      "field": "UserOrGroupId",
      "junctionIdListNames": [],
      "junctionReferenceTo": [],
      "relationshipName": null,
      "restrictedDelete": false
    },
    {
      "cascadeDelete": true,
      "childSObject": "mcdm_15__LinkedBusinessUnit__Share",
      "deprecatedAndHidden": false,
      "field": "UserOrGroupId",
      "junctionIdListNames": [],
      "junctionReferenceTo": [],
      "relationshipName": null,
      "restrictedDelete": false
    },
    {
      "cascadeDelete": true,
      "childSObject": "mcdm_15__MarketingCloudLinkedJourney__Share",
      "deprecatedAndHidden": false,
      "field": "UserOrGroupId",
      "junctionIdListNames": [],
      "junctionReferenceTo": [],
      "relationshipName": null,
      "restrictedDelete": false
    },
    {
      "cascadeDelete": true,
      "childSObject": "mcdm_15__ObjectPlugin__Share",
      "deprecatedAndHidden": false,
      "field": "UserOrGroupId",
      "junctionIdListNames": [],
      "junctionReferenceTo": [],
      "relationshipName": null,
      "restrictedDelete": false
    },
    {
      "cascadeDelete": true,
      "childSObject": "mcdm_15__PersonalizationFieldMap__Share",
      "deprecatedAndHidden": false,
      "field": "UserOrGroupId",
      "junctionIdListNames": [],
      "junctionReferenceTo": [],
      "relationshipName": null,
      "restrictedDelete": false
    },
    {
      "cascadeDelete": true,
      "childSObject": "mcdm_15__QuickSendJourney__Share",
      "deprecatedAndHidden": false,
      "field": "UserOrGroupId",
      "junctionIdListNames": [],
      "junctionReferenceTo": [],
      "relationshipName": null,
      "restrictedDelete": false
    },
    {
      "cascadeDelete": true,
      "childSObject": "mcdm_15__ScheduledSend__Share",
      "deprecatedAndHidden": false,
      "field": "UserOrGroupId",
      "junctionIdListNames": [],
      "junctionReferenceTo": [],
      "relationshipName": null,
      "restrictedDelete": false
    },
    {
      "cascadeDelete": true,
      "childSObject": "mcdm_15__SendCapLog__Share",
      "deprecatedAndHidden": false,
      "field": "UserOrGroupId",
      "junctionIdListNames": [],
      "junctionReferenceTo": [],
      "relationshipName": null,
      "restrictedDelete": false
    },
    {
      "cascadeDelete": true,
      "childSObject": "mcdm_15__SubmissionP13n__Share",
      "deprecatedAndHidden": false,
      "field": "UserOrGroupId",
      "junctionIdListNames": [],
      "junctionReferenceTo": [],
      "relationshipName": null,
      "restrictedDelete": false
    },
    {
      "cascadeDelete": true,
      "childSObject": "mcdm_15__SubmissionSendSettings__Share",
      "deprecatedAndHidden": false,
      "field": "UserOrGroupId",
      "junctionIdListNames": [],
      "junctionReferenceTo": [],
      "relationshipName": null,
      "restrictedDelete": false
    },
    {
      "cascadeDelete": true,
      "childSObject": "mcdm_15__Submission__Share",
      "deprecatedAndHidden": false,
      "field": "UserOrGroupId",
      "junctionIdListNames": [],
      "junctionReferenceTo": [],
      "relationshipName": null,
      "restrictedDelete": false
    },
    {
      "cascadeDelete": true,
      "childSObject": "mcdm_15__ValidDomains__Share",
      "deprecatedAndHidden": false,
      "field": "UserOrGroupId",
      "junctionIdListNames": [],
      "junctionReferenceTo": [],
      "relationshipName": null,
      "restrictedDelete": false
    }
  ],
  "custom": false,
  "name": "Group",
  "queryable": true
}