{
  "fields": [
    {
      "aggregatable": true,
      "custom": false,
      "defaultValue": null,
      "extraTypeInfo": null,
      "filterable": true,
      "groupable": true,
      "inlineHelpText": null,
      "label": "Lead ID",
      "name": "Id",
      "nillable": false,
      "picklistValues": [],
      "referenceTo": [],
      "relationshipName": null,
      "sortable": true,
      "type": "id"
    },
    {
      "aggregatable": false,
      "custom": false,
      "defaultValue": false,
      "extraTypeInfo": null,
      "filterable": true,
      "groupable": true,
      "inlineHelpText": null,
      "label": "Deleted",
      "name": "IsDeleted",
      "nillable": false,
      "picklistValues": [],
      "referenceTo": [],
      "relationshipName": null,
      "sortable": true,
      "type": "boolean"
    },
    {
      "aggregatable": true,
      "custom": false,
      "defaultValue": null,
      "extraTypeInfo": null,
      "filterable": true,
      "groupable": true,
      "inlineHelpText": null,
      "label": "Master Record ID",
      "name": "MasterRecordId",
      "nillable": true,
      "picklistValues": [],
      "referenceTo": [
        "Lead"
      ],
      "relationshipName": "MasterRecord",
      "sortable": true,
      "type": "reference"
    },
    {
      "aggregatable": true,
      "custom": false,
      "defaultValue": null,
      "extraTypeInfo": "personname",
      "filterable": true,
      "groupable": true,
      "inlineHelpText": null,
      "label": "Last Name",
      "name": "LastName",
      "nillable": false,
      "picklistValues": [],
      "referenceTo": [],
      "relationshipName": null,
      "sortable": true,
      "type": "string"
    },
    {
      "aggregatable": true,
      "custom": false,
      "defaultValue": null,
      "extraTypeInfo": "personname",
      "filterable": true,
      "groupable": true,
      "inlineHelpText": null,
      "label": "First Name",
      "name": "FirstName",
      "nillable": true,
      "picklistValues": [],
      "referenceTo": [],
      "relationshipName": null,
      "sortable": true,
      "type": "string"
    },
    {
      "aggregatable": true,
      "custom": false,
      "defaultValue": null,
      "extraTypeInfo": "personname",
      "filterable": true,
      "groupable": true,
      "inlineHelpText": null,
      "label": "Salutation",
      "name": "Salutation",
      "nillable": true,
      "picklistValues": [
        {
          "active": true,
          "defaultValue": false,
          "label": "Mr.",
          "validFor": null,
          "value": "Mr."
        },
        {
          "active": true,
          "defaultValue": false,
          "label": "Ms.",
          "validFor": null,
          "value": "Ms."
        },
        {
          "active": true,
          "defaultValue": false,
          "label": "Mrs.",
          "validFor": null,
          "value": "Mrs."
        },
        {
          "active": true,
          "defaultValue": false,
          "label": "Dr.",
          "validFor": null,
          "value": "Dr."
        },
        {
          "active": true,
          "defaultValue": false,
          "label": "Prof.",
          "validFor": null,
          "value": "Prof."
        }
      ],
      "referenceTo": [],
      "relationshipName": null,
      "sortable": true,
      "type": "picklist"
    },
    {
      "aggregatable": true,
      "custom": false,
      "defaultValue": null,
      "extraTypeInfo": "personname",
      "filterable": true,
      "groupable": true,
      "inlineHelpText": null,
      "label": "Full Name",
      "name": "Name",
      "nillable": false,
      "picklistValues": [],
      "referenceTo": [],
      "relationshipName": null,
      "sortable": true,
      "type": "string"
    },
    {
      "aggregatable": true,
      "custom": false,
      "defaultValue": null,
      "extraTypeInfo": null,
      "filterable": true,
      "groupable": true,
      "inlineHelpText": null,
      "label": "Title",
      "name": "Title",
      "nillable": true,
      "picklistValues": [],
      "referenceTo": [],
      "relationshipName": null,
      "sortable": true,
      "type": "string"
    },
    {
      "aggregatable": true,
      "custom": false,
      "defaultValue": null,
      "extraTypeInfo": null,
      "filterable": true,
      "groupable": true,
      "inlineHelpText": null,
      "label": "Company",
      "name": "Company",
      "nillable": false,
      "picklistValues": [],
      "referenceTo": [],
      "relationshipName": null,
      "sortable": true,
      "type": "string"
    },
    {
      "aggregatable": true,
      "custom": false,
      "defaultValue": null,
      "extraTypeInfo": "plaintextarea",
      "filterable": true,
      "groupable": true,
      "inlineHelpText": null,
      "label": "Street",
      "name": "Street",
      "nillable": true,
      "picklistValues": [],
      "referenceTo": [],
      "relationshipName": null,
      "sortable": true,
      "type": "textarea"
    },
    {
      "aggregatable": true,
      "custom": false,
      "defaultValue": null,
      "extraTypeInfo": null,
      "filterable": true,
      "groupable": true,
      "inlineHelpText": null,
      "label": "City",
      "name": "City",
      "nillable": true,
      "picklistValues": [],
      "referenceTo": [],
      "relationshipName": null,
      "sortable": true,
      "type": "string"
    },
    {
      "aggregatable": true,
      "custom": false,
      "defaultValue": null,
      "extraTypeInfo": null,
      "filterable": true,
      "groupable": true,
      "inlineHelpText": null,
      "label": "State/Province",
      "name": "State",
      "nillable": true,
      "picklistValues": [],
      "referenceTo": [],
      "relationshipName": null,
      "sortable": true,
      "type": "string"
    },
    {
      "aggregatable": true,
      "custom": false,
      "defaultValue": null,
      "extraTypeInfo": null,
      "filterable": true,
      "groupable": true,
      "inlineHelpText": null,
      "label": "Zip/Postal Code",
      "name": "PostalCode",
      "nillable": true,
      "picklistValues": [],
      "referenceTo": [],
      "relationshipName": null,
      "sortable": true,
      "type": "string"
    },
    {
      "aggregatable": true,
      "custom": false,
      "defaultValue": null,
      "extraTypeInfo": null,
      "filterable": true,
      "groupable": true,
      "inlineHelpText": null,
      "label": "Country",
      "name": "Country",
      "nillable": true,
      "picklistValues": [],
      "referenceTo": [],
      "relationshipName": null,
      "sortable": true,
      "type": "string"
    },
    {
      "aggregatable": true,
      "custom": false,
      "defaultValue": null,
      "extraTypeInfo": null,
      "filterable": true,
      "groupable": false,
      "inlineHelpText": null,
      "label": "Latitude",
      "name": "Latitude",
      "nillable": true,
      "picklistValues": [],
      "referenceTo": [],
      "relationshipName": null,
      "sortable": true,
      "type": "double"
    },
    {
      "aggregatable": true,
      "custom": false,
      "defaultValue": null,
      "extraTypeInfo": null,
      "filterable": true,
      "groupable": false,
      "inlineHelpText": null,
      "label": "Longitude",
      "name": "Longitude",
      "nillable": true,
      "picklistValues": [],
      "referenceTo": [],
      "relationshipName": null,
      "sortable": true,
      "type": "double"
    },
    {
      "aggregatable": true,
      "custom": false,
      "defaultValue": null,
      "extraTypeInfo": null,
      "filterable": true,
      "groupable": true,
      "inlineHelpText": null,
      "label": "Geocode Accuracy",
      "name": "GeocodeAccuracy",
      "nillable": true,
      "picklistValues": [
        {
          "active": true,
          "defaultValue": false,
          "label": "Address",
          "validFor": null,
          "value": "Address"
        },
        {
          "active": true,
          "defaultValue": false,
          "label": "NearAddress",
          "validFor": null,
          "value": "NearAddress"
        },
        {
          "active": true,
          "defaultValue": false,
          "label": "Block",
          "validFor": null,
          "value": "Block"
        },
        {
          "active": true,
          "defaultValue": false,
          "label": "Street",
          "validFor": null,
          "value": "Street"
        },
        {
          "active": true,
          "defaultValue": false,
          "label": "ExtendedZip",
          "validFor": null,
          "value": "ExtendedZip"
        },
        {
          "active": true,
          "defaultValue": false,
          "label": "Zip",
          "validFor": null,
          "value": "Zip"
        },
        {
          "active": true,
          "defaultValue": false,
          "label": "Neighborhood",
          "validFor": null,
          "value": "Neighborhood"
        },
        {
          "active": true,
          "defaultValue": false,
          "label": "City",
          "validFor": null,
          "value": "City"
        },
        {
          "active": true,
          "defaultValue": false,
          "label": "County",
          "validFor": null,
          "value": "County"
        },
        {
          "active": true,
          "defaultValue": false,
          "label": "State",
          "validFor": null,
          "value": "State"
        },
        {
          "active": true,
          "defaultValue": false,
          "label": "Unknown",
          "validFor": null,
          "value": "Unknown"
        }
      ],
      "referenceTo": [],
      "relationshipName": null,
      "sortable": true,
      "type": "picklist"
    },
    {
      "aggregatable": false,
      "custom": false,
      "defaultValue": null,
      "extraTypeInfo": null,
      "filterable": true,
      "groupable": false,
      "inlineHelpText": null,
      "label": "Address",
      "name": "Address",
      "nillable": true,
      "picklistValues": [],
      "referenceTo": [],
      "relationshipName": null,
      "sortable": false,
      "type": "address"
    },
    {
      "aggregatable": true,
      "custom": false,
      "defaultValue": null,
      "extraTypeInfo": null,
      "filterable": true,
      "groupable": true,
      "inlineHelpText": null,
      "label": "Phone",
      "name": "Phone",
      "nillable": true,
      "picklistValues": [],
      "referenceTo": [],
      "relationshipName": null,
      "sortable": true,
      "type": "phone"
    },
    {
      "aggregatable": true,
      "custom": false,
      "defaultValue": null,
      "extraTypeInfo": null,
      "filterable": true,
      "groupable": true,
      "inlineHelpText": null,
      "label": "Mobile Phone",
      "name": "MobilePhone",
      "nillable": true,
      "picklistValues": [],
      "referenceTo": [],
      "relationshipName": null,
      "sortable": true,
      "type": "phone"
    },
    {
      "aggregatable": true,
      "custom": false,
      "defaultValue": null,
      "extraTypeInfo": null,
      "filterable": true,
      "groupable": true,
      "inlineHelpText": null,
      "label": "Fax",
      "name": "Fax",
      "nillable": true,
      "picklistValues": [],
      "referenceTo": [],
      "relationshipName": null,
      "sortable": true,
      "type": "phone"
    },
    {
      "aggregatable": true,
      "custom": false,
      "defaultValue": null,
      "extraTypeInfo": null,
      "filterable": true,
      "groupable": true,
      "inlineHelpText": null,
      "label": "Email",
      "name": "Email",
      "nillable": true,
      "picklistValues": [],
      "referenceTo": [],
      "relationshipName": null,
      "sortable": true,
      "type": "email"
    },
    {
      "aggregatable": true,
      "custom": false,
      "defaultValue": null,
      "extraTypeInfo": null,
      "filterable": true,
      "groupable": true,
      "inlineHelpText": null,
      "label": "Website",
      "name": "Website",
      "nillable": true,
      "picklistValues": [],
      "referenceTo": [],
      "relationshipName": null,
      "sortable": true,
      "type": "url"
    },
    {
      "aggregatable": true,
      "custom": false,
      "defaultValue": null,
      "extraTypeInfo": "imageurl",
      "filterable": true,
      "groupable": true,
      "inlineHelpText": null,
      "label": "Photo URL",
      "name": "PhotoUrl",
      "nillable": true,
      "picklistValues": [],
      "referenceTo": [],
      "relationshipName": null,
      "sortable": true,
      "type": "url"
    },
    {
      "aggregatable": false,
      "custom": false,
      "defaultValue": null,
      "extraTypeInfo": "plaintextarea",
      "filterable": false,
      "groupable": false,
      "inlineHelpText": null,
      "label": "Description",
      "name": "Description",
      "nillable": true,
      "picklistValues": [],
      "referenceTo": [],
      "relationshipName": null,
      "sortable": false,
      "type": "textarea"
    },
    {
      "aggregatable": true,
      "custom": false,
      "defaultValue": null,
      "extraTypeInfo": null,
      "filterable": true,
      "groupable": true,
      "inlineHelpText": null,
      "label": "Lead Source",
      "name": "LeadSource",
      "nillable": true,
      "picklistValues": [
        {
          "active": true,
          "defaultValue": false,
          "label": "Web",
          "validFor": null,
          "value": "Web"
        },
        {
          "active": true,
          "defaultValue": false,
          "label": "Phone Inquiry",
          "validFor": null,
          "value": "Phone Inquiry"
        },
        {
          "active": true,
          "defaultValue": false,
          "label": "Partner Referral",
          "validFor": null,
          "value": "Partner Referral"
        },
        {
          "active": true,
          "defaultValue": false,
          "label": "Purchased List",
          "validFor": null,
          "value": "Purchased List"
        },
        {
          "active": true,
          "defaultValue": false,
          "label": "Other",
          "validFor": null,
          "value": "Other"
        }
      ],
      "referenceTo": [],
      "relationshipName": null,
      "sortable": true,
      "type": "picklist"
    },
    {
      "aggregatable": true,
      "custom": false,
      "defaultValue": "Open - Not Contacted",
      "extraTypeInfo": null,
      "filterable": true,
      "groupable": true,
      "inlineHelpText": null,
      "label": "Status",
      "name": "Status",
      "nillable": false,
      "picklistValues": [
        {
          "active": true,
          "defaultValue": true,
          "label": "Open - Not Contacted",
          "validFor": null,
          "value": "Open - Not Contacted"
        },
        {
          "active": true,
          "defaultValue": false,
          "label": "Working - Contacted",
          "validFor": null,
          "value": "Working - Contacted"
        },
        {
          "active": true,
          "defaultValue": false,
          "label": "Closed - Converted",
          "validFor": null,
          "value": "Closed - Converted"
        }
      ],
      "referenceTo": [],
      "relationshipName": null,
      "sortable": true,
      "type": "picklist"
    },
    {
      "aggregatable": true,
      "custom": false,
      "defaultValue": null,
      "extraTypeInfo": null,
      "filterable": true,
      "groupable": true,
      "inlineHelpText": null,
      "label": "Industry",
      "name": "Industry",
      "nillable": true,
      "picklistValues": [
        {
          "active": true,
          "defaultValue": false,
          "label": "Agriculture",
          "validFor": null,
          "value": "Agriculture"
        },
        {
          "active": true,
          "defaultValue": false,
          "label": "Apparel",
          "validFor": null,
          "value": "Apparel"
        },
        {
          "active": true,
          "defaultValue": false,
          "label": "Banking",
          "validFor": null,
          "value": "Banking"
        },
        {
          "active": true,
          "defaultValue": false,
          "label": "Biotechnology",
          "validFor": null,
          "value": "Biotechnology"
        },
        {
          "active": true,
          "defaultValue": false,
          "label": "Chemicals",
          "validFor": null,
          "value": "Chemicals"
        },
        {
          "active": true,
          "defaultValue": false,
          "label": "Communications",
          "validFor": null,
          "value": "Communications"
        },
        {
          "active": true,
          "defaultValue": false,
          "label": "Construction",
          "validFor": null,
          "value": "Construction"
        },
        {
          "active": true,
          "defaultValue": false,
          "label": "Consulting",
          "validFor": null,
          "value": "Consulting"
        },
        {
          "active": true,
          "defaultValue": false,
          "label": "Education",
          "validFor": null,
          "value": "Education"
        },
        {
          "active": true,
          "defaultValue": false,
          "label": "Electronics",
          "validFor": null,
          "value": "Electronics"
        },
        {
          "active": true,
          "defaultValue": false,
          "label": "Energy",
          "validFor": null,
          "value": "Energy"
        },
        {
          "active": true,
          "defaultValue": false,
          "label": "Engineering",
          "validFor": null,
          "value": "Engineering"
        },
        {
          "active": true,
          "defaultValue": false,
          "label": "Entertainment",
          "validFor": null,
          "value": "Entertainment"
        },
        {
          "active": true,
          "defaultValue": false,
          "label": "Environmental",
          "validFor": null,
          "value": "Environmental"
        },
        {
          "active": true,
          "defaultValue": false,
          "label": "Finance",
          "validFor": null,
          "value": "Finance"
        },
        {
          "active": true,
          "defaultValue": false,
          "label": "Food & Beverage",
          "validFor": null,
          "value": "Food & Beverage"
        },
        {
          "active": true,
          "defaultValue": false,
          "label": "Government",
          "validFor": null,
          "value": "Government"
        },
        {
          "active": true,
          "defaultValue": false,
          "label": "Healthcare",
          "validFor": null,
          "value": "Healthcare"
        },
        {
          "active": true,
          "defaultValue": false,
          "label": "Hospitality",
          "validFor": null,
          "value": "Hospitality"
        },
        {
          "active": true,
          "defaultValue": false,
          "label": "Insurance",
          "validFor": null,
          "value": "Insurance"
        },
        {
          "active": true,
          "defaultValue": false,
          "label": "Machinery",
          "validFor": null,
          "value": "Machinery"
        },
        {
          "active": true,
          "defaultValue": false,
          "label": "Manufacturing",
          "validFor": null,
          "value": "Manufacturing"
        },
        {
          "active": true,
          "defaultValue": false,
          "label": "Media",
          "validFor": null,
          "value": "Media"
        },
        {
          "active": true,
          "defaultValue": false,
          "label": "Not For Profit",
          "validFor": null,
          "value": "Not For Profit"
        },
        {
          "active": true,
          "defaultValue": false,
          "label": "Recreation",
          "validFor": null,
          "value": "Recreation"
        },
        {
          "active": true,
          "defaultValue": false,
          "label": "Retail",
          "validFor": null,
          "value": "Retail"
        },
        {
          "active": true,
          "defaultValue": false,
          "label": "Shipping",
          "validFor": null,
          "value": "Shipping"
        },
        {
          "active": true,
          "defaultValue": false,
          "label": "Technology",
          "validFor": null,
          "value": "Technology"
        },
        {
          "active": true,
          "defaultValue": false,
          "label": "Telecommunications",
          "validFor": null,
          "value": "Telecommunications"
        },
        {
          "active": true,
          "defaultValue": false,
          "label": "Transportation",
          "validFor": null,
          "value": "Transportation"
        },
        {
          "active": true,
          "defaultValue": false,
          "label": "Utilities",
          "validFor": null,
          "value": "Utilities"
        },
        {
          "active": true,
          "defaultValue": false,
          "label": "Other",
          "validFor": null,
          "value": "Other"
        }
      ],
      "referenceTo": [],
      "relationshipName": null,
      "sortable": true,
      "type": "picklist"
    },
    {
      "aggregatable": true,
      "custom": false,
      "defaultValue": null,
      "extraTypeInfo": null,
      "filterable": true,
      "groupable": true,
      "inlineHelpText": null,
      "label": "Rating",
      "name": "Rating",
      "nillable": true,
      "picklistValues": [
        {
          "active": true,
          "defaultValue": false,
          "label": "Hot",
          "validFor": null,
          "value": "Hot"
        },
        {
          "active": true,
          "defaultValue": false,
          "label": "Warm",
          "validFor": null,
          "value": "Warm"
        },
        {
          "active": true,
          "defaultValue": false,
          "label": "Cold",
          "validFor": null,
          "value": "Cold"
        }
      ],
      "referenceTo": [],
      "relationshipName": null,
      "sortable": true,
      "type": "picklist"
    },
    {
      "aggregatable": true,
      "custom": false,
      "defaultValue": null,
      "extraTypeInfo": null,
      "filterable": true,
      "groupable": false,
      "inlineHelpText": null,
      "label": "Annual Revenue",
      "name": "AnnualRevenue",
      "nillable": true,
      "picklistValues": [],
      "referenceTo": [],
      "relationshipName": null,
      "sortable": true,
      "type": "currency"
    },
    {
      "aggregatable": true,
      "custom": false,
      "defaultValue": null,
      "extraTypeInfo": null,
      "filterable": true,
      "groupable": true,
      "inlineHelpText": null,
      "label": "Employees",
      "name": "NumberOfEmployees",
      "nillable": true,
      "picklistValues": [],
      "referenceTo": [],
      "relationshipName": null,
      "sortable": true,
      "type": "int"
    },
    {
      "aggregatable": true,
      "custom": false,
      "defaultValue": null,
      "extraTypeInfo": null,
      "filterable": true,
      "groupable": true,
      "inlineHelpText": null,
      "label": "Owner ID",
      "name": "OwnerId",
      "nillable": false,
      "picklistValues": [],
      "referenceTo": [
        "Group",
        "User"
      ],
      "relationshipName": "Owner",
      "sortable": true,
      "type": "reference"
    },
    {
      "aggregatable": false,
      "custom": false,
      "defaultValue": false,
      "extraTypeInfo": null,
      "filterable": true,
      "groupable": true,
      "inlineHelpText": null,
      "label": "Email Opt Out",
      "name": "HasOptedOutOfEmail",
      "nillable": false,
      "picklistValues": [],
      "referenceTo": [],
      "relationshipName": null,
      "sortable": true,
      "type": "boolean"
    },
    {
      "aggregatable": false,
      "custom": false,
      "defaultValue": false,
      "extraTypeInfo": null,
      "filterable": true,
      "groupable": true,
      "inlineHelpText": null,
      "label": "Converted",
      "name": "IsConverted",
      "nillable": false,
      "picklistValues": [],
      "referenceTo": [],
      "relationshipName": null,
      "sortable": true,
      "type": "boolean"
    },
    {
      "aggregatable": true,
      "custom": false,
      "defaultValue": null,
      "extraTypeInfo": null,
      "filterable": true,
      "groupable": true,
      "inlineHelpText": null,
      "label": "Converted Date",
      "name": "ConvertedDate",
      "nillable": true,
      "picklistValues": [],
      "referenceTo": [],
      "relationshipName": null,
      "sortable": true,
      "type": "date"
    },
    {
      "aggregatable": true,
      "custom": false,
      "defaultValue": null,
      "extraTypeInfo": null,
      "filterable": true,
      "groupable": true,
      "inlineHelpText": null,
      "label": "Converted Account ID",
      "name": "ConvertedAccountId",
      "nillable": true,
      "picklistValues": [],
      "referenceTo": [
        "Account"
      ],
      "relationshipName": "ConvertedAccount",
      "sortable": true,
      "type": "reference"
    },
    {
      "aggregatable": true,
      "custom": false,
      "defaultValue": null,
      "extraTypeInfo": null,
      "filterable": true,
      "groupable": true,
      "inlineHelpText": null,
      "label": "Converted Contact ID",
      "name": "ConvertedContactId",
      "nillable": true,
      "picklistValues": [],
      "referenceTo": [
        "Contact"
      ],
      "relationshipName": "ConvertedContact",
      "sortable": true,
      "type": "reference"
    },
    {
      "aggregatable": true,
      "custom": false,
      "defaultValue": null,
      "extraTypeInfo": null,
      "filterable": true,
      "groupable": true,
      "inlineHelpText": null,
      "label": "Converted Opportunity ID",
      "name": "ConvertedOpportunityId",
      "nillable": true,
      "picklistValues": [],
      "referenceTo": [
        "Opportunity"
      ],
      "relationshipName": "ConvertedOpportunity",
      "sortable": true,
      "type": "reference"
    },
    {
      "aggregatable": false,
      "custom": false,
      "defaultValue": false,
      "extraTypeInfo": null,
      "filterable": true,
      "groupable": true,
      "inlineHelpText": null,
      "label": "Unread By Owner",
      "name": "IsUnreadByOwner",
      "nillable": false,
      "picklistValues": [],
      "referenceTo": [],
      "relationshipName": null,
      "sortable": true,
      "type": "boolean"
    },
    {
      "aggregatable": true,
      "custom": false,
      "defaultValue": null,
      "extraTypeInfo": null,
      "filterable": true,
      "groupable": false,
      "inlineHelpText": null,
      "label": "Created Date",
      "name": "CreatedDate",
      "nillable": false,
      "picklistValues": [],
      "referenceTo": [],
      "relationshipName": null,
      "sortable": true,
      "type": "datetime"
    },
    {
      "aggregatable": true,
      "custom": false,
      "defaultValue": null,
      "extraTypeInfo": null,
      "filterable": true,
      "groupable": true,
      "inlineHelpText": null,
      "label": "Created By ID",
      "name": "CreatedById",
      "nillable": false,
      "picklistValues": [],
      "referenceTo": [
        "User"
      ],
      "relationshipName": "CreatedBy",
      "sortable": true,
      "type": "reference"
    },
    {
      "aggregatable": true,
      "custom": false,
      "defaultValue": null,
      "extraTypeInfo": null,
      "filterable": true,
      "groupable": false,
      "inlineHelpText": null,
      "label": "Last Modified Date",
      "name": "LastModifiedDate",
      "nillable": false,
      "picklistValues": [],
      "referenceTo": [],
      "relationshipName": null,
      "sortable": true,
      "type": "datetime"
    },
    {
      "aggregatable": true,
      "custom": false,
      "defaultValue": null,
      "extraTypeInfo": null,
      "filterable": true,
      "groupable": true,
      "inlineHelpText": null,
      "label": "Last Modified By ID",
      "name": "LastModifiedById",
      "nillable": false,
      "picklistValues": [],
      "referenceTo": [
        "User"
      ],
      "relationshipName": "LastModifiedBy",
      "sortable": true,
      "type": "reference"
    },
    {
      "aggregatable": true,
      "custom": false,
      "defaultValue": null,
      "extraTypeInfo": null,
      "filterable": true,
      "groupable": false,
      "inlineHelpText": null,
      "label": "System Modstamp",
      "name": "SystemModstamp",
      "nillable": false,
      "picklistValues": [],
      "referenceTo": [],
      "relationshipName": null,
      "sortable": true,
      "type": "datetime"
    },
    {
      "aggregatable": true,
      "custom": false,
      "defaultValue": null,
      "extraTypeInfo": null,
      "filterable": true,
      "groupable": true,
      "inlineHelpText": null,
      "label": "Last Activity",
      "name": "LastActivityDate",
      "nillable": true,
      "picklistValues": [],
      "referenceTo": [],
      "relationshipName": null,
      "sortable": true,
      "type": "date"
    },
    {
      "aggregatable": true,
      "custom": false,
      "defaultValue": null,
      "extraTypeInfo": null,
      "filterable": true,
      "groupable": false,
      "inlineHelpText": null,
      "label": "Last Viewed Date",
      "name": "LastViewedDate",
      "nillable": true,
      "picklistValues": [],
      "referenceTo": [],
      "relationshipName": null,
      "sortable": true,
      "type": "datetime"
    },
    {
      "aggregatable": true,
      "custom": false,
      "defaultValue": null,
      "extraTypeInfo": null,
      "filterable": true,
      "groupable": false,
      "inlineHelpText": null,
      "label": "Last Referenced Date",
      "name": "LastReferencedDate",
      "nillable": true,
      "picklistValues": [],
      "referenceTo": [],
      "relationshipName": null,
      "sortable": true,
      "type": "datetime"
    },
    {
      "aggregatable": true,
      "custom": false,
      "defaultValue": null,
      "extraTypeInfo": null,
      "filterable": true,
      "groupable": true,
      "inlineHelpText": null,
      "label": "Data.com Key",
      "name": "Jigsaw",
      "nillable": true,
      "picklistValues": [],
      "referenceTo": [],
      "relationshipName": null,
      "sortable": true,
      "type": "string"
    },
    {
      "aggregatable": true,
      "custom": false,
      "defaultValue": null,
      "extraTypeInfo": null,
      "filterable": true,
      "groupable": true,
      "inlineHelpText": null,
      "label": "Jigsaw Contact ID",
      "name": "JigsawContactId",
      "nillable": true,
      "picklistValues": [],
      "referenceTo": [],
      "relationshipName": "JigsawContact",
      "sortable": true,
      "type": "string"
    },
    {
      "aggregatable": true,
      "custom": false,
      "defaultValue": null,
      "extraTypeInfo": null,
      "filterable": true,
      "groupable": true,
      "inlineHelpText": null,
      "label": "Clean Status",
      "name": "CleanStatus",
      "nillable": true,
      "picklistValues": [
        {
          "active": true,
          "defaultValue": false,
          "label": "In Sync",
          "validFor": null,
          "value": "Matched"
        },
        {
          "active": true,
          "defaultValue": false,
          "label": "Different",
          "validFor": null,
          "value": "Different"
        },
        {
          "active": true,
          "defaultValue": false,
          "label": "Reviewed",
          "validFor": null,
          "value": "Acknowledged"
        },
        {
          "active": true,
          "defaultValue": false,
          "label": "Not Found",
          "validFor": null,
          "value": "NotFound"
        },
        {
          "active": true,
          "defaultValue": false,
          "label": "Inactive",
          "validFor": null,
          "value": "Inactive"
        },
        {
          "active": true,
          "defaultValue": false,
          "label": "Not Compared",
          "validFor": null,
          "value": "Pending"
        },
        {
          "active": true,
          "defaultValue": false,
          "label": "Select Match",
          "validFor": null,
          "value": "SelectMatch"
        },
        {
          "active": true,
          "defaultValue": false,
          "label": "Skipped",
          "validFor": null,
          "value": "Skipped"
        }
      ],
      "referenceTo": [],
      "relationshipName": null,
      "sortable": true,
      "type": "picklist"
    },
    {
      "aggregatable": true,
      "custom": false,
      "defaultValue": null,
      "extraTypeInfo": null,
      "filterable": true,
      "groupable": true,
      "inlineHelpText": null,
      "label": "Company D-U-N-S Number",
      "name": "CompanyDunsNumber",
      "nillable": true,
      "picklistValues": [],
      "referenceTo": [],
      "relationshipName": null,
      "sortable": true,
      "type": "string"
    },
    {
      "aggregatable": true,
      "custom": false,
      "defaultValue": null,
      "extraTypeInfo": null,
      "filterable": true,
      "groupable": true,
      "inlineHelpText": null,
      "label": "D&B Company ID",
      "name": "DandbCompanyId",
      "nillable": true,
      "picklistValues": [],
      "referenceTo": [
        "DandBCompany"
      ],
      "relationshipName": "DandbCompany",
      "sortable": true,
      "type": "reference"
    },
    {
      "aggregatable": true,
      "custom": false,
      "defaultValue": null,
      "extraTypeInfo": null,
      "filterable": true,
      "groupable": true,
      "inlineHelpText": null,
      "label": "Received Connection ID",
      "name": "ConnectionReceivedId",
      "nillable": true,
      "picklistValues": [],
      "referenceTo": [
        "PartnerNetworkConnection"
      ],
      "relationshipName": "ConnectionReceived",
      "sortable": true,
      "type": "reference"
    },
    {
      "aggregatable": true,
      "custom": false,
      "defaultValue": null,
      "extraTypeInfo": null,
      "filterable": true,
      "groupable": true,
      "inlineHelpText": null,
      "label": "Sent Connection ID",
      "name": "ConnectionSentId",
      "nillable": true,
      "picklistValues": [],
      "referenceTo": [
        "PartnerNetworkConnection"
      ],
      "relationshipName": "ConnectionSent",
      "sortable": true,
      "type": "reference"
    },
    {
      "aggregatable": true,
      "custom": false,
      "defaultValue": null,
      "extraTypeInfo": null,
      "filterable": true,
      "groupable": true,
      "inlineHelpText": null,
      "label": "Email Bounced Reason",
      "name": "EmailBouncedReason",
      "nillable": true,
      "picklistValues": [],
      "referenceTo": [],
      "relationshipName": null,
      "sortable": true,
      "type": "string"
    },
    {
      "aggregatable": true,
      "custom": false,
      "defaultValue": null,
      "extraTypeInfo": null,
      "filterable": true,
      "groupable": false,
      "inlineHelpText": null,
      "label": "Email Bounced Date",
      "name": "EmailBouncedDate",
      "nillable": true,
      "picklistValues": [],
      "referenceTo": [],
      "relationshipName": null,
      "sortable": true,
      "type": "datetime"
    },
    {
      "aggregatable": true,
      "custom": false,
      "defaultValue": null,
      "extraTypeInfo": null,
      "filterable": true,
      "groupable": true,
      "inlineHelpText": null,
      "label": "Individual ID",
      "name": "IndividualId",
      "nillable": true,
      "picklistValues": [],
      "referenceTo": [
        "Individual"
      ],
      "relationshipName": "Individual",
      "sortable": true,
      "type": "reference"
    },
    {
      "aggregatable": true,
      "custom": true,
      "defaultValue": null,
      "extraTypeInfo": null,
      "filterable": true,
      "groupable": true,
      "inlineHelpText": null,
      "label": "SIC Code",
      "name": "IntFW__SICCode__c",
      "nillable": true,
      "picklistValues": [],
      "referenceTo": [],
      "relationshipName": null,
      "sortable": true,
      "type": "string"
    },
    {
      "aggregatable": true,
      "custom": true,
      "defaultValue": null,
      "extraTypeInfo": null,
      "filterable": true,
      "groupable": true,
      "inlineHelpText": null,
      "label": "Product Interest",
      "name": "IntFW__ProductInterest__c",
      "nillable": true,
      "picklistValues": [
        {
          "active": true,
          "defaultValue": false,
          "label": "GC1000 series",
          "validFor": null,
          "value": "GC1000 series"
        },
        {
          "active": true,
          "defaultValue": false,
          "label": "GC5000 series",
          "validFor": null,
          "value": "GC5000 series"
        },
        {
          "active": true,
          "defaultValue": false,
          "label": "GC3000 series",
          "validFor": null,
          "value": "GC3000 series"
        }
      ],
      "referenceTo": [],
      "relationshipName": null,
      "sortable": true,
      "type": "picklist"
    },
    {
      "aggregatable": true,
      "custom": true,
      "defaultValue": null,
      "extraTypeInfo": null,
      "filterable": true,
      "groupable": true,
      "inlineHelpText": null,
      "label": "Primary",
      "name": "IntFW__Primary__c",
      "nillable": true,
      "picklistValues": [
        {
          "active": true,
          "defaultValue": false,
          "label": "No",
          "validFor": null,
          "value": "No"
        },
        {
          "active": true,
          "defaultValue": false,
          "label": "Yes",
          "validFor": null,
          "value": "Yes"
        }
      ],
      "referenceTo": [],
      "relationshipName": null,
      "sortable": true,
      "type": "picklist"
    },
    {
      "aggregatable": true,
      "custom": true,
      "defaultValue": null,
      "extraTypeInfo": null,
      "filterable": true,
      "groupable": true,
      "inlineHelpText": null,
      "label": "Current Generator(s)",
      "name": "IntFW__CurrentGenerators__c",
      "nillable": true,
      "picklistValues": [],
      "referenceTo": [],
      "relationshipName": null,
      "sortable": true,
      "type": "string"
    },
    {
      "aggregatable": true,
      "custom": true,
      "defaultValue": null,
      "extraTypeInfo": null,
      "filterable": true,
      "groupable": false,
      "inlineHelpText": null,
      "label": "Number of Locations",
      "name": "IntFW__NumberofLocations__c",
      "nillable": true,
      "picklistValues": [],
      "referenceTo": [],
      "relationshipName": null,
      "sortable": true,
      "type": "double"
    },
    {
      "aggregatable": false,
      "custom": true,
      "defaultValue": false,
      "extraTypeInfo": null,
      "filterable": true,
      "groupable": true,
      "inlineHelpText": null,
      "label": "Mobile Opt Out",
      "name": "et4ae5__HasOptedOutOfMobile__c",
      "nillable": false,
      "picklistValues": [],
      "referenceTo": [],
      "relationshipName": null,
      "sortable": true,
      "type": "boolean"
    },
    {
      "aggregatable": true,
      "custom": true,
      "defaultValue": "US",
      "extraTypeInfo": null,
      "filterable": true,
      "groupable": true,
      "inlineHelpText": null,
      "label": "Mobile Country Code",
      "name": "et4ae5__Mobile_Country_Code__c",
      "nillable": true,
      "picklistValues": [
        {
          "active": true,
          "defaultValue": true,
          "label": "US",
          "validFor": null,
          "value": "US"
        },
        {
          "active": true,
          "defaultValue": false,
          "label": "AC",
          "validFor": null,
          "value": "AC"
        },
        {
          "active": true,
          "defaultValue": false,
          "label": "AD",
          "validFor": null,
          "value": "AD"
        },
        {
          "active": true,
          "defaultValue": false,
          "label": "AE",
          "validFor": null,
          "value": "AE"
        },
        {
          "active": true,
          "defaultValue": false,
          "label": "AF",
          "validFor": null,
          "value": "AF"
        },
        {
          "active": true,
          "defaultValue": false,
          "label": "AG",
          "validFor": null,
          "value": "AG"
        },
        {
          "active": true,
          "defaultValue": false,
          "label": "AI",
          "validFor": null,
          "value": "AI"
        },
        {
          "active": true,
          "defaultValue": false,
          "label": "AL",
          "validFor": null,
          "value": "AL"
        },
        {
          "active": true,
          "defaultValue": false,
          "label": "AM",
          "validFor": null,
          "value": "AM"
        },
        {
          "active": true,
          "defaultValue": false,
          "label": "AO",
          "validFor": null,
          "value": "AO"
        },
        {
          "active": true,
          "defaultValue": false,
          "label": "AQ",
          "validFor": null,
          "value": "AQ"
        },
        {
          "active": true,
          "defaultValue": false,
          "label": "AR",
          "validFor": null,
          "value": "AR"
        },
        {
          "active": true,
          "defaultValue": false,
          "label": "AS",
          "validFor": null,
          "value": "AS"
        },
        {
          "active": true,
          "defaultValue": false,
          "label": "AT",
          "validFor": null,
          "value": "AT"
        },
        {
          "active": true,
          "defaultValue": false,
          "label": "AU",
          "validFor": null,
          "value": "AU"
        },
        {
          "active": true,
          "defaultValue": false,
          "label": "AW",
          "validFor": null,
          "value": "AW"
        },
        {
          "active": true,
          "defaultValue": false,
          "label": "AX",
          "validFor": null,
          "value": "AX"
        },
        {
          "active": true,
          "defaultValue": false,
          "label": "AZ",
          "validFor": null,
          "value": "AZ"
        },
        {
          "active": true,
          "defaultValue": false,
          "label": "BA",
          "validFor": null,
          "value": "BA"
        },
        {
          "active": true,
          "defaultValue": false,
          "label": "BB",
          "validFor": null,
          "value": "BB"
        },
        {
          "active": true,
          "defaultValue": false,
          "label": "BD",
          "validFor": null,
          "value": "BD"
        },
        {
          "active": true,
          "defaultValue": false,
          "label": "BE",
          "validFor": null,
          "value": "BE"
        },
        {
          "active": true,
          "defaultValue": false,
          "label": "BF",
          "validFor": null,
          "value": "BF"
        },
        {
          "active": true,
          "defaultValue": false,
          "label": "BG",
          "validFor": null,
          "value": "BG"
        },
        {
          "active": true,
          "defaultValue": false,
          "label": "BH",
          "validFor": null,
          "value": "BH"
        },
        {
          "active": true,
          "defaultValue": false,
          "label": "BI",
          "validFor": null,
          "value": "BI"
        },
        {
          "active": true,
          "defaultValue": false,
          "label": "BJ",
          "validFor": null,
          "value": "BJ"
        },
        {
          "active": true,
          "defaultValue": false,
          "label": "BL",
          "validFor": null,
          "value": "BL"
        },
        {
          "active": true,
          "defaultValue": false,
          "label": "BM",
          "validFor": null,
          "value": "BM"
        },
        {
          "active": true,
          "defaultValue": false,
          "label": "BN",
          "validFor": null,
          "value": "BN"
        },
        {
          "active": true,
          "defaultValue": false,
          "label": "BO",
          "validFor": null,
          "value": "BO"
        },
        {
          "active": true,
          "defaultValue": false,
          "label": "BQ",
          "validFor": null,
          "value": "BQ"
        },
        {
          "active": true,
          "defaultValue": false,
          "label": "BR",
          "validFor": null,
          "value": "BR"
        },
        {
          "active": true,
          "defaultValue": false,
          "label": "BS",
          "validFor": null,
          "value": "BS"
        },
        {
          "active": true,
          "defaultValue": false,
          "label": "BT",
          "validFor": null,
          "value": "BT"
        },
        {
          "active": true,
          "defaultValue": false,
          "label": "BV",
          "validFor": null,
          "value": "BV"
        },
        {
          "active": true,
          "defaultValue": false,
          "label": "BW",
          "validFor": null,
          "value": "BW"
        },
        {
          "active": true,
          "defaultValue": false,
          "label": "BY",
          "validFor": null,
          "value": "BY"
        },
        {
          "active": true,
          "defaultValue": false,
          "label": "BZ",
          "validFor": null,
          "value": "BZ"
        },
        {
          "active": true,
          "defaultValue": false,
          "label": "CA",
          "validFor": null,
          "value": "CA"
        },
        {
          "active": true,
          "defaultValue": false,
          "label": "CC",
          "validFor": null,
          "value": "CC"
        },
        {
          "active": true,
          "defaultValue": false,
          "label": "CD",
          "validFor": null,
          "value": "CD"
        },
        {
          "active": true,
          "defaultValue": false,
          "label": "CF",
          "validFor": null,
          "value": "CF"
        },
        {
          "active": true,
          "defaultValue": false,
          "label": "CG",
          "validFor": null,
          "value": "CG"
        },
        {
          "active": true,
          "defaultValue": false,
          "label": "CH",
          "validFor": null,
          "value": "CH"
        },
        {
          "active": true,
          "defaultValue": false,
          "label": "CI",
          "validFor": null,
          "value": "CI"
        },
        {
          "active": true,
          "defaultValue": false,
          "label": "CK",
          "validFor": null,
          "value": "CK"
        },
        {
          "active": true,
          "defaultValue": false,
          "label": "CL",
          "validFor": null,
          "value": "CL"
        },
        {
          "active": true,
          "defaultValue": false,
          "label": "CM",
          "validFor": null,
          "value": "CM"
        },
        {
          "active": true,
          "defaultValue": false,
          "label": "CN",
          "validFor": null,
          "value": "CN"
        },
        {
          "active": true,
          "defaultValue": false,
          "label": "CO",
          "validFor": null,
          "value": "CO"
        },
        {
          "active": true,
          "defaultValue": false,
          "label": "CR",
          "validFor": null,
          "value": "CR"
        },
        {
          "active": true,
          "defaultValue": false,
          "label": "CU",
          "validFor": null,
          "value": "CU"
        },
        {
          "active": true,
          "defaultValue": false,
          "label": "CV",
          "validFor": null,
          "value": "CV"
        },
        {
          "active": true,
          "defaultValue": false,
          "label": "CW",
          "validFor": null,
          "value": "CW"
        },
        {
          "active": true,
          "defaultValue": false,
          "label": "CX",
          "validFor": null,
          "value": "CX"
        },
        {
          "active": true,
          "defaultValue": false,
          "label": "CY",
          "validFor": null,
          "value": "CY"
        },
        {
          "active": true,
          "defaultValue": false,
          "label": "CZ",
          "validFor": null,
          "value": "CZ"
        },
        {
          "active": true,
          "defaultValue": false,
          "label": "DE",
          "validFor": null,
          "value": "DE"
        },
        {
          "active": true,
          "defaultValue": false,
          "label": "DJ",
          "validFor": null,
          "value": "DJ"
        },
        {
          "active": true,
          "defaultValue": false,
          "label": "DK",
          "validFor": null,
          "value": "DK"
        },
        {
          "active": true,
          "defaultValue": false,
          "label": "DM",
          "validFor": null,
          "value": "DM"
        },
        {
          "active": true,
          "defaultValue": false,
          "label": "DO",
          "validFor": null,
          "value": "DO"
        },
        {
          "active": true,
          "defaultValue": false,
          "label": "DZ",
          "validFor": null,
          "value": "DZ"
        },
        {
          "active": true,
          "defaultValue": false,
          "label": "EC",
          "validFor": null,
          "value": "EC"
        },
        {
          "active": true,
          "defaultValue": false,
          "label": "EE",
          "validFor": null,
          "value": "EE"
        },
        {
          "active": true,
          "defaultValue": false,
          "label": "EG",
          "validFor": null,
          "value": "EG"
        },
        {
          "active": true,
          "defaultValue": false,
          "label": "ER",
          "validFor": null,
          "value": "ER"
        },
        {
          "active": true,
          "defaultValue": false,
          "label": "ES",
          "validFor": null,
          "value": "ES"
        },
        {
          "active": true,
          "defaultValue": false,
          "label": "ET",
          "validFor": null,
          "value": "ET"
        },
        {
          "active": true,
          "defaultValue": false,
          "label": "FI",
          "validFor": null,
          "value": "FI"
        },
        {
          "active": true,
          "defaultValue": false,
          "label": "FJ",
          "validFor": null,
          "value": "FJ"
        },
        {
          "active": true,
          "defaultValue": false,
          "label": "FK",
          "validFor": null,
          "value": "FK"
        },
        {
          "active": true,
          "defaultValue": false,
          "label": "FM",
          "validFor": null,
          "value": "FM"
        },
        {
          "active": true,
          "defaultValue": false,
          "label": "FO",
          "validFor": null,
          "value": "FO"
        },
        {
          "active": true,
          "defaultValue": false,
          "label": "FR",
          "validFor": null,
          "value": "FR"
        },
        {
          "active": true,
          "defaultValue": false,
          "label": "GA",
          "validFor": null,
          "value": "GA"
        },
        {
          "active": true,
          "defaultValue": false,
          "label": "GB",
          "validFor": null,
          "value": "GB"
        },
        {
          "active": true,
          "defaultValue": false,
          "label": "GD",
          "validFor": null,
          "value": "GD"
        },
        {
          "active": true,
          "defaultValue": false,
          "label": "GE",
          "validFor": null,
          "value": "GE"
        },
        {
          "active": true,
          "defaultValue": false,
          "label": "GF",
          "validFor": null,
          "value": "GF"
        },
        {
          "active": true,
          "defaultValue": false,
          "label": "GG",
          "validFor": null,
          "value": "GG"
        },
        {
          "active": true,
          "defaultValue": false,
          "label": "GH",
          "validFor": null,
          "value": "GH"
        },
        {
          "active": true,
          "defaultValue": false,
          "label": "GI",
          "validFor": null,
          "value": "GI"
        },
        {
          "active": true,
          "defaultValue": false,
          "label": "GL",
          "validFor": null,
          "value": "GL"
        },
        {
          "active": true,
          "defaultValue": false,
          "label": "GM",
          "validFor": null,
          "value": "GM"
        },
        {
          "active": true,
          "defaultValue": false,
          "label": "GN",
          "validFor": null,
          "value": "GN"
        },
        {
          "active": true,
          "defaultValue": false,
          "label": "GP",
          "validFor": null,
          "value": "GP"
        },
        {
          "active": true,
          "defaultValue": false,
          "label": "GQ",
          "validFor": null,
          "value": "GQ"
        },
        {
          "active": true,
          "defaultValue": false,
          "label": "GR",
          "validFor": null,
          "value": "GR"
        },
        {
          "active": true,
          "defaultValue": false,
          "label": "GS",
          "validFor": null,
          "value": "GS"
        },
        {
          "active": true,
          "defaultValue": false,
          "label": "GT",
          "validFor": null,
          "value": "GT"
        },
        {
          "active": true,
          "defaultValue": false,
          "label": "GU",
          "validFor": null,
          "value": "GU"
        },
        {
          "active": true,
          "defaultValue": false,
          "label": "GW",
          "validFor": null,
          "value": "GW"
        },
        {
          "active": true,
          "defaultValue": false,
          "label": "GY",
          "validFor": null,
          "value": "GY"
        },
        {
          "active": true,
          "defaultValue": false,
          "label": "HK",
          "validFor": null,
          "value": "HK"
        },
        {
          "active": true,
          "defaultValue": false,
          "label": "HM",
          "validFor": null,
          "value": "HM"
        },
        {
          "active": true,
          "defaultValue": false,
          "label": "HN",
          "validFor": null,
          "value": "HN"
        },
        {
          "active": true,
          "defaultValue": false,
          "label": "HR",
          "validFor": null,
          "value": "HR"
        },
        {
          "active": true,
          "defaultValue": false,
          "label": "HT",
          "validFor": null,
          "value": "HT"
        },
        {
          "active": true,
          "defaultValue": false,
          "label": "HU",
          "validFor": null,
          "value": "HU"
        },
        {
          "active": true,
          "defaultValue": false,
          "label": "ID",
          "validFor": null,
          "value": "ID"
        },
        {
          "active": true,
          "defaultValue": false,
          "label": "IE",
          "validFor": null,
          "value": "IE"
        },
        {
          "active": true,
          "defaultValue": false,
          "label": "IL",
          "validFor": null,
          "value": "IL"
        },
        {
          "active": true,
          "defaultValue": false,
          "label": "IM",
          "validFor": null,
          "value": "IM"
        },
        {
          "active": true,
          "defaultValue": false,
          "label": "IN",
          "validFor": null,
          "value": "IN"
        },
        {
          "active": true,
          "defaultValue": false,
          "label": "IO",
          "validFor": null,
          "value": "IO"
        },
        {
          "active": true,
          "defaultValue": false,
          "label": "IQ",
          "validFor": null,
          "value": "IQ"
        },
        {
          "active": true,
          "defaultValue": false,
          "label": "IR",
          "validFor": null,
          "value": "IR"
        },
        {
          "active": true,
          "defaultValue": false,
          "label": "IS",
          "validFor": null,
          "value": "IS"
        },
        {
          "active": true,
          "defaultValue": false,
          "label": "IT",
          "validFor": null,
          "value": "IT"
        },
        {
          "active": true,
          "defaultValue": false,
          "label": "JE",
          "validFor": null,
          "value": "JE"
        },
        {
          "active": true,
          "defaultValue": false,
          "label": "JM",
          "validFor": null,
          "value": "JM"
        },
        {
          "active": true,
          "defaultValue": false,
          "label": "JO",
          "validFor": null,
          "value": "JO"
        },
        {
          "active": true,
          "defaultValue": false,
          "label": "JP",
          "validFor": null,
          "value": "JP"
        },
        {
          "active": true,
          "defaultValue": false,
          "label": "KE",
          "validFor": null,
          "value": "KE"
        },
        {
          "active": true,
          "defaultValue": false,
          "label": "KG",
          "validFor": null,
          "value": "KG"
        },
        {
          "active": true,
          "defaultValue": false,
          "label": "KH",
          "validFor": null,
          "value": "KH"
        },
        {
          "active": true,
          "defaultValue": false,
          "label": "KI",
          "validFor": null,
          "value": "KI"
        },
        {
          "active": true,
          "defaultValue": false,
          "label": "KM",
          "validFor": null,
          "value": "KM"
        },
        {
          "active": true,
          "defaultValue": false,
          "label": "KN",
          "validFor": null,
          "value": "KN"
        },
        {
          "active": true,
          "defaultValue": false,
          "label": "KP",
          "validFor": null,
          "value": "KP"
        },
        {
          "active": true,
          "defaultValue": false,
          "label": "KR",
          "validFor": null,
          "value": "KR"
        },
        {
          "active": true,
          "defaultValue": false,
          "label": "KW",
          "validFor": null,
          "value": "KW"
        },
        {
          "active": true,
          "defaultValue": false,
          "label": "KY",
          "validFor": null,
          "value": "KY"
        },
        {
          "active": true,
          "defaultValue": false,
          "label": "KZ",
          "validFor": null,
          "value": "KZ"
        },
        {
          "active": true,
          "defaultValue": false,
          "label": "LA",
          "validFor": null,
          "value": "LA"
        },
        {
          "active": true,
          "defaultValue": false,
          "label": "LB",
          "validFor": null,
          "value": "LB"
        },
        {
          "active": true,
          "defaultValue": false,
          "label": "LC",
          "validFor": null,
          "value": "LC"
        },
        {
          "active": true,
          "defaultValue": false,
          "label": "LI",
          "validFor": null,
          "value": "LI"
        },
        {
          "active": true,
          "defaultValue": false,
          "label": "LK",
          "validFor": null,
          "value": "LK"
        },
        {
          "active": true,
          "defaultValue": false,
          "label": "LR",
          "validFor": null,
          "value": "LR"
        },
        {
          "active": true,
          "defaultValue": false,
          "label": "LS",
          "validFor": null,
          "value": "LS"
        },
        {
          "active": true,
          "defaultValue": false,
          "label": "LT",
          "validFor": null,
          "value": "LT"
        },
        {
          "active": true,
          "defaultValue": false,
          "label": "LU",
          "validFor": null,
          "value": "LU"
        },
        {
          "active": true,
          "defaultValue": false,
          "label": "LV",
          "validFor": null,
          "value": "LV"
        },
        {
          "active": true,
          "defaultValue": false,
          "label": "LY",
          "validFor": null,
          "value": "LY"
        },
        {
          "active": true,
          "defaultValue": false,
          "label": "MA",
          "validFor": null,
          "value": "MA"
        },
        {
          "active": true,
          "defaultValue": false,
          "label": "MC",
          "validFor": null,
          "value": "MC"
        },
        {
          "active": true,
          "defaultValue": false,
          "label": "MD",
          "validFor": null,
          "value": "MD"
        },
        {
          "active": true,
          "defaultValue": false,
          "label": "ME",
          "validFor": null,
          "value": "ME"
        },
        {
          "active": true,
          "defaultValue": false,
          "label": "MF",
          "validFor": null,
          "value": "MF"
        },
        {
          "active": true,
          "defaultValue": false,
          "label": "MG",
          "validFor": null,
          "value": "MG"
        },
        {
          "active": true,
          "defaultValue": false,
          "label": "MH",
          "validFor": null,
          "value": "MH"
        },
        {
          "active": true,
          "defaultValue": false,
          "label": "MK",
          "validFor": null,
          "value": "MK"
        },
        {
          "active": true,
          "defaultValue": false,
          "label": "ML",
          "validFor": null,
          "value": "ML"
        },
        {
          "active": true,
          "defaultValue": false,
          "label": "MM",
          "validFor": null,
          "value": "MM"
        },
        {
          "active": true,
          "defaultValue": false,
          "label": "MN",
          "validFor": null,
          "value": "MN"
        },
        {
          "active": true,
          "defaultValue": false,
          "label": "MO",
          "validFor": null,
          "value": "MO"
        },
        {
          "active": true,
          "defaultValue": false,
          "label": "MP",
          "validFor": null,
          "value": "MP"
        },
        {
          "active": true,
          "defaultValue": false,
          "label": "MQ",
          "validFor": null,
          "value": "MQ"
        },
        {
          "active": true,
          "defaultValue": false,
          "label": "MR",
          "validFor": null,
          "value": "MR"
        },
        {
          "active": true,
          "defaultValue": false,
          "label": "MS",
          "validFor": null,
          "value": "MS"
        },
        {
          "active": true,
          "defaultValue": false,
          "label": "MT",
          "validFor": null,
          "value": "MT"
        },
        {
          "active": true,
          "defaultValue": false,
          "label": "MU",
          "validFor": null,
          "value": "MU"
        },
        {
          "active": true,
          "defaultValue": false,
          "label": "MV",
          "validFor": null,
          "value": "MV"
        },
        {
          "active": true,
          "defaultValue": false,
          "label": "MW",
          "validFor": null,
          "value": "MW"
        },
        {
          "active": true,
          "defaultValue": false,
          "label": "MX",
          "validFor": null,
          "value": "MX"
        },
        {
          "active": true,
          "defaultValue": false,
          "label": "MY",
          "validFor": null,
          "value": "MY"
        },
        {
          "active": true,
          "defaultValue": false,
          "label": "MZ",
          "validFor": null,
          "value": "MZ"
        },
        {
          "active": true,
          "defaultValue": false,
          "label": "NA",
          "validFor": null,
          "value": "NA"
        },
        {
          "active": true,
          "defaultValue": false,
          "label": "NC",
          "validFor": null,
          "value": "NC"
        },
        {
          "active": true,
          "defaultValue": false,
          "label": "NE",
          "validFor": null,
          "value": "NE"
        },
        {
          "active": true,
          "defaultValue": false,
          "label": "NF",
          "validFor": null,
          "value": "NF"
        },
        {
          "active": true,
          "defaultValue": false,
          "label": "NG",
          "validFor": null,
          "value": "NG"
        },
        {
          "active": true,
          "defaultValue": false,
          "label": "NI",
          "validFor": null,
          "value": "NI"
        },
        {
          "active": true,
          "defaultValue": false,
          "label": "NL",
          "validFor": null,
          "value": "NL"
        },
        {
          "active": true,
          "defaultValue": false,
          "label": "NO",
          "validFor": null,
          "value": "NO"
        },
        {
          "active": true,
          "defaultValue": false,
          "label": "NP",
          "validFor": null,
          "value": "NP"
        },
        {
          "active": true,
          "defaultValue": false,
          "label": "NR",
          "validFor": null,
          "value": "NR"
        },
        {
          "active": true,
          "defaultValue": false,
          "label": "NU",
          "validFor": null,
          "value": "NU"
        },
        {
          "active": true,
          "defaultValue": false,
          "label": "NZ",
          "validFor": null,
          "value": "NZ"
        },
        {
          "active": true,
          "defaultValue": false,
          "label": "OM",
          "validFor": null,
          "value": "OM"
        },
        {
          "active": true,
          "defaultValue": false,
          "label": "PA",
          "validFor": null,
          "value": "PA"
        },
        {
          "active": true,
          "defaultValue": false,
          "label": "PE",
          "validFor": null,
          "value": "PE"
        },
        {
          "active": true,
          "defaultValue": false,
          "label": "PF",
          "validFor": null,
          "value": "PF"
        },
        {
          "active": true,
          "defaultValue": false,
          "label": "PG",
          "validFor": null,
          "value": "PG"
        },
        {
          "active": true,
          "defaultValue": false,
          "label": "PH",
          "validFor": null,
          "value": "PH"
        },
        {
          "active": true,
          "defaultValue": false,
          "label": "PK",
          "validFor": null,
          "value": "PK"
        },
        {
          "active": true,
          "defaultValue": false,
          "label": "PL",
          "validFor": null,
          "value": "PL"
        },
        {
          "active": true,
          "defaultValue": false,
          "label": "PM",
          "validFor": null,
          "value": "PM"
        },
        {
          "active": true,
          "defaultValue": false,
          "label": "PN",
          "validFor": null,
          "value": "PN"
        },
        {
          "active": true,
          "defaultValue": false,
          "label": "PR",
          "validFor": null,
          "value": "PR"
        },
        {
          "active": true,
          "defaultValue": false,
          "label": "PS",
          "validFor": null,
          "value": "PS"
        },
        {
          "active": true,
          "defaultValue": false,
          "label": "PT",
          "validFor": null,
          "value": "PT"
        },
        {
          "active": true,
          "defaultValue": false,
          "label": "PW",
          "validFor": null,
          "value": "PW"
        },
        {
          "active": true,
          "defaultValue": false,
          "label": "PY",
          "validFor": null,
          "value": "PY"
        },
        {
          "active": true,
          "defaultValue": false,
          "label": "QA",
          "validFor": null,
          "value": "QA"
        },
        {
          "active": true,
          "defaultValue": false,
          "label": "RE",
          "validFor": null,
          "value": "RE"
        },
        {
          "active": true,
          "defaultValue": false,
          "label": "RO",
          "validFor": null,
          "value": "RO"
        },
        {
          "active": true,
          "defaultValue": false,
          "label": "RS",
          "validFor": null,
          "value": "RS"
        },
        {
          "active": true,
          "defaultValue": false,
          "label": "RU",
          "validFor": null,
          "value": "RU"
        },
        {
          "active": true,
          "defaultValue": false,
          "label": "RW",
          "validFor": null,
          "value": "RW"
        },
        {
          "active": true,
          "defaultValue": false,
          "label": "SA",
          "validFor": null,
          "value": "SA"
        },
        {
          "active": true,
          "defaultValue": false,
          "label": "SB",
          "validFor": null,
          "value": "SB"
        },
        {
          "active": true,
          "defaultValue": false,
          "label": "SC",
          "validFor": null,
          "value": "SC"
        },
        {
          "active": true,
          "defaultValue": false,
          "label": "SD",
          "validFor": null,
          "value": "SD"
        },
        {
          "active": true,
          "defaultValue": false,
          "label": "SE",
          "validFor": null,
          "value": "SE"
        },
        {
          "active": true,
          "defaultValue": false,
          "label": "SG",
          "validFor": null,
          "value": "SG"
        },
        {
          "active": true,
          "defaultValue": false,
          "label": "SH",
          "validFor": null,
          "value": "SH"
        },
        {
          "active": true,
          "defaultValue": false,
          "label": "SI",
          "validFor": null,
          "value": "SI"
        },
        {
          "active": true,
          "defaultValue": false,
          "label": "SJ",
          "validFor": null,
          "value": "SJ"
        },
        {
          "active": true,
          "defaultValue": false,
          "label": "SK",
          "validFor": null,
          "value": "SK"
        },
        {
          "active": true,
          "defaultValue": false,
          "label": "SL",
          "validFor": null,
          "value": "SL"
        },
        {
          "active": true,
          "defaultValue": false,
          "label": "SM",
          "validFor": null,
          "value": "SM"
        },
        {
          "active": true,
          "defaultValue": false,
          "label": "SN",
          "validFor": null,
          "value": "SN"
        },
        {
          "active": true,
          "defaultValue": false,
          "label": "SO",
          "validFor": null,
          "value": "SO"
        },
        {
          "active": true,
          "defaultValue": false,
          "label": "SR",
          "validFor": null,
          "value": "SR"
        },
        {
          "active": true,
          "defaultValue": false,
          "label": "SS",
          "validFor": null,
          "value": "SS"
        },
        {
          "active": true,
          "defaultValue": false,
          "label": "ST",
          "validFor": null,
          "value": "ST"
        },
        {
          "active": true,
          "defaultValue": false,
          "label": "SV",
          "validFor": null,
          "value": "SV"
        },
        {
          "active": true,
          "defaultValue": false,
          "label": "SX",
          "validFor": null,
          "value": "SX"
        },
        {
          "active": true,
          "defaultValue": false,
          "label": "SY",
          "validFor": null,
          "value": "SY"
        },
        {
          "active": true,
          "defaultValue": false,
          "label": "SZ",
          "validFor": null,
          "value": "SZ"
        },
        {
          "active": true,
          "defaultValue": false,
          "label": "TA",
          "validFor": null,
          "value": "TA"
        },
        {
          "active": true,
          "defaultValue": false,
          "label": "TC",
          "validFor": null,
          "value": "TC"
        },
        {
          "active": true,
          "defaultValue": false,
          "label": "TD",
          "validFor": null,
          "value": "TD"
        },
        {
          "active": true,
          "defaultValue": false,
          "label": "TG",
          "validFor": null,
          "value": "TG"
        },
        {
          "active": true,
          "defaultValue": false,
          "label": "TH",
          "validFor": null,
          "value": "TH"
        },
        {
          "active": true,
          "defaultValue": false,
          "label": "TJ",
          "validFor": null,
          "value": "TJ"
        },
        {
          "active": true,
          "defaultValue": false,
          "label": "TK",
          "validFor": null,
          "value": "TK"
        },
        {
          "active": true,
          "defaultValue": false,
          "label": "TL",
          "validFor": null,
          "value": "TL"
        },
        {
          "active": true,
          "defaultValue": false,
          "label": "TM",
          "validFor": null,
          "value": "TM"
        },
        {
          "active": true,
          "defaultValue": false,
          "label": "TN",
          "validFor": null,
          "value": "TN"
        },
        {
          "active": true,
          "defaultValue": false,
          "label": "TO",
          "validFor": null,
          "value": "TO"
        },
        {
          "active": true,
          "defaultValue": false,
          "label": "TR",
          "validFor": null,
          "value": "TR"
        },
        {
          "active": true,
          "defaultValue": false,
          "label": "TT",
          "validFor": null,
          "value": "TT"
        },
        {
          "active": true,
          "defaultValue": false,
          "label": "TV",
          "validFor": null,
          "value": "TV"
        },
        {
          "active": true,
          "defaultValue": false,
          "label": "TW",
          "validFor": null,
          "value": "TW"
        },
        {
          "active": true,
          "defaultValue": false,
          "label": "TZ",
          "validFor": null,
          "value": "TZ"
        },
        {
          "active": true,
          "defaultValue": false,
          "label": "UA",
          "validFor": null,
          "value": "UA"
        },
        {
          "active": true,
          "defaultValue": false,
          "label": "UG",
          "validFor": null,
          "value": "UG"
        },
        {
          "active": true,
          "defaultValue": false,
          "label": "UY",
          "validFor": null,
          "value": "UY"
        },
        {
          "active": true,
          "defaultValue": false,
          "label": "UZ",
          "validFor": null,
          "value": "UZ"
        },
        {
          "active": true,
          "defaultValue": false,
          "label": "VA",
          "validFor": null,
          "value": "VA"
        },
        {
          "active": true,
          "defaultValue": false,
          "label": "VC",
          "validFor": null,
          "value": "VC"
        },
        {
          "active": true,
          "defaultValue": false,
          "label": "VE",
          "validFor": null,
          "value": "VE"
        },
        {
          "active": true,
          "defaultValue": false,
          "label": "VG",
          "validFor": null,
          "value": "VG"
        },
        {
          "active": true,
          "defaultValue": false,
          "label": "VI",
          "validFor": null,
          "value": "VI"
        },
        {
          "active": true,
          "defaultValue": false,
          "label": "VN",
          "validFor": null,
          "value": "VN"
        },
        {
          "active": true,
          "defaultValue": false,
          "label": "VU",
          "validFor": null,
          "value": "VU"
        },
        {
          "active": true,
          "defaultValue": false,
          "label": "WF",
          "validFor": null,
          "value": "WF"
        },
        {
          "active": true,
          "defaultValue": false,
          "label": "WS",
          "validFor": null,
          "value": "WS"
        },
        {
          "active": true,
          "defaultValue": false,
          "label": "YE",
          "validFor": null,
          "value": "YE"
        },
        {
          "active": true,
          "defaultValue": false,
          "label": "YT",
          "validFor": null,
          "value": "YT"
        },
        {
          "active": true,
          "defaultValue": false,
          "label": "ZA",
          "validFor": null,
          "value": "ZA"
        },
        {
          "active": true,
          "defaultValue": false,
          "label": "ZM",
          "validFor": null,
          "value": "ZM"
        },
        {
          "active": true,
          "defaultValue": false,
          "label": "ZW",
          "validFor": null,
          "value": "ZW"
        }
      ],
      "referenceTo": [],
      "relationshipName": null,
      "sortable": true,
      "type": "picklist"
    }
  ],
  "label": "Lead",
  "childRelationships": [
    {
      "cascadeDelete": true,
      "childSObject": "AIInsightValue",
      "deprecatedAndHidden": false,
      "field": "SobjectLookupValueId",
      "junctionIdListNames": [],
      "junctionReferenceTo": [],
      "relationshipName": null,
      "restrictedDelete": false
    },
    {
      "cascadeDelete": true,
      "childSObject": "AIRecordInsight",
      "deprecatedAndHidden": false,
      "field": "TargetId",
      "junctionIdListNames": [],
      "junctionReferenceTo": [],
      "relationshipName": null,
      "restrictedDelete": false
    },
    {
      "cascadeDelete": false,
      "childSObject": "AcceptedEventRelation",
      "deprecatedAndHidden": false,
      "field": "RelationId",
      "junctionIdListNames": [],
      "junctionReferenceTo": [],
      "relationshipName": "AcceptedEventRelations",
      "restrictedDelete": false
    },
    {
      "cascadeDelete": false,
      "childSObject": "ActivityHistory",
      "deprecatedAndHidden": false,
      "field": "PrimaryWhoId",
      "junctionIdListNames": [],
      "junctionReferenceTo": [],
      "relationshipName": null,
      "restrictedDelete": false
    },
    {
      "cascadeDelete": true,
      "childSObject": "ActivityHistory",
      "deprecatedAndHidden": false,
      "field": "WhoId",
      "junctionIdListNames": [],
      "junctionReferenceTo": [],
      "relationshipName": "ActivityHistories",
      "restrictedDelete": false
    },
    {
      "cascadeDelete": true,
      "childSObject": "AgentWork",
      "deprecatedAndHidden": false,
      "field": "WorkItemId",
      "junctionIdListNames": [],
      "junctionReferenceTo": [],
      "relationshipName": null,
      "restrictedDelete": false
    },
    {
      "cascadeDelete": true,
      "childSObject": "AttachedContentDocument",
      "deprecatedAndHidden": false,
      "field": "LinkedEntityId",
      "junctionIdListNames": [],
      "junctionReferenceTo": [],
      "relationshipName": "AttachedContentDocuments",
      "restrictedDelete": false
    },
    {
      "cascadeDelete": true,
      "childSObject": "AttachedContentNote",
      "deprecatedAndHidden": false,
      "field": "LinkedEntityId",
      "junctionIdListNames": [],
      "junctionReferenceTo": [],
      "relationshipName": "AttachedContentNotes",
      "restrictedDelete": false
    },
    {
      "cascadeDelete": true,
      "childSObject": "Attachment",
      "deprecatedAndHidden": false,
      "field": "ParentId",
      "junctionIdListNames": [],
      "junctionReferenceTo": [],
      "relationshipName": "Attachments",
      "restrictedDelete": false
    },
    {
      "cascadeDelete": true,
      "childSObject": "CampaignMember",
      "deprecatedAndHidden": false,
      "field": "LeadId",
      "junctionIdListNames": [],
      "junctionReferenceTo": [],
      "relationshipName": "CampaignMembers",
      "restrictedDelete": false
    },
    {
      "cascadeDelete": false,
      "childSObject": "CampaignMember",
      "deprecatedAndHidden": false,
      "field": "LeadOrContactId",
      "junctionIdListNames": [],
      "junctionReferenceTo": [],
      "relationshipName": null,
      "restrictedDelete": false
    },
    {
      "cascadeDelete": false,
      "childSObject": "CampaignMemberChangeEvent",
      "deprecatedAndHidden": false,
      "field": "LeadId",
      "junctionIdListNames": [],
      "junctionReferenceTo": [],
      "relationshipName": null,
      "restrictedDelete": false
    },
    {
      "cascadeDelete": true,
      "childSObject": "CollaborationGroupRecord",
      "deprecatedAndHidden": false,
      "field": "RecordId",
      "junctionIdListNames": [],
      "junctionReferenceTo": [],
      "relationshipName": "RecordAssociatedGroups",
      "restrictedDelete": false
    },
    {
      "cascadeDelete": true,
      "childSObject": "CombinedAttachment",
      "deprecatedAndHidden": false,
      "field": "ParentId",
      "junctionIdListNames": [],
      "junctionReferenceTo": [],
      "relationshipName": "CombinedAttachments",
      "restrictedDelete": false
    },
    {
      "cascadeDelete": false,
      "childSObject": "ContactRequest",
      "deprecatedAndHidden": false,
      "field": "WhoId",
      "junctionIdListNames": [],
      "junctionReferenceTo": [],
      "relationshipName": "ContactRequests",
      "restrictedDelete": false
    },
    {
      "cascadeDelete": true,
      "childSObject": "ContentDistribution",
      "deprecatedAndHidden": false,
      "field": "RelatedRecordId",
      "junctionIdListNames": [],
      "junctionReferenceTo": [],
      "relationshipName": null,
      "restrictedDelete": false
    },
    {
      "cascadeDelete": true,
      "childSObject": "ContentDocumentLink",
      "deprecatedAndHidden": false,
      "field": "LinkedEntityId",
      "junctionIdListNames": [],
      "junctionReferenceTo": [],
      "relationshipName": "ContentDocumentLinks",
      "restrictedDelete": false
    },
    {
      "cascadeDelete": false,
      "childSObject": "ContentVersion",
      "deprecatedAndHidden": false,
      "field": "FirstPublishLocationId",
      "junctionIdListNames": [],
      "junctionReferenceTo": [],
      "relationshipName": null,
      "restrictedDelete": false
    },
    {
      "cascadeDelete": false,
      "childSObject": "DeclinedEventRelation",
      "deprecatedAndHidden": false,
      "field": "RelationId",
      "junctionIdListNames": [],
      "junctionReferenceTo": [],
      "relationshipName": "DeclinedEventRelations",
      "restrictedDelete": false
    },
    {
      "cascadeDelete": true,
      "childSObject": "DuplicateRecordItem",
      "deprecatedAndHidden": false,
      "field": "RecordId",
      "junctionIdListNames": [],
      "junctionReferenceTo": [],
      "relationshipName": "DuplicateRecordItems",
      "restrictedDelete": false
    },
    {
      "cascadeDelete": true,
      "childSObject": "EmailMessageRelation",
      "deprecatedAndHidden": false,
      "field": "RelationId",
      "junctionIdListNames": [],
      "junctionReferenceTo": [],
      "relationshipName": "EmailMessageRelations",
      "restrictedDelete": false
    },
    {
      "cascadeDelete": true,
      "childSObject": "EmailStatus",
      "deprecatedAndHidden": false,
      "field": "WhoId",
      "junctionIdListNames": [],
      "junctionReferenceTo": [],
      "relationshipName": "EmailStatuses",
      "restrictedDelete": false
    },
    {
      "cascadeDelete": true,
      "childSObject": "EntitySubscription",
      "deprecatedAndHidden": false,
      "field": "ParentId",
      "junctionIdListNames": [],
      "junctionReferenceTo": [],
      "relationshipName": "FeedSubscriptionsForEntity",
      "restrictedDelete": false
    },
    {
      "cascadeDelete": true,
      "childSObject": "Event",
      "deprecatedAndHidden": false,
      "field": "WhoId",
      "junctionIdListNames": [],
      "junctionReferenceTo": [],
      "relationshipName": "Events",
      "restrictedDelete": false
    },
    {
      "cascadeDelete": false,
      "childSObject": "EventChangeEvent",
      "deprecatedAndHidden": false,
      "field": "WhoId",
      "junctionIdListNames": [],
      "junctionReferenceTo": [],
      "relationshipName": null,
      "restrictedDelete": false
    },
    {
      "cascadeDelete": true,
      "childSObject": "EventRelation",
      "deprecatedAndHidden": false,
      "field": "RelationId",
      "junctionIdListNames": [],
      "junctionReferenceTo": [],
      "relationshipName": "EventRelations",
      "restrictedDelete": false
    },
    {
      "cascadeDelete": false,
      "childSObject": "EventRelationChangeEvent",
      "deprecatedAndHidden": false,
      "field": "RelationId",
      "junctionIdListNames": [],
      "junctionReferenceTo": [],
      "relationshipName": null,
      "restrictedDelete": false
    },
    {
      "cascadeDelete": false,
      "childSObject": "EventWhoRelation",
      "deprecatedAndHidden": false,
      "field": "RelationId",
      "junctionIdListNames": [],
      "junctionReferenceTo": [],
      "relationshipName": "EventWhoRelations",
      "restrictedDelete": false
    },
    {
      "cascadeDelete": false,
      "childSObject": "FeedComment",
      "deprecatedAndHidden": false,
      "field": "ParentId",
      "junctionIdListNames": [],
      "junctionReferenceTo": [],
      "relationshipName": null,
      "restrictedDelete": false
    },
    {
      "cascadeDelete": true,
      "childSObject": "FeedItem",
      "deprecatedAndHidden": false,
      "field": "ParentId",
      "junctionIdListNames": [],
      "junctionReferenceTo": [],
      "relationshipName": null,
      "restrictedDelete": false
    },
    {
      "cascadeDelete": false,
      "childSObject": "FlowExecutionErrorEvent",
      "deprecatedAndHidden": false,
      "field": "ContextRecordId",
      "junctionIdListNames": [],
      "junctionReferenceTo": [],
      "relationshipName": null,
      "restrictedDelete": false
    },
    {
      "cascadeDelete": false,
      "childSObject": "FlowRecordRelation",
      "deprecatedAndHidden": false,
      "field": "RelatedRecordId",
      "junctionIdListNames": [],
      "junctionReferenceTo": [],
      "relationshipName": null,
      "restrictedDelete": false
    },
    {
      "cascadeDelete": false,
      "childSObject": "IntFW__ActionPlan__c",
      "deprecatedAndHidden": false,
      "field": "IntFW__Lead__c",
      "junctionIdListNames": [],
      "junctionReferenceTo": [],
      "relationshipName": "IntFW__R00NR0000000VZZDMA4__r",
      "restrictedDelete": false
    },
    {
      "cascadeDelete": true,
      "childSObject": "LeadCleanInfo",
      "deprecatedAndHidden": false,
      "field": "LeadId",
      "junctionIdListNames": [],
      "junctionReferenceTo": [],
      "relationshipName": "LeadCleanInfos",
      "restrictedDelete": false
    },
    {
      "cascadeDelete": true,
      "childSObject": "LeadFeed",
      "deprecatedAndHidden": false,
      "field": "ParentId",
      "junctionIdListNames": [],
      "junctionReferenceTo": [],
      "relationshipName": "Feeds",
      "restrictedDelete": false
    },
    {
      "cascadeDelete": true,
      "childSObject": "LeadHistory",
      "deprecatedAndHidden": false,
      "field": "LeadId",
      "junctionIdListNames": [],
      "junctionReferenceTo": [],
      "relationshipName": "Histories",
      "restrictedDelete": false
    },
    {
      "cascadeDelete": true,
      "childSObject": "LeadShare",
      "deprecatedAndHidden": false,
      "field": "LeadId",
      "junctionIdListNames": [],
      "junctionReferenceTo": [],
      "relationshipName": "Shares",
      "restrictedDelete": false
    },
    {
      "cascadeDelete": true,
      "childSObject": "ListEmailIndividualRecipient",
      "deprecatedAndHidden": false,
      "field": "RecipientId",
      "junctionIdListNames": [],
      "junctionReferenceTo": [],
      "relationshipName": "ListEmailIndividualRecipients",
      "restrictedDelete": false
    },
    {
      "cascadeDelete": false,
      "childSObject": "LiveChatTranscript",
      "deprecatedAndHidden": false,
      "field": "LeadId",
      "junctionIdListNames": [],
      "junctionReferenceTo": [],
      "relationshipName": "LiveChatTranscripts",
      "restrictedDelete": false
    },
    {
      "cascadeDelete": false,
      "childSObject": "LiveChatTranscriptChangeEvent",
      "deprecatedAndHidden": false,
      "field": "LeadId",
      "junctionIdListNames": [],
      "junctionReferenceTo": [],
      "relationshipName": null,
      "restrictedDelete": false
    },
    {
      "cascadeDelete": false,
      "childSObject": "MessagingSession",
      "deprecatedAndHidden": false,
      "field": "LeadId",
      "junctionIdListNames": [],
      "junctionReferenceTo": [],
      "relationshipName": "MessagingSessions",
      "restrictedDelete": false
    },
    {
      "cascadeDelete": false,
      "childSObject": "NetworkActivityAudit",
      "deprecatedAndHidden": false,
      "field": "ParentEntityId",
      "junctionIdListNames": [],
      "junctionReferenceTo": [],
      "relationshipName": "ParentEntities",
      "restrictedDelete": false
    },
    {
      "cascadeDelete": true,
      "childSObject": "Note",
      "deprecatedAndHidden": false,
      "field": "ParentId",
      "junctionIdListNames": [],
      "junctionReferenceTo": [],
      "relationshipName": "Notes",
      "restrictedDelete": false
    },
    {
      "cascadeDelete": true,
      "childSObject": "NoteAndAttachment",
      "deprecatedAndHidden": false,
      "field": "ParentId",
      "junctionIdListNames": [],
      "junctionReferenceTo": [],
      "relationshipName": "NotesAndAttachments",
      "restrictedDelete": false
    },
    {
      "cascadeDelete": true,
      "childSObject": "ObjectTerritory2Association",
      "deprecatedAndHidden": false,
      "field": "ObjectId",
      "junctionIdListNames": [],
      "junctionReferenceTo": [],
      "relationshipName": "ObjectTerritory2Associations",
      "restrictedDelete": false
    },
    {
      "cascadeDelete": false,
      "childSObject": "OpenActivity",
      "deprecatedAndHidden": false,
      "field": "PrimaryWhoId",
      "junctionIdListNames": [],
      "junctionReferenceTo": [],
      "relationshipName": null,
      "restrictedDelete": false
    },
    {
      "cascadeDelete": true,
      "childSObject": "OpenActivity",
      "deprecatedAndHidden": false,
      "field": "WhoId",
      "junctionIdListNames": [],
      "junctionReferenceTo": [],
      "relationshipName": "OpenActivities",
      "restrictedDelete": false
    },
    {
      "cascadeDelete": false,
      "childSObject": "OutgoingEmail",
      "deprecatedAndHidden": false,
      "field": "WhoId",
      "junctionIdListNames": [],
      "junctionReferenceTo": [],
      "relationshipName": null,
      "restrictedDelete": false
    },
    {
      "cascadeDelete": false,
      "childSObject": "OutgoingEmailRelation",
      "deprecatedAndHidden": false,
      "field": "RelationId",
      "junctionIdListNames": [],
      "junctionReferenceTo": [],
      "relationshipName": "OutgoingEmailRelations",
      "restrictedDelete": false
    },
    {
      "cascadeDelete": true,
      "childSObject": "PartnerNetworkRecordConnection",
      "deprecatedAndHidden": false,
      "field": "LocalRecordId",
      "junctionIdListNames": [],
      "junctionReferenceTo": [],
      "relationshipName": null,
      "restrictedDelete": false
    },
    {
      "cascadeDelete": true,
      "childSObject": "PartnerNetworkRecordConnection",
      "deprecatedAndHidden": false,
      "field": "ParentRecordId",
      "junctionIdListNames": [],
      "junctionReferenceTo": [],
      "relationshipName": null,
      "restrictedDelete": false
    },
    {
      "cascadeDelete": false,
      "childSObject": "PartnerNetworkRecordConnection",
      "deprecatedAndHidden": false,
      "field": "PartnerRecordId",
      "junctionIdListNames": [],
      "junctionReferenceTo": [],
      "relationshipName": null,
      "restrictedDelete": false
    },
    {
      "cascadeDelete": true,
      "childSObject": "PendingServiceRouting",
      "deprecatedAndHidden": false,
      "field": "WorkItemId",
      "junctionIdListNames": [],
      "junctionReferenceTo": [],
      "relationshipName": null,
      "restrictedDelete": false
    },
    {
      "cascadeDelete": true,
      "childSObject": "ProcessInstance",
      "deprecatedAndHidden": false,
      "field": "TargetObjectId",
      "junctionIdListNames": [],
      "junctionReferenceTo": [],
      "relationshipName": "ProcessInstances",
      "restrictedDelete": false
    },
    {
      "cascadeDelete": false,
      "childSObject": "ProcessInstanceHistory",
      "deprecatedAndHidden": false,
      "field": "TargetObjectId",
      "junctionIdListNames": [],
      "junctionReferenceTo": [],
      "relationshipName": "ProcessSteps",
      "restrictedDelete": false
    },
    {
      "cascadeDelete": true,
      "childSObject": "RecordAction",
      "deprecatedAndHidden": false,
      "field": "RecordId",
      "junctionIdListNames": [],
      "junctionReferenceTo": [],
      "relationshipName": "RecordActions",
      "restrictedDelete": false
    },
    {
      "cascadeDelete": false,
      "childSObject": "RecordActionHistory",
      "deprecatedAndHidden": false,
      "field": "ParentRecordId",
      "junctionIdListNames": [],
      "junctionReferenceTo": [],
      "relationshipName": "RecordActionHistories",
      "restrictedDelete": false
    },
    {
      "cascadeDelete": true,
      "childSObject": "ServiceAppointment",
      "deprecatedAndHidden": false,
      "field": "ParentRecordId",
      "junctionIdListNames": [],
      "junctionReferenceTo": [],
      "relationshipName": "ServiceAppointments",
      "restrictedDelete": false
    },
    {
      "cascadeDelete": false,
      "childSObject": "ServiceAppointmentChangeEvent",
      "deprecatedAndHidden": false,
      "field": "ParentRecordId",
      "junctionIdListNames": [],
      "junctionReferenceTo": [],
      "relationshipName": null,
      "restrictedDelete": false
    },
    {
      "cascadeDelete": true,
      "childSObject": "Task",
      "deprecatedAndHidden": false,
      "field": "WhoId",
      "junctionIdListNames": [],
      "junctionReferenceTo": [],
      "relationshipName": "Tasks",
      "restrictedDelete": false
    },
    {
      "cascadeDelete": false,
      "childSObject": "TaskChangeEvent",
      "deprecatedAndHidden": false,
      "field": "WhoId",
      "junctionIdListNames": [],
      "junctionReferenceTo": [],
      "relationshipName": null,
      "restrictedDelete": false
    },
    {
      "cascadeDelete": true,
      "childSObject": "TaskRelation",
      "deprecatedAndHidden": false,
      "field": "RelationId",
      "junctionIdListNames": [],
      "junctionReferenceTo": [],
      "relationshipName": "TaskRelations",
      "restrictedDelete": false
    },
    {
      "cascadeDelete": false,
      "childSObject": "TaskRelationChangeEvent",
      "deprecatedAndHidden": false,
      "field": "RelationId",
      "junctionIdListNames": [],
      "junctionReferenceTo": [],
      "relationshipName": null,
      "restrictedDelete": false
    },
    {
      "cascadeDelete": false,
      "childSObject": "TaskWhoRelation",
      "deprecatedAndHidden": false,
      "field": "RelationId",
      "junctionIdListNames": [],
      "junctionReferenceTo": [],
      "relationshipName": "TaskWhoRelations",
      "restrictedDelete": false
    },
    {
      "cascadeDelete": true,
      "childSObject": "TopicAssignment",
      "deprecatedAndHidden": false,
      "field": "EntityId",
      "junctionIdListNames": [],
      "junctionReferenceTo": [],
      "relationshipName": "TopicAssignments",
      "restrictedDelete": false
    },
    {
      "cascadeDelete": false,
      "childSObject": "UndecidedEventRelation",
      "deprecatedAndHidden": false,
      "field": "RelationId",
      "junctionIdListNames": [],
      "junctionReferenceTo": [],
      "relationshipName": "UndecidedEventRelations",
      "restrictedDelete": false
    },
    {
      "cascadeDelete": true,
      "childSObject": "UserEmailPreferredPerson",
      "deprecatedAndHidden": false,
      "field": "PersonRecordId",
      "junctionIdListNames": [],
      "junctionReferenceTo": [],
      "relationshipName": "PersonRecord",
      "restrictedDelete": false
    },
    {
      "cascadeDelete": false,
      "childSObject": "et4ae5__IndividualEmailResult__c",
      "deprecatedAndHidden": false,
      "field": "et4ae5__Lead__c",
      "junctionIdListNames": [],
      "junctionReferenceTo": [],
      "relationshipName": "et4ae5__IndividualEmailResults__r",
      "restrictedDelete": false
    },
    {
      "cascadeDelete": false,
      "childSObject": "et4ae5__SMSDefinition__c",
      "deprecatedAndHidden": false,
      "field": "et4ae5__Lead__c",
      "junctionIdListNames": [],
      "junctionReferenceTo": [],
      "relationshipName": "et4ae5__SMSDefinitions__r",
      "restrictedDelete": false
    },
    {
      "cascadeDelete": false,
      "childSObject": "et4ae5__SendDefinition__c",
      "deprecatedAndHidden": false,
      "field": "et4ae5__Lead__c",
      "junctionIdListNames": [],
      "junctionReferenceTo": [],
      "relationshipName": "et4ae5__SendDefinitions__r",
      "restrictedDelete": false
    },
    {
      "cascadeDelete": false,
      "childSObject": "mcdm_15__DM_Activity_Log__c",
      "deprecatedAndHidden": false,
      "field": "mcdm_15__Injected_Lead__c",
      "junctionIdListNames": [],
      "junctionReferenceTo": [],
      "relationshipName": "mcdm_15__DM_Activity_Logs__r",
      "restrictedDelete": false
    }
  ],
  "custom": false,
  "name": "Lead",
  "queryable": true
}