{
  "fields": [
    {
      "aggregatable": true,
      "custom": false,
      "defaultValue": null,
      "extraTypeInfo": null,
      "filterable": true,
      "groupable": true,
      "inlineHelpText": null,
      "label": "Activity ID",
      "name": "Id",
      "nillable": false,
      "picklistValues": [],
      "referenceTo": [],
      "relationshipName": null,
      "sortable": true,
      "type": "id"
    },
    {
      "aggregatable": true,
      "custom": false,
      "defaultValue": null,
      "extraTypeInfo": null,
      "filterable": true,
      "groupable": true,
      "inlineHelpText": null,
      "label": "Account ID",
      "name": "AccountId",
      "nillable": true,
      "picklistValues": [],
      "referenceTo": [
        "Account"
      ],
      "relationshipName": "Account",
      "sortable": true,
      "type": "reference"
    },
    {
      "aggregatable": true,
      "custom": false,
      "defaultValue": null,
      "extraTypeInfo": null,
      "filterable": true,
      "groupable": true,
      "inlineHelpText": null,
      "label": "Name ID",
      "name": "WhoId",
      "nillable": true,
      "picklistValues": [],
      "referenceTo": [
        "Contact",
        "Lead"
      ],
      "relationshipName": "Who",
      "sortable": true,
      "type": "reference"
    },
    {
      "aggregatable": true,
      "custom": false,
      "defaultValue": null,
      "extraTypeInfo": null,
      "filterable": true,
      "groupable": true,
      "inlineHelpText": null,
      "label": "Related To ID",
      "name": "WhatId",
      "nillable": true,
      "picklistValues": [],
      "referenceTo": [
        "Account",
        "Asset",
        "AssetRelationship",
        "AssignedResource",
        "Campaign",
        "Case",
        "ChannelProgram",
        "ChannelProgramLevel",
        "CommSubscriptionConsent",
        "ContactRequest",
        "Contract",
        "ContractLineItem",
        "CreditMemo",
        "DelegatedAccount",
        "Entitlement",
        "FSL__Crew_Management_User_Settings_Territory__c",
        "FSL__Crew_Management_User_Settings__c",
        "FSL__Criteria__c",
        "FSL__FSL_Operation__c",
        "FSL__GanttPalette__c",
        "FSL__Gantt_Filter__c",
        "FSL__Optimization_Data__c",
        "FSL__Optimization_Request_Queue__c",
        "FSL__Optimization_Request__c",
        "FSL__Polygon__c",
        "FSL__SLR_Cache__c",
        "FSL__SchedulingRecipe__c",
        "FSL__Scheduling_Policy_Goal__c",
        "FSL__Scheduling_Policy_Work_Rule__c",
        "FSL__Scheduling_Policy__c",
        "FSL__Service_Goal__c",
        "FSL__Territory_Optimization_Request__c",
        "FSL__Time_Dependency__c",
        "FSL__UserSetting__c",
        "FSL__User_Setting_Territory__c",
        "FSL__User_Territory__c",
        "FSL__Work_Rule__c",
        "Image",
        "IntFW__APTTaskTemplate__c",
        "IntFW__APTaskTemplate__c",
        "IntFW__ActionPlanTemplate__c",
        "IntFW__ActionPlan__c",
        "IntFW__Action_Plans_Settings__c",
        "IntFW__Application_Log__c",
        "IntFW__Cust_Search_Setting__c",
        "IntFW__EventImage__c",
        "IntFW__Image_list__c",
        "IntFW__Integration_FW_Sample__c",
        "IntFW__Integration_Log__c",
        "IntFW__InterfaceFrameworkLogging__c",
        "IntFW__Lazada_Endpoint__c",
        "IntFW__MaskingInterfaceDataAcess__c",
        "IntFW__MasterData__c",
        "IntFW__PrivateTestObject__c",
        "IntFW__ReadOnlyTestObject__c",
        "IntFW__TwilioConfig__c",
        "IntFW__Vehicle__c",
        "IntFW__Work_Part__c",
        "Invoice",
        "LegalEntity",
        "ListEmail",
        "LiveAgentSession",
        "LiveChatTranscript",
        "Location",
        "MaintenanceAsset",
        "MaintenancePlan",
        "Opportunity",
        "Order",
        "PartnerFundAllocation",
        "PartnerFundClaim",
        "PartnerFundRequest",
        "PartnerMarketingBudget",
        "PartyConsent",
        "Product2",
        "ProductConsumed",
        "ProductItem",
        "ProductRequest",
        "ProductRequestLineItem",
        "ProductTransfer",
        "ResourceAbsence",
        "ReturnOrder",
        "ReturnOrderLineItem",
        "ServiceAppointment",
        "ServiceContract",
        "ServiceCrew",
        "ServiceCrewMember",
        "ServiceResource",
        "Shift",
        "Shipment",
        "Solution",
        "TimeSheet",
        "TimeSheetEntry",
        "WorkOrder",
        "WorkOrderLineItem",
        "et4ae5__AggregateLink__c",
        "et4ae5__Automated_Send__c",
        "et4ae5__Business_Unit__c",
        "et4ae5__Campaign_Member_Configuration__c",
        "et4ae5__Configuration__c",
        "et4ae5__ET4AEConfig__c",
        "et4ae5__ET4AE_Config__c",
        "et4ae5__Email_Linkage__c",
        "et4ae5__IndividualEmailResult__c",
        "et4ae5__IndividualLink__c",
        "et4ae5__MC_CDC_Journey__c",
        "et4ae5__SMSDefinition__c",
        "et4ae5__SMSJunction__c",
        "et4ae5__SendDefinition__c",
        "et4ae5__SendJunction__c",
        "et4ae5__SupportRequest__c",
        "et4ae5__Triggered_Send_Execution__c",
        "et4ae5__UEBU__c",
        "et4ae5__abTest__c",
        "mcdm_15__ApprovalsPageSettings__c",
        "mcdm_15__Blacklist__c",
        "mcdm_15__Bulk_Send_Batch__c",
        "mcdm_15__Bulk_Send_Job__c",
        "mcdm_15__CampaignMemberSortField__c",
        "mcdm_15__DMAsyncSendJobResult__c",
        "mcdm_15__DMAsyncSendMemberError__c",
        "mcdm_15__DMTenantSpecificEndpointSupport__c",
        "mcdm_15__DMUserFavorite__c",
        "mcdm_15__DM_Activity_Log__c",
        "mcdm_15__DM_Auto_Send__c",
        "mcdm_15__DefaultCampaignPersonalization__c",
        "mcdm_15__DefaultPersonalizationSettings__c",
        "mcdm_15__GreetingMapping__c",
        "mcdm_15__JourneyApprovalsPlugin__c",
        "mcdm_15__LinkedBusinessUnit__c",
        "mcdm_15__MarketingCloudLinkedJourney__c",
        "mcdm_15__ObjectPlugin__c",
        "mcdm_15__PersonalizationFieldMap__c",
        "mcdm_15__QuickSendJourney__c",
        "mcdm_15__ScheduledSendSubmission__c",
        "mcdm_15__ScheduledSend__c",
        "mcdm_15__SendCapLog__c",
        "mcdm_15__SubmissionP13n__c",
        "mcdm_15__SubmissionSendSettings__c",
        "mcdm_15__Submission__c",
        "mcdm_15__ValidDomains__c"
      ],
      "relationshipName": "What",
      "sortable": true,
      "type": "reference"
    },
    {
      "aggregatable": true,
      "custom": false,
      "defaultValue": null,
      "extraTypeInfo": null,
      "filterable": true,
      "groupable": false,
      "inlineHelpText": null,
      "label": "Subject",
      "name": "Subject",
      "nillable": true,
      "picklistValues": [
        {
          "active": true,
          "defaultValue": false,
          "label": "Call",
          "validFor": null,
          "value": "Call"
        },
        {
          "active": true,
          "defaultValue": false,
          "label": "Email",
          "validFor": null,
          "value": "Email"
        },
        {
          "active": true,
          "defaultValue": false,
          "label": "Send Letter",
          "validFor": null,
          "value": "Send Letter"
        },
        {
          "active": true,
          "defaultValue": false,
          "label": "Send Quote",
          "validFor": null,
          "value": "Send Quote"
        },
        {
          "active": true,
          "defaultValue": false,
          "label": "Other",
          "validFor": null,
          "value": "Other"
        }
      ],
      "referenceTo": [],
      "relationshipName": null,
      "sortable": true,
      "type": "combobox"
    },
    {
      "aggregatable": false,
      "custom": false,
      "defaultValue": false,
      "extraTypeInfo": null,
      "filterable": true,
      "groupable": true,
      "inlineHelpText": null,
      "label": "Task",
      "name": "IsTask",
      "nillable": false,
      "picklistValues": [],
      "referenceTo": [],
      "relationshipName": null,
      "sortable": true,
      "type": "boolean"
    },
    {
      "aggregatable": false,
      "custom": false,
      "defaultValue": null,
      "extraTypeInfo": null,
      "filterable": true,
      "groupable": true,
      "inlineHelpText": null,
      "label": "Date",
      "name": "ActivityDate",
      "nillable": true,
      "picklistValues": [],
      "referenceTo": [],
      "relationshipName": null,
      "sortable": true,
      "type": "date"
    },
    {
      "aggregatable": true,
      "custom": false,
      "defaultValue": null,
      "extraTypeInfo": null,
      "filterable": true,
      "groupable": false,
      "inlineHelpText": null,
      "label": "Time",
      "name": "ActivityDateTime",
      "nillable": true,
      "picklistValues": [],
      "referenceTo": [],
      "relationshipName": null,
      "sortable": true,
      "type": "datetime"
    },
    {
      "aggregatable": true,
      "custom": false,
      "defaultValue": null,
      "extraTypeInfo": null,
      "filterable": true,
      "groupable": true,
      "inlineHelpText": null,
      "label": "Assigned To ID",
      "name": "OwnerId",
      "nillable": true,
      "picklistValues": [],
      "referenceTo": [
        "Calendar",
        "Group",
        "User"
      ],
      "relationshipName": "Owner",
      "sortable": true,
      "type": "reference"
    },
    {
      "aggregatable": true,
      "custom": false,
      "defaultValue": "Not Started",
      "extraTypeInfo": null,
      "filterable": true,
      "groupable": true,
      "inlineHelpText": null,
      "label": "Status",
      "name": "Status",
      "nillable": true,
      "picklistValues": [
        {
          "active": true,
          "defaultValue": true,
          "label": "Not Started",
          "validFor": null,
          "value": "Not Started"
        },
        {
          "active": true,
          "defaultValue": false,
          "label": "In Progress",
          "validFor": null,
          "value": "In Progress"
        },
        {
          "active": true,
          "defaultValue": false,
          "label": "Completed",
          "validFor": null,
          "value": "Completed"
        },
        {
          "active": true,
          "defaultValue": false,
          "label": "Waiting on someone else",
          "validFor": null,
          "value": "Waiting on someone else"
        },
        {
          "active": true,
          "defaultValue": false,
          "label": "Deferred",
          "validFor": null,
          "value": "Deferred"
        }
      ],
      "referenceTo": [],
      "relationshipName": null,
      "sortable": true,
      "type": "picklist"
    },
    {
      "aggregatable": true,
      "custom": false,
      "defaultValue": "Normal",
      "extraTypeInfo": null,
      "filterable": true,
      "groupable": true,
      "inlineHelpText": null,
      "label": "Priority",
      "name": "Priority",
      "nillable": true,
      "picklistValues": [
        {
          "active": true,
          "defaultValue": false,
          "label": "High",
          "validFor": null,
          "value": "High"
        },
        {
          "active": true,
          "defaultValue": true,
          "label": "Normal",
          "validFor": null,
          "value": "Normal"
        },
        {
          "active": true,
          "defaultValue": false,
          "label": "Low",
          "validFor": null,
          "value": "Low"
        }
      ],
      "referenceTo": [],
      "relationshipName": null,
      "sortable": true,
      "type": "picklist"
    },
    {
      "aggregatable": false,
      "custom": false,
      "defaultValue": false,
      "extraTypeInfo": null,
      "filterable": true,
      "groupable": true,
      "inlineHelpText": null,
      "label": "High Priority",
      "name": "IsHighPriority",
      "nillable": false,
      "picklistValues": [],
      "referenceTo": [],
      "relationshipName": null,
      "sortable": true,
      "type": "boolean"
    },
    {
      "aggregatable": true,
      "custom": false,
      "defaultValue": null,
      "extraTypeInfo": null,
      "filterable": true,
      "groupable": true,
      "inlineHelpText": null,
      "label": "Type",
      "name": "ActivityType",
      "nillable": true,
      "picklistValues": [
        {
          "active": true,
          "defaultValue": false,
          "label": null,
          "validFor": null,
          "value": "Call"
        },
        {
          "active": true,
          "defaultValue": false,
          "label": null,
          "validFor": null,
          "value": "Call"
        },
        {
          "active": true,
          "defaultValue": false,
          "label": null,
          "validFor": null,
          "value": "Email"
        },
        {
          "active": true,
          "defaultValue": false,
          "label": null,
          "validFor": null,
          "value": "Email"
        },
        {
          "active": true,
          "defaultValue": false,
          "label": null,
          "validFor": null,
          "value": "Meeting"
        },
        {
          "active": true,
          "defaultValue": false,
          "label": null,
          "validFor": null,
          "value": "Meeting"
        },
        {
          "active": true,
          "defaultValue": false,
          "label": null,
          "validFor": null,
          "value": "Other"
        },
        {
          "active": true,
          "defaultValue": false,
          "label": null,
          "validFor": null,
          "value": "Other"
        }
      ],
      "referenceTo": [],
      "relationshipName": null,
      "sortable": true,
      "type": "picklist"
    },
    {
      "aggregatable": false,
      "custom": false,
      "defaultValue": false,
      "extraTypeInfo": null,
      "filterable": true,
      "groupable": true,
      "inlineHelpText": null,
      "label": "Closed",
      "name": "IsClosed",
      "nillable": false,
      "picklistValues": [],
      "referenceTo": [],
      "relationshipName": null,
      "sortable": true,
      "type": "boolean"
    },
    {
      "aggregatable": false,
      "custom": false,
      "defaultValue": false,
      "extraTypeInfo": null,
      "filterable": true,
      "groupable": true,
      "inlineHelpText": null,
      "label": "All-Day Event",
      "name": "IsAllDayEvent",
      "nillable": false,
      "picklistValues": [],
      "referenceTo": [],
      "relationshipName": null,
      "sortable": true,
      "type": "boolean"
    },
    {
      "aggregatable": false,
      "custom": false,
      "defaultValue": false,
      "extraTypeInfo": null,
      "filterable": true,
      "groupable": true,
      "inlineHelpText": null,
      "label": "Public",
      "name": "IsVisibleInSelfService",
      "nillable": false,
      "picklistValues": [],
      "referenceTo": [],
      "relationshipName": null,
      "sortable": true,
      "type": "boolean"
    },
    {
      "aggregatable": true,
      "custom": false,
      "defaultValue": null,
      "extraTypeInfo": null,
      "filterable": true,
      "groupable": true,
      "inlineHelpText": null,
      "label": "Duration",
      "name": "DurationInMinutes",
      "nillable": true,
      "picklistValues": [],
      "referenceTo": [],
      "relationshipName": null,
      "sortable": true,
      "type": "int"
    },
    {
      "aggregatable": true,
      "custom": false,
      "defaultValue": null,
      "extraTypeInfo": null,
      "filterable": true,
      "groupable": true,
      "inlineHelpText": null,
      "label": "Location",
      "name": "Location",
      "nillable": true,
      "picklistValues": [],
      "referenceTo": [],
      "relationshipName": null,
      "sortable": true,
      "type": "string"
    },
    {
      "aggregatable": false,
      "custom": false,
      "defaultValue": null,
      "extraTypeInfo": "plaintextarea",
      "filterable": false,
      "groupable": false,
      "inlineHelpText": null,
      "label": "Comments",
      "name": "Description",
      "nillable": true,
      "picklistValues": [],
      "referenceTo": [],
      "relationshipName": null,
      "sortable": false,
      "type": "textarea"
    },
    {
      "aggregatable": false,
      "custom": false,
      "defaultValue": false,
      "extraTypeInfo": null,
      "filterable": true,
      "groupable": true,
      "inlineHelpText": null,
      "label": "Deleted",
      "name": "IsDeleted",
      "nillable": false,
      "picklistValues": [],
      "referenceTo": [],
      "relationshipName": null,
      "sortable": true,
      "type": "boolean"
    },
    {
      "aggregatable": true,
      "custom": false,
      "defaultValue": null,
      "extraTypeInfo": null,
      "filterable": true,
      "groupable": false,
      "inlineHelpText": null,
      "label": "Created Date",
      "name": "CreatedDate",
      "nillable": false,
      "picklistValues": [],
      "referenceTo": [],
      "relationshipName": null,
      "sortable": true,
      "type": "datetime"
    },
    {
      "aggregatable": true,
      "custom": false,
      "defaultValue": null,
      "extraTypeInfo": null,
      "filterable": true,
      "groupable": true,
      "inlineHelpText": null,
      "label": "Created By ID",
      "name": "CreatedById",
      "nillable": false,
      "picklistValues": [],
      "referenceTo": [
        "User"
      ],
      "relationshipName": "CreatedBy",
      "sortable": true,
      "type": "reference"
    },
    {
      "aggregatable": true,
      "custom": false,
      "defaultValue": null,
      "extraTypeInfo": null,
      "filterable": true,
      "groupable": false,
      "inlineHelpText": null,
      "label": "Last Modified Date",
      "name": "LastModifiedDate",
      "nillable": false,
      "picklistValues": [],
      "referenceTo": [],
      "relationshipName": null,
      "sortable": true,
      "type": "datetime"
    },
    {
      "aggregatable": true,
      "custom": false,
      "defaultValue": null,
      "extraTypeInfo": null,
      "filterable": true,
      "groupable": true,
      "inlineHelpText": null,
      "label": "Last Modified By ID",
      "name": "LastModifiedById",
      "nillable": false,
      "picklistValues": [],
      "referenceTo": [
        "User"
      ],
      "relationshipName": "LastModifiedBy",
      "sortable": true,
      "type": "reference"
    },
    {
      "aggregatable": true,
      "custom": false,
      "defaultValue": null,
      "extraTypeInfo": null,
      "filterable": true,
      "groupable": false,
      "inlineHelpText": null,
      "label": "System Modstamp",
      "name": "SystemModstamp",
      "nillable": false,
      "picklistValues": [],
      "referenceTo": [],
      "relationshipName": null,
      "sortable": true,
      "type": "datetime"
    },
    {
      "aggregatable": true,
      "custom": false,
      "defaultValue": null,
      "extraTypeInfo": null,
      "filterable": true,
      "groupable": true,
      "inlineHelpText": null,
      "label": "Call Duration",
      "name": "CallDurationInSeconds",
      "nillable": true,
      "picklistValues": [],
      "referenceTo": [],
      "relationshipName": null,
      "sortable": true,
      "type": "int"
    },
    {
      "aggregatable": true,
      "custom": false,
      "defaultValue": null,
      "extraTypeInfo": null,
      "filterable": true,
      "groupable": true,
      "inlineHelpText": null,
      "label": "Call Type",
      "name": "CallType",
      "nillable": true,
      "picklistValues": [
        {
          "active": true,
          "defaultValue": false,
          "label": "Internal",
          "validFor": null,
          "value": "Internal"
        },
        {
          "active": true,
          "defaultValue": false,
          "label": "Inbound",
          "validFor": null,
          "value": "Inbound"
        },
        {
          "active": true,
          "defaultValue": false,
          "label": "Outbound",
          "validFor": null,
          "value": "Outbound"
        }
      ],
      "referenceTo": [],
      "relationshipName": null,
      "sortable": true,
      "type": "picklist"
    },
    {
      "aggregatable": true,
      "custom": false,
      "defaultValue": null,
      "extraTypeInfo": null,
      "filterable": true,
      "groupable": true,
      "inlineHelpText": null,
      "label": "Call Result",
      "name": "CallDisposition",
      "nillable": true,
      "picklistValues": [],
      "referenceTo": [],
      "relationshipName": null,
      "sortable": true,
      "type": "string"
    },
    {
      "aggregatable": true,
      "custom": false,
      "defaultValue": null,
      "extraTypeInfo": null,
      "filterable": true,
      "groupable": true,
      "inlineHelpText": null,
      "label": "Call Object Identifier",
      "name": "CallObject",
      "nillable": true,
      "picklistValues": [],
      "referenceTo": [],
      "relationshipName": null,
      "sortable": true,
      "type": "string"
    },
    {
      "aggregatable": true,
      "custom": false,
      "defaultValue": null,
      "extraTypeInfo": null,
      "filterable": true,
      "groupable": false,
      "inlineHelpText": null,
      "label": "Reminder Date/Time",
      "name": "ReminderDateTime",
      "nillable": true,
      "picklistValues": [],
      "referenceTo": [],
      "relationshipName": null,
      "sortable": true,
      "type": "datetime"
    },
    {
      "aggregatable": false,
      "custom": false,
      "defaultValue": false,
      "extraTypeInfo": null,
      "filterable": true,
      "groupable": true,
      "inlineHelpText": null,
      "label": "Reminder Set",
      "name": "IsReminderSet",
      "nillable": false,
      "picklistValues": [],
      "referenceTo": [],
      "relationshipName": null,
      "sortable": true,
      "type": "boolean"
    },
    {
      "aggregatable": true,
      "custom": false,
      "defaultValue": null,
      "extraTypeInfo": null,
      "filterable": true,
      "groupable": false,
      "inlineHelpText": null,
      "label": "End",
      "name": "EndDateTime",
      "nillable": true,
      "picklistValues": [],
      "referenceTo": [],
      "relationshipName": null,
      "sortable": true,
      "type": "datetime"
    },
    {
      "aggregatable": true,
      "custom": false,
      "defaultValue": null,
      "extraTypeInfo": null,
      "filterable": true,
      "groupable": true,
      "inlineHelpText": null,
      "label": "Partner Network Connection ID",
      "name": "ConnectionReceivedId",
      "nillable": true,
      "picklistValues": [],
      "referenceTo": [
        "PartnerNetworkConnection"
      ],
      "relationshipName": "ConnectionReceived",
      "sortable": true,
      "type": "reference"
    },
    {
      "aggregatable": true,
      "custom": false,
      "defaultValue": null,
      "extraTypeInfo": null,
      "filterable": true,
      "groupable": true,
      "inlineHelpText": null,
      "label": "Partner Network Connection ID",
      "name": "ConnectionSentId",
      "nillable": true,
      "picklistValues": [],
      "referenceTo": [
        "PartnerNetworkConnection"
      ],
      "relationshipName": "ConnectionSent",
      "sortable": true,
      "type": "reference"
    },
    {
      "aggregatable": true,
      "custom": false,
      "defaultValue": null,
      "extraTypeInfo": null,
      "filterable": true,
      "groupable": false,
      "inlineHelpText": null,
      "label": "Start",
      "name": "StartDateTime",
      "nillable": true,
      "picklistValues": [],
      "referenceTo": [],
      "relationshipName": null,
      "sortable": true,
      "type": "datetime"
    },
    {
      "aggregatable": true,
      "custom": false,
      "defaultValue": null,
      "extraTypeInfo": null,
      "filterable": true,
      "groupable": true,
      "inlineHelpText": null,
      "label": "Primary Name ID",
      "name": "PrimaryWhoId",
      "nillable": true,
      "picklistValues": [],
      "referenceTo": [
        "Contact",
        "Lead"
      ],
      "relationshipName": "PrimaryWho",
      "sortable": true,
      "type": "reference"
    },
    {
      "aggregatable": true,
      "custom": false,
      "defaultValue": null,
      "extraTypeInfo": null,
      "filterable": true,
      "groupable": true,
      "inlineHelpText": null,
      "label": "Primary Account ID",
      "name": "PrimaryAccountId",
      "nillable": true,
      "picklistValues": [],
      "referenceTo": [
        "Account"
      ],
      "relationshipName": "PrimaryAccount",
      "sortable": true,
      "type": "reference"
    },
    {
      "aggregatable": true,
      "custom": false,
      "defaultValue": null,
      "extraTypeInfo": null,
      "filterable": true,
      "groupable": true,
      "inlineHelpText": null,
      "label": "Activity Subtype",
      "name": "ActivitySubtype",
      "nillable": true,
      "picklistValues": [
        {
          "active": true,
          "defaultValue": false,
          "label": "Task",
          "validFor": null,
          "value": "Task"
        },
        {
          "active": true,
          "defaultValue": false,
          "label": "Email",
          "validFor": null,
          "value": "Email"
        },
        {
          "active": true,
          "defaultValue": false,
          "label": "List Email",
          "validFor": null,
          "value": "ListEmail"
        },
        {
          "active": true,
          "defaultValue": false,
          "label": "Cadence",
          "validFor": null,
          "value": "Cadence"
        },
        {
          "active": true,
          "defaultValue": false,
          "label": "Call",
          "validFor": null,
          "value": "Call"
        },
        {
          "active": true,
          "defaultValue": false,
          "label": "Event",
          "validFor": null,
          "value": "Event"
        },
        {
          "active": true,
          "defaultValue": false,
          "label": "LinkedIn",
          "validFor": null,
          "value": "LinkedIn"
        }
      ],
      "referenceTo": [],
      "relationshipName": null,
      "sortable": true,
      "type": "picklist"
    },
    {
      "aggregatable": true,
      "custom": true,
      "defaultValue": null,
      "extraTypeInfo": null,
      "filterable": true,
      "groupable": true,
      "inlineHelpText": null,
      "label": "Task Template Id",
      "name": "IntFW__TaskTemplateId__c",
      "nillable": true,
      "picklistValues": [],
      "referenceTo": [],
      "relationshipName": null,
      "sortable": true,
      "type": "string"
    },
    {
      "aggregatable": true,
      "custom": true,
      "defaultValue": null,
      "extraTypeInfo": null,
      "filterable": true,
      "groupable": true,
      "inlineHelpText": null,
      "label": "Market Sencing",
      "name": "IntFW__Market_Sencing__c",
      "nillable": true,
      "picklistValues": [
        {
          "active": true,
          "defaultValue": false,
          "label": "1",
          "validFor": null,
          "value": "1"
        },
        {
          "active": true,
          "defaultValue": false,
          "label": "2",
          "validFor": null,
          "value": "2"
        },
        {
          "active": true,
          "defaultValue": false,
          "label": "3",
          "validFor": null,
          "value": "3"
        },
        {
          "active": true,
          "defaultValue": false,
          "label": "4",
          "validFor": null,
          "value": "4"
        },
        {
          "active": true,
          "defaultValue": false,
          "label": "5",
          "validFor": null,
          "value": "5"
        },
        {
          "active": true,
          "defaultValue": false,
          "label": "6",
          "validFor": null,
          "value": "6"
        }
      ],
      "referenceTo": [],
      "relationshipName": null,
      "sortable": true,
      "type": "picklist"
    },
    {
      "aggregatable": true,
      "custom": true,
      "defaultValue": null,
      "extraTypeInfo": null,
      "filterable": true,
      "groupable": false,
      "inlineHelpText": "Count of all events",
      "label": "Count of Events",
      "name": "FSL__Count_of_Events__c",
      "nillable": true,
      "picklistValues": [],
      "referenceTo": [],
      "relationshipName": null,
      "sortable": true,
      "type": "double"
    },
    {
      "aggregatable": true,
      "custom": true,
      "defaultValue": null,
      "extraTypeInfo": null,
      "filterable": true,
      "groupable": false,
      "inlineHelpText": null,
      "label": "Count of Tasks",
      "name": "FSL__Count_of_Tasks__c",
      "nillable": true,
      "picklistValues": [],
      "referenceTo": [],
      "relationshipName": null,
      "sortable": true,
      "type": "double"
    },
    {
      "aggregatable": true,
      "custom": true,
      "defaultValue": null,
      "extraTypeInfo": null,
      "filterable": true,
      "groupable": true,
      "inlineHelpText": null,
      "label": "Event Type",
      "name": "FSL__Event_Type__c",
      "nillable": true,
      "picklistValues": [
        {
          "active": true,
          "defaultValue": false,
          "label": "Service Appointment",
          "validFor": null,
          "value": "Service Appointment"
        },
        {
          "active": true,
          "defaultValue": false,
          "label": "Resource Absence",
          "validFor": null,
          "value": "Resource Absence"
        }
      ],
      "referenceTo": [],
      "relationshipName": null,
      "sortable": true,
      "type": "picklist"
    }
  ],
  "label": "Lookups from Activity",
  "childRelationships": [],
  "custom": false,
  "name": "LookedUpFromActivity",
  "queryable": false
}