{
  "fields": [
    {
      "aggregatable": true,
      "custom": false,
      "defaultValue": null,
      "extraTypeInfo": null,
      "filterable": true,
      "groupable": true,
      "inlineHelpText": null,
      "label": "Macro ID",
      "name": "Id",
      "nillable": false,
      "picklistValues": [],
      "referenceTo": [],
      "relationshipName": null,
      "sortable": true,
      "type": "id"
    },
    {
      "aggregatable": true,
      "custom": false,
      "defaultValue": null,
      "extraTypeInfo": null,
      "filterable": true,
      "groupable": true,
      "inlineHelpText": null,
      "label": "Owner ID",
      "name": "OwnerId",
      "nillable": false,
      "picklistValues": [],
      "referenceTo": [
        "Group",
        "User"
      ],
      "relationshipName": "Owner",
      "sortable": true,
      "type": "reference"
    },
    {
      "aggregatable": false,
      "custom": false,
      "defaultValue": false,
      "extraTypeInfo": null,
      "filterable": true,
      "groupable": true,
      "inlineHelpText": null,
      "label": "Deleted",
      "name": "IsDeleted",
      "nillable": false,
      "picklistValues": [],
      "referenceTo": [],
      "relationshipName": null,
      "sortable": true,
      "type": "boolean"
    },
    {
      "aggregatable": true,
      "custom": false,
      "defaultValue": null,
      "extraTypeInfo": null,
      "filterable": true,
      "groupable": true,
      "inlineHelpText": null,
      "label": "Macro Name",
      "name": "Name",
      "nillable": false,
      "picklistValues": [],
      "referenceTo": [],
      "relationshipName": null,
      "sortable": true,
      "type": "string"
    },
    {
      "aggregatable": true,
      "custom": false,
      "defaultValue": null,
      "extraTypeInfo": null,
      "filterable": true,
      "groupable": false,
      "inlineHelpText": null,
      "label": "Created Date",
      "name": "CreatedDate",
      "nillable": false,
      "picklistValues": [],
      "referenceTo": [],
      "relationshipName": null,
      "sortable": true,
      "type": "datetime"
    },
    {
      "aggregatable": true,
      "custom": false,
      "defaultValue": null,
      "extraTypeInfo": null,
      "filterable": true,
      "groupable": true,
      "inlineHelpText": null,
      "label": "Created By ID",
      "name": "CreatedById",
      "nillable": false,
      "picklistValues": [],
      "referenceTo": [
        "User"
      ],
      "relationshipName": "CreatedBy",
      "sortable": true,
      "type": "reference"
    },
    {
      "aggregatable": true,
      "custom": false,
      "defaultValue": null,
      "extraTypeInfo": null,
      "filterable": true,
      "groupable": false,
      "inlineHelpText": null,
      "label": "Last Modified Date",
      "name": "LastModifiedDate",
      "nillable": false,
      "picklistValues": [],
      "referenceTo": [],
      "relationshipName": null,
      "sortable": true,
      "type": "datetime"
    },
    {
      "aggregatable": true,
      "custom": false,
      "defaultValue": null,
      "extraTypeInfo": null,
      "filterable": true,
      "groupable": true,
      "inlineHelpText": null,
      "label": "Last Modified By ID",
      "name": "LastModifiedById",
      "nillable": false,
      "picklistValues": [],
      "referenceTo": [
        "User"
      ],
      "relationshipName": "LastModifiedBy",
      "sortable": true,
      "type": "reference"
    },
    {
      "aggregatable": true,
      "custom": false,
      "defaultValue": null,
      "extraTypeInfo": null,
      "filterable": true,
      "groupable": false,
      "inlineHelpText": null,
      "label": "System Modstamp",
      "name": "SystemModstamp",
      "nillable": false,
      "picklistValues": [],
      "referenceTo": [],
      "relationshipName": null,
      "sortable": true,
      "type": "datetime"
    },
    {
      "aggregatable": true,
      "custom": false,
      "defaultValue": null,
      "extraTypeInfo": null,
      "filterable": true,
      "groupable": false,
      "inlineHelpText": null,
      "label": "Last Viewed Date",
      "name": "LastViewedDate",
      "nillable": true,
      "picklistValues": [],
      "referenceTo": [],
      "relationshipName": null,
      "sortable": true,
      "type": "datetime"
    },
    {
      "aggregatable": true,
      "custom": false,
      "defaultValue": null,
      "extraTypeInfo": null,
      "filterable": true,
      "groupable": false,
      "inlineHelpText": null,
      "label": "Last Referenced Date",
      "name": "LastReferencedDate",
      "nillable": true,
      "picklistValues": [],
      "referenceTo": [],
      "relationshipName": null,
      "sortable": true,
      "type": "datetime"
    },
    {
      "aggregatable": false,
      "custom": false,
      "defaultValue": null,
      "extraTypeInfo": "richtextarea",
      "filterable": false,
      "groupable": false,
      "inlineHelpText": null,
      "label": "Description",
      "name": "Description",
      "nillable": true,
      "picklistValues": [],
      "referenceTo": [],
      "relationshipName": null,
      "sortable": false,
      "type": "textarea"
    },
    {
      "aggregatable": false,
      "custom": false,
      "defaultValue": false,
      "extraTypeInfo": null,
      "filterable": true,
      "groupable": false,
      "inlineHelpText": null,
      "label": "Supports Classic",
      "name": "IsAlohaSupported",
      "nillable": false,
      "picklistValues": [],
      "referenceTo": [],
      "relationshipName": null,
      "sortable": false,
      "type": "boolean"
    },
    {
      "aggregatable": false,
      "custom": false,
      "defaultValue": false,
      "extraTypeInfo": null,
      "filterable": true,
      "groupable": false,
      "inlineHelpText": null,
      "label": "Supports Lightning",
      "name": "IsLightningSupported",
      "nillable": false,
      "picklistValues": [],
      "referenceTo": [],
      "relationshipName": null,
      "sortable": false,
      "type": "boolean"
    },
    {
      "aggregatable": true,
      "custom": false,
      "defaultValue": null,
      "extraTypeInfo": null,
      "filterable": true,
      "groupable": true,
      "inlineHelpText": null,
      "label": "Apply To",
      "name": "StartingContext",
      "nillable": true,
      "picklistValues": [
        {
          "active": true,
          "defaultValue": false,
          "label": "AB Test",
          "validFor": null,
          "value": "et4ae5__abTest__c"
        },
        {
          "active": true,
          "defaultValue": false,
          "label": "Account",
          "validFor": null,
          "value": "Account"
        },
        {
          "active": true,
          "defaultValue": false,
          "label": "Action Plan",
          "validFor": null,
          "value": "IntFW__ActionPlan__c"
        },
        {
          "active": true,
          "defaultValue": false,
          "label": "Action Plan Template",
          "validFor": null,
          "value": "IntFW__ActionPlanTemplate__c"
        },
        {
          "active": true,
          "defaultValue": false,
          "label": "Aggregate Link Level Detail",
          "validFor": null,
          "value": "et4ae5__AggregateLink__c"
        },
        {
          "active": true,
          "defaultValue": false,
          "label": "Alternative Payment Method",
          "validFor": null,
          "value": "AlternativePaymentMethod"
        },
        {
          "active": true,
          "defaultValue": false,
          "label": "API Anomaly Event Store",
          "validFor": null,
          "value": "ApiAnomalyEventStore"
        },
        {
          "active": true,
          "defaultValue": false,
          "label": "Application Log",
          "validFor": null,
          "value": "IntFW__Application_Log__c"
        },
        {
          "active": true,
          "defaultValue": false,
          "label": "Appointment Bundle Aggregation Duration Downscale",
          "validFor": null,
          "value": "ApptBundleAggrDurDnscale"
        },
        {
          "active": true,
          "defaultValue": false,
          "label": "Appointment Bundle Aggregation Policy",
          "validFor": null,
          "value": "ApptBundleAggrPolicy"
        },
        {
          "active": true,
          "defaultValue": false,
          "label": "Appointment Bundle Config",
          "validFor": null,
          "value": "ApptBundleConfig"
        },
        {
          "active": true,
          "defaultValue": false,
          "label": "Appointment Bundle Policy",
          "validFor": null,
          "value": "ApptBundlePolicy"
        },
        {
          "active": true,
          "defaultValue": false,
          "label": "Appointment Bundle Policy Service Territory",
          "validFor": null,
          "value": "ApptBundlePolicySvcTerr"
        },
        {
          "active": true,
          "defaultValue": false,
          "label": "Appointment Bundle Propagation Policy",
          "validFor": null,
          "value": "ApptBundlePropagatePolicy"
        },
        {
          "active": true,
          "defaultValue": false,
          "label": "Appointment Bundle Restriction Policy",
          "validFor": null,
          "value": "ApptBundleRestrictPolicy"
        },
        {
          "active": true,
          "defaultValue": false,
          "label": "Appointment Bundle Sort Policy",
          "validFor": null,
          "value": "ApptBundleSortPolicy"
        },
        {
          "active": true,
          "defaultValue": false,
          "label": "Appointment Dependency",
          "validFor": null,
          "value": "FSL__Time_Dependency__c"
        },
        {
          "active": true,
          "defaultValue": false,
          "label": "Appointment Topic Time Slot",
          "validFor": null,
          "value": "AppointmentTopicTimeSlot"
        },
        {
          "active": true,
          "defaultValue": false,
          "label": "Approvals Page Settings",
          "validFor": null,
          "value": "mcdm_15__ApprovalsPageSettings__c"
        },
        {
          "active": true,
          "defaultValue": false,
          "label": "AP Task",
          "validFor": null,
          "value": "IntFW__APTaskTemplate__c"
        },
        {
          "active": true,
          "defaultValue": false,
          "label": "APT Task",
          "validFor": null,
          "value": "IntFW__APTTaskTemplate__c"
        },
        {
          "active": true,
          "defaultValue": false,
          "label": "Article",
          "validFor": null,
          "value": "IntFW__Article__kav"
        },
        {
          "active": true,
          "defaultValue": false,
          "label": "Asset",
          "validFor": null,
          "value": "Asset"
        },
        {
          "active": true,
          "defaultValue": false,
          "label": "Asset Downtime Period",
          "validFor": null,
          "value": "AssetDowntimePeriod"
        },
        {
          "active": true,
          "defaultValue": false,
          "label": "Asset Relationship",
          "validFor": null,
          "value": "AssetRelationship"
        },
        {
          "active": true,
          "defaultValue": false,
          "label": "Asset Warranty",
          "validFor": null,
          "value": "AssetWarranty"
        },
        {
          "active": true,
          "defaultValue": false,
          "label": "Assigned Resource",
          "validFor": null,
          "value": "AssignedResource"
        },
        {
          "active": true,
          "defaultValue": false,
          "label": "Attribute Definition",
          "validFor": null,
          "value": "AttributeDefinition"
        },
        {
          "active": true,
          "defaultValue": false,
          "label": "Attribute Picklist",
          "validFor": null,
          "value": "AttributePicklist"
        },
        {
          "active": true,
          "defaultValue": false,
          "label": "Attribute Picklist Value",
          "validFor": null,
          "value": "AttributePicklistValue"
        },
        {
          "active": true,
          "defaultValue": false,
          "label": "Authorization Form",
          "validFor": null,
          "value": "AuthorizationForm"
        },
        {
          "active": true,
          "defaultValue": false,
          "label": "Authorization Form Consent",
          "validFor": null,
          "value": "AuthorizationFormConsent"
        },
        {
          "active": true,
          "defaultValue": false,
          "label": "Authorization Form Data Use",
          "validFor": null,
          "value": "AuthorizationFormDataUse"
        },
        {
          "active": true,
          "defaultValue": false,
          "label": "Authorization Form Text",
          "validFor": null,
          "value": "AuthorizationFormText"
        },
        {
          "active": true,
          "defaultValue": false,
          "label": "Bulk Send Batch",
          "validFor": null,
          "value": "mcdm_15__Bulk_Send_Batch__c"
        },
        {
          "active": true,
          "defaultValue": false,
          "label": "Bulk Send Job",
          "validFor": null,
          "value": "mcdm_15__Bulk_Send_Job__c"
        },
        {
          "active": true,
          "defaultValue": false,
          "label": "Business Unit",
          "validFor": null,
          "value": "et4ae5__Business_Unit__c"
        },
        {
          "active": true,
          "defaultValue": false,
          "label": "Campaign Member Configuration",
          "validFor": null,
          "value": "et4ae5__Campaign_Member_Configuration__c"
        },
        {
          "active": true,
          "defaultValue": false,
          "label": "Card Payment Method",
          "validFor": null,
          "value": "CardPaymentMethod"
        },
        {
          "active": true,
          "defaultValue": false,
          "label": "Case",
          "validFor": null,
          "value": "Case"
        },
        {
          "active": true,
          "defaultValue": false,
          "label": "Channel Program",
          "validFor": null,
          "value": "ChannelProgram"
        },
        {
          "active": true,
          "defaultValue": false,
          "label": "Channel Program Level",
          "validFor": null,
          "value": "ChannelProgramLevel"
        },
        {
          "active": true,
          "defaultValue": false,
          "label": "Channel Program Member",
          "validFor": null,
          "value": "ChannelProgramMember"
        },
        {
          "active": true,
          "defaultValue": false,
          "label": "Chat Session",
          "validFor": null,
          "value": "LiveAgentSession"
        },
        {
          "active": true,
          "defaultValue": false,
          "label": "Chat Transcript",
          "validFor": null,
          "value": "LiveChatTranscript"
        },
        {
          "active": true,
          "defaultValue": false,
          "label": "Collaboration Room",
          "validFor": null,
          "value": "CollaborationRoom"
        },
        {
          "active": true,
          "defaultValue": false,
          "label": "Communication Subscription",
          "validFor": null,
          "value": "CommSubscription"
        },
        {
          "active": true,
          "defaultValue": false,
          "label": "Communication Subscription Channel Type",
          "validFor": null,
          "value": "CommSubscriptionChannelType"
        },
        {
          "active": true,
          "defaultValue": false,
          "label": "Communication Subscription Consent",
          "validFor": null,
          "value": "CommSubscriptionConsent"
        },
        {
          "active": true,
          "defaultValue": false,
          "label": "Communication Subscription Timing",
          "validFor": null,
          "value": "CommSubscriptionTiming"
        },
        {
          "active": true,
          "defaultValue": false,
          "label": "Configuration",
          "validFor": null,
          "value": "et4ae5__Configuration__c"
        },
        {
          "active": true,
          "defaultValue": false,
          "label": "Consumption Schedule",
          "validFor": null,
          "value": "ConsumptionSchedule"
        },
        {
          "active": true,
          "defaultValue": false,
          "label": "Contact",
          "validFor": null,
          "value": "Contact"
        },
        {
          "active": true,
          "defaultValue": false,
          "label": "Contact Point Address",
          "validFor": null,
          "value": "ContactPointAddress"
        },
        {
          "active": true,
          "defaultValue": false,
          "label": "Contact Point Email",
          "validFor": null,
          "value": "ContactPointEmail"
        },
        {
          "active": true,
          "defaultValue": false,
          "label": "Contact Point Phone",
          "validFor": null,
          "value": "ContactPointPhone"
        },
        {
          "active": true,
          "defaultValue": false,
          "label": "Contract",
          "validFor": null,
          "value": "Contract"
        },
        {
          "active": true,
          "defaultValue": false,
          "label": "Contract Line Item",
          "validFor": null,
          "value": "ContractLineItem"
        },
        {
          "active": true,
          "defaultValue": false,
          "label": "Credential Stuffing Event Store",
          "validFor": null,
          "value": "CredentialStuffingEventStore"
        },
        {
          "active": true,
          "defaultValue": false,
          "label": "Credit Memo",
          "validFor": null,
          "value": "CreditMemo"
        },
        {
          "active": true,
          "defaultValue": false,
          "label": "Credit Memo Invoice Application",
          "validFor": null,
          "value": "CreditMemoInvApplication"
        },
        {
          "active": true,
          "defaultValue": false,
          "label": "Credit Memo Line",
          "validFor": null,
          "value": "CreditMemoLine"
        },
        {
          "active": true,
          "defaultValue": false,
          "label": "Crew Management User Settings",
          "validFor": null,
          "value": "FSL__Crew_Management_User_Settings__c"
        },
        {
          "active": true,
          "defaultValue": false,
          "label": "Crew Management User Settings Territory",
          "validFor": null,
          "value": "FSL__Crew_Management_User_Settings_Territory__c"
        },
        {
          "active": true,
          "defaultValue": false,
          "label": "Criteria",
          "validFor": null,
          "value": "FSL__Criteria__c"
        },
        {
          "active": true,
          "defaultValue": false,
          "label": "Data Use Purpose",
          "validFor": null,
          "value": "DataUsePurpose"
        },
        {
          "active": true,
          "defaultValue": false,
          "label": "Default Campaign Personalization",
          "validFor": null,
          "value": "mcdm_15__DefaultCampaignPersonalization__c"
        },
        {
          "active": true,
          "defaultValue": false,
          "label": "Default Personalization Settings",
          "validFor": null,
          "value": "mcdm_15__DefaultPersonalizationSettings__c"
        },
        {
          "active": true,
          "defaultValue": false,
          "label": "Digital Wallet",
          "validFor": null,
          "value": "DigitalWallet"
        },
        {
          "active": true,
          "defaultValue": false,
          "label": "Distributed Marketing Restricted Words",
          "validFor": null,
          "value": "mcdm_15__Blacklist__c"
        },
        {
          "active": true,
          "defaultValue": false,
          "label": "DM Activity Log",
          "validFor": null,
          "value": "mcdm_15__DM_Activity_Log__c"
        },
        {
          "active": true,
          "defaultValue": false,
          "label": "DM Async Send Job Status",
          "validFor": null,
          "value": "mcdm_15__DMAsyncSendJobResult__c"
        },
        {
          "active": true,
          "defaultValue": false,
          "label": "DM Async Send Member Error",
          "validFor": null,
          "value": "mcdm_15__DMAsyncSendMemberError__c"
        },
        {
          "active": true,
          "defaultValue": false,
          "label": "DM Auto Send",
          "validFor": null,
          "value": "mcdm_15__DM_Auto_Send__c"
        },
        {
          "active": true,
          "defaultValue": false,
          "label": "DM CPI Link",
          "validFor": null,
          "value": "mcdm_15__ObjectPlugin__c"
        },
        {
          "active": true,
          "defaultValue": false,
          "label": "DM Custom Personalization Interaction",
          "validFor": null,
          "value": "mcdm_15__JourneyApprovalsPlugin__c"
        },
        {
          "active": true,
          "defaultValue": false,
          "label": "Email Linkage",
          "validFor": null,
          "value": "et4ae5__Email_Linkage__c"
        },
        {
          "active": true,
          "defaultValue": false,
          "label": "Email Send",
          "validFor": null,
          "value": "et4ae5__SendDefinition__c"
        },
        {
          "active": true,
          "defaultValue": false,
          "label": "Engagement Channel Type",
          "validFor": null,
          "value": "EngagementChannelType"
        },
        {
          "active": true,
          "defaultValue": false,
          "label": "Event",
          "validFor": null,
          "value": "Event"
        },
        {
          "active": true,
          "defaultValue": false,
          "label": "Event Image",
          "validFor": null,
          "value": "IntFW__EventImage__c"
        },
        {
          "active": true,
          "defaultValue": false,
          "label": "Expense",
          "validFor": null,
          "value": "Expense"
        },
        {
          "active": true,
          "defaultValue": false,
          "label": "Expense Report",
          "validFor": null,
          "value": "ExpenseReport"
        },
        {
          "active": true,
          "defaultValue": false,
          "label": "Expense Report Entry",
          "validFor": null,
          "value": "ExpenseReportEntry"
        },
        {
          "active": true,
          "defaultValue": false,
          "label": "External Managed Account",
          "validFor": null,
          "value": "DelegatedAccount"
        },
        {
          "active": true,
          "defaultValue": false,
          "label": "Feed Item",
          "validFor": null,
          "value": "FeedItem"
        },
        {
          "active": true,
          "defaultValue": false,
          "label": "Finance Balance Snapshot",
          "validFor": null,
          "value": "FinanceBalanceSnapshot"
        },
        {
          "active": true,
          "defaultValue": false,
          "label": "Finance Transaction",
          "validFor": null,
          "value": "FinanceTransaction"
        },
        {
          "active": true,
          "defaultValue": false,
          "label": "FSL Operation",
          "validFor": null,
          "value": "FSL__FSL_Operation__c"
        },
        {
          "active": true,
          "defaultValue": false,
          "label": "Gantt Filter",
          "validFor": null,
          "value": "FSL__Gantt_Filter__c"
        },
        {
          "active": true,
          "defaultValue": false,
          "label": "Gantt Palette",
          "validFor": null,
          "value": "FSL__GanttPalette__c"
        },
        {
          "active": true,
          "defaultValue": false,
          "label": "Greeting Mapping",
          "validFor": null,
          "value": "mcdm_15__GreetingMapping__c"
        },
        {
          "active": true,
          "defaultValue": false,
          "label": "Group",
          "validFor": null,
          "value": "CollaborationGroup"
        },
        {
          "active": true,
          "defaultValue": false,
          "label": "Image",
          "validFor": null,
          "value": "Image"
        },
        {
          "active": true,
          "defaultValue": false,
          "label": "Image List",
          "validFor": null,
          "value": "IntFW__Image_list__c"
        },
        {
          "active": true,
          "defaultValue": false,
          "label": "Individual",
          "validFor": null,
          "value": "Individual"
        },
        {
          "active": true,
          "defaultValue": false,
          "label": "Individual Email Result",
          "validFor": null,
          "value": "et4ae5__IndividualEmailResult__c"
        },
        {
          "active": true,
          "defaultValue": false,
          "label": "Individual Link Level Detail",
          "validFor": null,
          "value": "et4ae5__IndividualLink__c"
        },
        {
          "active": true,
          "defaultValue": false,
          "label": "Integration FW Sample",
          "validFor": null,
          "value": "IntFW__Integration_FW_Sample__c"
        },
        {
          "active": true,
          "defaultValue": false,
          "label": "Integration Log",
          "validFor": null,
          "value": "IntFW__Integration_Log__c"
        },
        {
          "active": true,
          "defaultValue": false,
          "label": "Invoice",
          "validFor": null,
          "value": "Invoice"
        },
        {
          "active": true,
          "defaultValue": false,
          "label": "Invoice Line",
          "validFor": null,
          "value": "InvoiceLine"
        },
        {
          "active": true,
          "defaultValue": false,
          "label": "Job Profile",
          "validFor": null,
          "value": "JobProfile"
        },
        {
          "active": true,
          "defaultValue": false,
          "label": "Lead",
          "validFor": null,
          "value": "Lead"
        },
        {
          "active": true,
          "defaultValue": false,
          "label": "Legal Entity",
          "validFor": null,
          "value": "LegalEntity"
        },
        {
          "active": true,
          "defaultValue": false,
          "label": "Linked Journey",
          "validFor": null,
          "value": "mcdm_15__MarketingCloudLinkedJourney__c"
        },
        {
          "active": true,
          "defaultValue": false,
          "label": "Location",
          "validFor": null,
          "value": "Location"
        },
        {
          "active": true,
          "defaultValue": false,
          "label": "Location Group",
          "validFor": null,
          "value": "LocationGroup"
        },
        {
          "active": true,
          "defaultValue": false,
          "label": "Maintenance Asset",
          "validFor": null,
          "value": "MaintenanceAsset"
        },
        {
          "active": true,
          "defaultValue": false,
          "label": "Maintenance Plan",
          "validFor": null,
          "value": "MaintenancePlan"
        },
        {
          "active": true,
          "defaultValue": false,
          "label": "Maintenance Work Rule",
          "validFor": null,
          "value": "MaintenanceWorkRule"
        },
        {
          "active": true,
          "defaultValue": false,
          "label": "Map Polygon",
          "validFor": null,
          "value": "FSL__Polygon__c"
        },
        {
          "active": true,
          "defaultValue": false,
          "label": "Marketing Cloud Business Unit",
          "validFor": null,
          "value": "mcdm_15__LinkedBusinessUnit__c"
        },
        {
          "active": true,
          "defaultValue": false,
          "label": "Master Data",
          "validFor": null,
          "value": "IntFW__MasterData__c"
        },
        {
          "active": true,
          "defaultValue": false,
          "label": "MC CDC Journey",
          "validFor": null,
          "value": "et4ae5__MC_CDC_Journey__c"
        },
        {
          "active": true,
          "defaultValue": false,
          "label": "MCDM Scheduled Send",
          "validFor": null,
          "value": "mcdm_15__ScheduledSend__c"
        },
        {
          "active": true,
          "defaultValue": false,
          "label": "MCDM Scheduled Send Submission",
          "validFor": null,
          "value": "mcdm_15__ScheduledSendSubmission__c"
        },
        {
          "active": true,
          "defaultValue": false,
          "label": "MCDM Send Cap Log",
          "validFor": null,
          "value": "mcdm_15__SendCapLog__c"
        },
        {
          "active": true,
          "defaultValue": false,
          "label": "MCDM Submission",
          "validFor": null,
          "value": "mcdm_15__Submission__c"
        },
        {
          "active": true,
          "defaultValue": false,
          "label": "MCDM Submission P13n",
          "validFor": null,
          "value": "mcdm_15__SubmissionP13n__c"
        },
        {
          "active": true,
          "defaultValue": false,
          "label": "MCDM Submission Send Settings",
          "validFor": null,
          "value": "mcdm_15__SubmissionSendSettings__c"
        },
        {
          "active": true,
          "defaultValue": false,
          "label": "MCDM User Favorite",
          "validFor": null,
          "value": "mcdm_15__DMUserFavorite__c"
        },
        {
          "active": true,
          "defaultValue": false,
          "label": "MC Journey",
          "validFor": null,
          "value": "mcdm_15__MarketingCloudJourney__x"
        },
        {
          "active": true,
          "defaultValue": false,
          "label": "Messaging Session",
          "validFor": null,
          "value": "MessagingSession"
        },
        {
          "active": true,
          "defaultValue": false,
          "label": "Messaging User",
          "validFor": null,
          "value": "MessagingEndUser"
        },
        {
          "active": true,
          "defaultValue": false,
          "label": "Mobile Send",
          "validFor": null,
          "value": "et4ae5__SMSDefinition__c"
        },
        {
          "active": true,
          "defaultValue": false,
          "label": "Object Milestone",
          "validFor": null,
          "value": "EntityMilestone"
        },
        {
          "active": true,
          "defaultValue": false,
          "label": "Operating Hours",
          "validFor": null,
          "value": "OperatingHours"
        },
        {
          "active": true,
          "defaultValue": false,
          "label": "Opportunity",
          "validFor": null,
          "value": "Opportunity"
        },
        {
          "active": true,
          "defaultValue": false,
          "label": "Opportunity Contact Role",
          "validFor": null,
          "value": "OpportunityContactRole"
        },
        {
          "active": true,
          "defaultValue": false,
          "label": "Optimization Data",
          "validFor": null,
          "value": "FSL__Optimization_Data__c"
        },
        {
          "active": true,
          "defaultValue": false,
          "label": "Optimization Request",
          "validFor": null,
          "value": "FSL__Optimization_Request__c"
        },
        {
          "active": true,
          "defaultValue": false,
          "label": "Optimization Request Queue",
          "validFor": null,
          "value": "FSL__Optimization_Request_Queue__c"
        },
        {
          "active": true,
          "defaultValue": false,
          "label": "Order",
          "validFor": null,
          "value": "Order"
        },
        {
          "active": true,
          "defaultValue": false,
          "label": "Partner Fund Allocation",
          "validFor": null,
          "value": "PartnerFundAllocation"
        },
        {
          "active": true,
          "defaultValue": false,
          "label": "Partner Fund Claim",
          "validFor": null,
          "value": "PartnerFundClaim"
        },
        {
          "active": true,
          "defaultValue": false,
          "label": "Partner Fund Request",
          "validFor": null,
          "value": "PartnerFundRequest"
        },
        {
          "active": true,
          "defaultValue": false,
          "label": "Partner Marketing Budget",
          "validFor": null,
          "value": "PartnerMarketingBudget"
        },
        {
          "active": true,
          "defaultValue": false,
          "label": "Party Consent",
          "validFor": null,
          "value": "PartyConsent"
        },
        {
          "active": true,
          "defaultValue": false,
          "label": "Payment",
          "validFor": null,
          "value": "Payment"
        },
        {
          "active": true,
          "defaultValue": false,
          "label": "Payment Authorization",
          "validFor": null,
          "value": "PaymentAuthorization"
        },
        {
          "active": true,
          "defaultValue": false,
          "label": "Payment Authorization Adjustment",
          "validFor": null,
          "value": "PaymentAuthAdjustment"
        },
        {
          "active": true,
          "defaultValue": false,
          "label": "Payment Gateway",
          "validFor": null,
          "value": "PaymentGateway"
        },
        {
          "active": true,
          "defaultValue": false,
          "label": "Payment Gateway Log",
          "validFor": null,
          "value": "PaymentGatewayLog"
        },
        {
          "active": true,
          "defaultValue": false,
          "label": "Payment Line Invoice",
          "validFor": null,
          "value": "PaymentLineInvoice"
        },
        {
          "active": true,
          "defaultValue": false,
          "label": "Personalization Field Map",
          "validFor": null,
          "value": "mcdm_15__PersonalizationFieldMap__c"
        },
        {
          "active": true,
          "defaultValue": false,
          "label": "PrivateTestObject",
          "validFor": null,
          "value": "IntFW__PrivateTestObject__c"
        },
        {
          "active": true,
          "defaultValue": false,
          "label": "Process Exception",
          "validFor": null,
          "value": "ProcessException"
        },
        {
          "active": true,
          "defaultValue": false,
          "label": "Product",
          "validFor": null,
          "value": "Product2"
        },
        {
          "active": true,
          "defaultValue": false,
          "label": "Product Consumed",
          "validFor": null,
          "value": "ProductConsumed"
        },
        {
          "active": true,
          "defaultValue": false,
          "label": "Product Consumed State",
          "validFor": null,
          "value": "ProductConsumedState"
        },
        {
          "active": true,
          "defaultValue": false,
          "label": "Product Item",
          "validFor": null,
          "value": "ProductItem"
        },
        {
          "active": true,
          "defaultValue": false,
          "label": "Product Item Transaction",
          "validFor": null,
          "value": "ProductItemTransaction"
        },
        {
          "active": true,
          "defaultValue": false,
          "label": "Product Request",
          "validFor": null,
          "value": "ProductRequest"
        },
        {
          "active": true,
          "defaultValue": false,
          "label": "Product Request Line Item",
          "validFor": null,
          "value": "ProductRequestLineItem"
        },
        {
          "active": true,
          "defaultValue": false,
          "label": "Product Required",
          "validFor": null,
          "value": "ProductRequired"
        },
        {
          "active": true,
          "defaultValue": false,
          "label": "Product Service Campaign",
          "validFor": null,
          "value": "ProductServiceCampaign"
        },
        {
          "active": true,
          "defaultValue": false,
          "label": "Product Service Campaign Item",
          "validFor": null,
          "value": "ProductServiceCampaignItem"
        },
        {
          "active": true,
          "defaultValue": false,
          "label": "Product Transfer",
          "validFor": null,
          "value": "ProductTransfer"
        },
        {
          "active": true,
          "defaultValue": false,
          "label": "Product Transfer State",
          "validFor": null,
          "value": "ProductTransferState"
        },
        {
          "active": true,
          "defaultValue": false,
          "label": "Product Warranty Term",
          "validFor": null,
          "value": "ProductWarrantyTerm"
        },
        {
          "active": true,
          "defaultValue": false,
          "label": "Quick Send Message",
          "validFor": null,
          "value": "mcdm_15__QuickSendJourney__c"
        },
        {
          "active": true,
          "defaultValue": false,
          "label": "Quip Document from List View",
          "validFor": null,
          "value": "ContentDocumentListViewMapping"
        },
        {
          "active": true,
          "defaultValue": false,
          "label": "ReadOnlyTestObject",
          "validFor": null,
          "value": "IntFW__ReadOnlyTestObject__c"
        },
        {
          "active": true,
          "defaultValue": false,
          "label": "Recordset Filter Criteria",
          "validFor": null,
          "value": "RecordsetFilterCriteria"
        },
        {
          "active": true,
          "defaultValue": false,
          "label": "Recordset Filter Criteria Monitor",
          "validFor": null,
          "value": "RecordsetFltrCritMonitor"
        },
        {
          "active": true,
          "defaultValue": false,
          "label": "Recordset Filter Criteria Rule",
          "validFor": null,
          "value": "RecordsetFilterCriteriaRule"
        },
        {
          "active": true,
          "defaultValue": false,
          "label": "Refund",
          "validFor": null,
          "value": "Refund"
        },
        {
          "active": true,
          "defaultValue": false,
          "label": "Refund Line Payment",
          "validFor": null,
          "value": "RefundLinePayment"
        },
        {
          "active": true,
          "defaultValue": false,
          "label": "Report Anomaly Event Store",
          "validFor": null,
          "value": "ReportAnomalyEventStore"
        },
        {
          "active": true,
          "defaultValue": false,
          "label": "Resource Absence",
          "validFor": null,
          "value": "ResourceAbsence"
        },
        {
          "active": true,
          "defaultValue": false,
          "label": "Resource Capacity",
          "validFor": null,
          "value": "ServiceResourceCapacity"
        },
        {
          "active": true,
          "defaultValue": false,
          "label": "Return Order",
          "validFor": null,
          "value": "ReturnOrder"
        },
        {
          "active": true,
          "defaultValue": false,
          "label": "Return Order Line Item",
          "validFor": null,
          "value": "ReturnOrderLineItem"
        },
        {
          "active": true,
          "defaultValue": false,
          "label": "Scheduling Policy",
          "validFor": null,
          "value": "FSL__Scheduling_Policy__c"
        },
        {
          "active": true,
          "defaultValue": false,
          "label": "Scheduling Policy Objective",
          "validFor": null,
          "value": "FSL__Scheduling_Policy_Goal__c"
        },
        {
          "active": true,
          "defaultValue": false,
          "label": "Scheduling Policy Work Rule",
          "validFor": null,
          "value": "FSL__Scheduling_Policy_Work_Rule__c"
        },
        {
          "active": true,
          "defaultValue": false,
          "label": "Scheduling Recipe",
          "validFor": null,
          "value": "FSL__SchedulingRecipe__c"
        },
        {
          "active": true,
          "defaultValue": false,
          "label": "Send Junction",
          "validFor": null,
          "value": "et4ae5__SendJunction__c"
        },
        {
          "active": true,
          "defaultValue": false,
          "label": "Serialized Product",
          "validFor": null,
          "value": "SerializedProduct"
        },
        {
          "active": true,
          "defaultValue": false,
          "label": "Service Appointment",
          "validFor": null,
          "value": "ServiceAppointment"
        },
        {
          "active": true,
          "defaultValue": false,
          "label": "Service Contract",
          "validFor": null,
          "value": "ServiceContract"
        },
        {
          "active": true,
          "defaultValue": false,
          "label": "Service Crew",
          "validFor": null,
          "value": "ServiceCrew"
        },
        {
          "active": true,
          "defaultValue": false,
          "label": "Service Crew Member",
          "validFor": null,
          "value": "ServiceCrewMember"
        },
        {
          "active": true,
          "defaultValue": false,
          "label": "Service Objective",
          "validFor": null,
          "value": "FSL__Service_Goal__c"
        },
        {
          "active": true,
          "defaultValue": false,
          "label": "Service Resource",
          "validFor": null,
          "value": "ServiceResource"
        },
        {
          "active": true,
          "defaultValue": false,
          "label": "Service Resource Preference",
          "validFor": null,
          "value": "ServiceResourcePreference"
        },
        {
          "active": true,
          "defaultValue": false,
          "label": "Service Territory",
          "validFor": null,
          "value": "ServiceTerritory"
        },
        {
          "active": true,
          "defaultValue": false,
          "label": "Service Territory Location",
          "validFor": null,
          "value": "ServiceTerritoryLocation"
        },
        {
          "active": true,
          "defaultValue": false,
          "label": "Session Hijacking Event Store",
          "validFor": null,
          "value": "SessionHijackingEventStore"
        },
        {
          "active": true,
          "defaultValue": false,
          "label": "Shift",
          "validFor": null,
          "value": "Shift"
        },
        {
          "active": true,
          "defaultValue": false,
          "label": "Shift Pattern",
          "validFor": null,
          "value": "ShiftPattern"
        },
        {
          "active": true,
          "defaultValue": false,
          "label": "Shift Pattern Entry",
          "validFor": null,
          "value": "ShiftPatternEntry"
        },
        {
          "active": true,
          "defaultValue": false,
          "label": "Shipment",
          "validFor": null,
          "value": "Shipment"
        },
        {
          "active": true,
          "defaultValue": false,
          "label": "Shipment Item",
          "validFor": null,
          "value": "ShipmentItem"
        },
        {
          "active": true,
          "defaultValue": false,
          "label": "SLR Cache",
          "validFor": null,
          "value": "FSL__SLR_Cache__c"
        },
        {
          "active": true,
          "defaultValue": false,
          "label": "SMS Junction",
          "validFor": null,
          "value": "et4ae5__SMSJunction__c"
        },
        {
          "active": true,
          "defaultValue": false,
          "label": "Support Request",
          "validFor": null,
          "value": "et4ae5__SupportRequest__c"
        },
        {
          "active": true,
          "defaultValue": false,
          "label": "Swarm",
          "validFor": null,
          "value": "Swarm"
        },
        {
          "active": true,
          "defaultValue": false,
          "label": "Swarm Member",
          "validFor": null,
          "value": "SwarmMember"
        },
        {
          "active": true,
          "defaultValue": false,
          "label": "Task",
          "validFor": null,
          "value": "Task"
        },
        {
          "active": true,
          "defaultValue": false,
          "label": "Territory Optimization Request",
          "validFor": null,
          "value": "FSL__Territory_Optimization_Request__c"
        },
        {
          "active": true,
          "defaultValue": false,
          "label": "Threat Detection Feedback",
          "validFor": null,
          "value": "ThreatDetectionFeedback"
        },
        {
          "active": true,
          "defaultValue": false,
          "label": "Time Sheet",
          "validFor": null,
          "value": "TimeSheet"
        },
        {
          "active": true,
          "defaultValue": false,
          "label": "Time Sheet Entry",
          "validFor": null,
          "value": "TimeSheetEntry"
        },
        {
          "active": true,
          "defaultValue": false,
          "label": "Travel Mode",
          "validFor": null,
          "value": "TravelMode"
        },
        {
          "active": true,
          "defaultValue": false,
          "label": "Triggered Send",
          "validFor": null,
          "value": "et4ae5__Automated_Send__c"
        },
        {
          "active": true,
          "defaultValue": false,
          "label": "Triggered Send Execution",
          "validFor": null,
          "value": "et4ae5__Triggered_Send_Execution__c"
        },
        {
          "active": true,
          "defaultValue": false,
          "label": "User",
          "validFor": null,
          "value": "User"
        },
        {
          "active": true,
          "defaultValue": false,
          "label": "User Enabled Business Unit",
          "validFor": null,
          "value": "et4ae5__UEBU__c"
        },
        {
          "active": true,
          "defaultValue": false,
          "label": "User Setting",
          "validFor": null,
          "value": "FSL__UserSetting__c"
        },
        {
          "active": true,
          "defaultValue": false,
          "label": "User Setting Territory",
          "validFor": null,
          "value": "FSL__User_Setting_Territory__c"
        },
        {
          "active": true,
          "defaultValue": false,
          "label": "User Territory",
          "validFor": null,
          "value": "FSL__User_Territory__c"
        },
        {
          "active": true,
          "defaultValue": false,
          "label": "Valid Domains",
          "validFor": null,
          "value": "mcdm_15__ValidDomains__c"
        },
        {
          "active": true,
          "defaultValue": false,
          "label": "Vehicle",
          "validFor": null,
          "value": "IntFW__Vehicle__c"
        },
        {
          "active": true,
          "defaultValue": false,
          "label": "Warranty Term",
          "validFor": null,
          "value": "WarrantyTerm"
        },
        {
          "active": true,
          "defaultValue": false,
          "label": "Web Cart Document",
          "validFor": null,
          "value": "WebCartDocument"
        },
        {
          "active": true,
          "defaultValue": false,
          "label": "Work Order",
          "validFor": null,
          "value": "WorkOrder"
        },
        {
          "active": true,
          "defaultValue": false,
          "label": "Work Order Line Item",
          "validFor": null,
          "value": "WorkOrderLineItem"
        },
        {
          "active": true,
          "defaultValue": false,
          "label": "Work Part",
          "validFor": null,
          "value": "IntFW__Work_Part__c"
        },
        {
          "active": true,
          "defaultValue": false,
          "label": "Work Plan",
          "validFor": null,
          "value": "WorkPlan"
        },
        {
          "active": true,
          "defaultValue": false,
          "label": "Work Plan Selection Rule",
          "validFor": null,
          "value": "WorkPlanSelectionRule"
        },
        {
          "active": true,
          "defaultValue": false,
          "label": "Work Plan Template",
          "validFor": null,
          "value": "WorkPlanTemplate"
        },
        {
          "active": true,
          "defaultValue": false,
          "label": "Work Plan Template Entry",
          "validFor": null,
          "value": "WorkPlanTemplateEntry"
        },
        {
          "active": true,
          "defaultValue": false,
          "label": "Work Rule",
          "validFor": null,
          "value": "FSL__Work_Rule__c"
        },
        {
          "active": true,
          "defaultValue": false,
          "label": "Work Step",
          "validFor": null,
          "value": "WorkStep"
        },
        {
          "active": true,
          "defaultValue": false,
          "label": "Work Step Template",
          "validFor": null,
          "value": "WorkStepTemplate"
        },
        {
          "active": true,
          "defaultValue": false,
          "label": "Work Type",
          "validFor": null,
          "value": "WorkType"
        },
        {
          "active": true,
          "defaultValue": false,
          "label": "Work Type Group",
          "validFor": null,
          "value": "WorkTypeGroup"
        },
        {
          "active": true,
          "defaultValue": false,
          "label": "Work Type Group Member",
          "validFor": null,
          "value": "WorkTypeGroupMember"
        }
      ],
      "referenceTo": [],
      "relationshipName": null,
      "sortable": true,
      "type": "picklist"
    }
  ],
  "label": "Macro",
  "childRelationships": [
    {
      "cascadeDelete": false,
      "childSObject": "AIInsightAction",
      "deprecatedAndHidden": false,
      "field": "ActionId",
      "junctionIdListNames": [],
      "junctionReferenceTo": [],
      "relationshipName": null,
      "restrictedDelete": false
    },
    {
      "cascadeDelete": true,
      "childSObject": "AIInsightValue",
      "deprecatedAndHidden": false,
      "field": "SobjectLookupValueId",
      "junctionIdListNames": [],
      "junctionReferenceTo": [],
      "relationshipName": null,
      "restrictedDelete": false
    },
    {
      "cascadeDelete": true,
      "childSObject": "AIRecordInsight",
      "deprecatedAndHidden": false,
      "field": "TargetId",
      "junctionIdListNames": [],
      "junctionReferenceTo": [],
      "relationshipName": null,
      "restrictedDelete": false
    },
    {
      "cascadeDelete": false,
      "childSObject": "FlowExecutionErrorEvent",
      "deprecatedAndHidden": false,
      "field": "ContextRecordId",
      "junctionIdListNames": [],
      "junctionReferenceTo": [],
      "relationshipName": null,
      "restrictedDelete": false
    },
    {
      "cascadeDelete": false,
      "childSObject": "FlowRecordRelation",
      "deprecatedAndHidden": false,
      "field": "RelatedRecordId",
      "junctionIdListNames": [],
      "junctionReferenceTo": [],
      "relationshipName": null,
      "restrictedDelete": false
    },
    {
      "cascadeDelete": true,
      "childSObject": "MacroHistory",
      "deprecatedAndHidden": false,
      "field": "MacroId",
      "junctionIdListNames": [],
      "junctionReferenceTo": [],
      "relationshipName": "Histories",
      "restrictedDelete": false
    },
    {
      "cascadeDelete": true,
      "childSObject": "MacroInstruction",
      "deprecatedAndHidden": false,
      "field": "MacroId",
      "junctionIdListNames": [],
      "junctionReferenceTo": [],
      "relationshipName": null,
      "restrictedDelete": false
    },
    {
      "cascadeDelete": false,
      "childSObject": "MacroInstructionChangeEvent",
      "deprecatedAndHidden": false,
      "field": "MacroId",
      "junctionIdListNames": [],
      "junctionReferenceTo": [],
      "relationshipName": null,
      "restrictedDelete": false
    },
    {
      "cascadeDelete": true,
      "childSObject": "MacroShare",
      "deprecatedAndHidden": false,
      "field": "ParentId",
      "junctionIdListNames": [],
      "junctionReferenceTo": [],
      "relationshipName": "Shares",
      "restrictedDelete": false
    },
    {
      "cascadeDelete": false,
      "childSObject": "MacroUsage",
      "deprecatedAndHidden": false,
      "field": "MacroId",
      "junctionIdListNames": [],
      "junctionReferenceTo": [],
      "relationshipName": null,
      "restrictedDelete": false
    }
  ],
  "custom": false,
  "name": "Macro",
  "queryable": true
}