{
  "fields": [
    {
      "aggregatable": true,
      "custom": false,
      "defaultValue": null,
      "extraTypeInfo": null,
      "filterable": true,
      "groupable": true,
      "inlineHelpText": null,
      "label": "Messaging Channel ID",
      "name": "Id",
      "nillable": false,
      "picklistValues": [],
      "referenceTo": [],
      "relationshipName": null,
      "sortable": true,
      "type": "id"
    },
    {
      "aggregatable": false,
      "custom": false,
      "defaultValue": false,
      "extraTypeInfo": null,
      "filterable": true,
      "groupable": true,
      "inlineHelpText": null,
      "label": "Deleted",
      "name": "IsDeleted",
      "nillable": false,
      "picklistValues": [],
      "referenceTo": [],
      "relationshipName": null,
      "sortable": true,
      "type": "boolean"
    },
    {
      "aggregatable": true,
      "custom": false,
      "defaultValue": null,
      "extraTypeInfo": null,
      "filterable": true,
      "groupable": true,
      "inlineHelpText": null,
      "label": "Developer Name",
      "name": "DeveloperName",
      "nillable": false,
      "picklistValues": [],
      "referenceTo": [],
      "relationshipName": null,
      "sortable": true,
      "type": "string"
    },
    {
      "aggregatable": true,
      "custom": false,
      "defaultValue": null,
      "extraTypeInfo": null,
      "filterable": true,
      "groupable": true,
      "inlineHelpText": null,
      "label": "Master Language",
      "name": "Language",
      "nillable": true,
      "picklistValues": [
        {
          "active": true,
          "defaultValue": false,
          "label": "English",
          "validFor": null,
          "value": "en_US"
        },
        {
          "active": true,
          "defaultValue": false,
          "label": "German",
          "validFor": null,
          "value": "de"
        },
        {
          "active": true,
          "defaultValue": false,
          "label": "Spanish",
          "validFor": null,
          "value": "es"
        },
        {
          "active": true,
          "defaultValue": false,
          "label": "French",
          "validFor": null,
          "value": "fr"
        },
        {
          "active": true,
          "defaultValue": false,
          "label": "Italian",
          "validFor": null,
          "value": "it"
        },
        {
          "active": true,
          "defaultValue": false,
          "label": "Japanese",
          "validFor": null,
          "value": "ja"
        },
        {
          "active": true,
          "defaultValue": false,
          "label": "Swedish",
          "validFor": null,
          "value": "sv"
        },
        {
          "active": true,
          "defaultValue": false,
          "label": "Korean",
          "validFor": null,
          "value": "ko"
        },
        {
          "active": true,
          "defaultValue": false,
          "label": "Chinese (Traditional)",
          "validFor": null,
          "value": "zh_TW"
        },
        {
          "active": true,
          "defaultValue": false,
          "label": "Chinese (Simplified)",
          "validFor": null,
          "value": "zh_CN"
        },
        {
          "active": true,
          "defaultValue": false,
          "label": "Portuguese (Brazil)",
          "validFor": null,
          "value": "pt_BR"
        },
        {
          "active": true,
          "defaultValue": false,
          "label": "Dutch",
          "validFor": null,
          "value": "nl_NL"
        },
        {
          "active": true,
          "defaultValue": false,
          "label": "Danish",
          "validFor": null,
          "value": "da"
        },
        {
          "active": true,
          "defaultValue": false,
          "label": "Thai",
          "validFor": null,
          "value": "th"
        },
        {
          "active": true,
          "defaultValue": false,
          "label": "Finnish",
          "validFor": null,
          "value": "fi"
        },
        {
          "active": true,
          "defaultValue": false,
          "label": "Russian",
          "validFor": null,
          "value": "ru"
        },
        {
          "active": true,
          "defaultValue": false,
          "label": "Spanish (Mexico)",
          "validFor": null,
          "value": "es_MX"
        },
        {
          "active": true,
          "defaultValue": false,
          "label": "Norwegian",
          "validFor": null,
          "value": "no"
        },
        {
          "active": false,
          "defaultValue": false,
          "label": "Hungarian",
          "validFor": null,
          "value": "hu"
        },
        {
          "active": false,
          "defaultValue": false,
          "label": "Polish",
          "validFor": null,
          "value": "pl"
        },
        {
          "active": false,
          "defaultValue": false,
          "label": "Czech",
          "validFor": null,
          "value": "cs"
        },
        {
          "active": false,
          "defaultValue": false,
          "label": "Turkish",
          "validFor": null,
          "value": "tr"
        },
        {
          "active": false,
          "defaultValue": false,
          "label": "Indonesian",
          "validFor": null,
          "value": "in"
        },
        {
          "active": false,
          "defaultValue": false,
          "label": "Romanian",
          "validFor": null,
          "value": "ro"
        },
        {
          "active": true,
          "defaultValue": false,
          "label": "Vietnamese",
          "validFor": null,
          "value": "vi"
        },
        {
          "active": false,
          "defaultValue": false,
          "label": "Ukrainian",
          "validFor": null,
          "value": "uk"
        },
        {
          "active": false,
          "defaultValue": false,
          "label": "Hebrew",
          "validFor": null,
          "value": "iw"
        },
        {
          "active": false,
          "defaultValue": false,
          "label": "Greek",
          "validFor": null,
          "value": "el"
        },
        {
          "active": false,
          "defaultValue": false,
          "label": "Bulgarian",
          "validFor": null,
          "value": "bg"
        },
        {
          "active": false,
          "defaultValue": false,
          "label": "English (UK)",
          "validFor": null,
          "value": "en_GB"
        },
        {
          "active": false,
          "defaultValue": false,
          "label": "Arabic",
          "validFor": null,
          "value": "ar"
        },
        {
          "active": false,
          "defaultValue": false,
          "label": "Slovak",
          "validFor": null,
          "value": "sk"
        },
        {
          "active": false,
          "defaultValue": false,
          "label": "Portuguese (European)",
          "validFor": null,
          "value": "pt_PT"
        },
        {
          "active": false,
          "defaultValue": false,
          "label": "Croatian",
          "validFor": null,
          "value": "hr"
        },
        {
          "active": false,
          "defaultValue": false,
          "label": "Slovene",
          "validFor": null,
          "value": "sl"
        },
        {
          "active": false,
          "defaultValue": false,
          "label": "French (Canadian)",
          "validFor": null,
          "value": "fr_CA"
        },
        {
          "active": false,
          "defaultValue": false,
          "label": "Georgian",
          "validFor": null,
          "value": "ka"
        },
        {
          "active": false,
          "defaultValue": false,
          "label": "Serbian (Cyrillic)",
          "validFor": null,
          "value": "sr"
        },
        {
          "active": false,
          "defaultValue": false,
          "label": "Serbian (Latin)",
          "validFor": null,
          "value": "sh"
        },
        {
          "active": false,
          "defaultValue": false,
          "label": "English (Australian)",
          "validFor": null,
          "value": "en_AU"
        },
        {
          "active": false,
          "defaultValue": false,
          "label": "English (Malaysian)",
          "validFor": null,
          "value": "en_MY"
        },
        {
          "active": false,
          "defaultValue": false,
          "label": "English (Indian)",
          "validFor": null,
          "value": "en_IN"
        },
        {
          "active": false,
          "defaultValue": false,
          "label": "English (Phillipines)",
          "validFor": null,
          "value": "en_PH"
        },
        {
          "active": false,
          "defaultValue": false,
          "label": "English (Canadian)",
          "validFor": null,
          "value": "en_CA"
        },
        {
          "active": false,
          "defaultValue": false,
          "label": "Romanian (Moldova)",
          "validFor": null,
          "value": "ro_MD"
        },
        {
          "active": false,
          "defaultValue": false,
          "label": "Bosnian",
          "validFor": null,
          "value": "bs"
        },
        {
          "active": false,
          "defaultValue": false,
          "label": "Macedonian",
          "validFor": null,
          "value": "mk"
        },
        {
          "active": false,
          "defaultValue": false,
          "label": "Latvian",
          "validFor": null,
          "value": "lv"
        },
        {
          "active": false,
          "defaultValue": false,
          "label": "Lithuanian",
          "validFor": null,
          "value": "lt"
        },
        {
          "active": false,
          "defaultValue": false,
          "label": "Estonian",
          "validFor": null,
          "value": "et"
        },
        {
          "active": false,
          "defaultValue": false,
          "label": "Albanian",
          "validFor": null,
          "value": "sq"
        },
        {
          "active": false,
          "defaultValue": false,
          "label": "Montenegrin",
          "validFor": null,
          "value": "sh_ME"
        },
        {
          "active": false,
          "defaultValue": false,
          "label": "Maltese",
          "validFor": null,
          "value": "mt"
        },
        {
          "active": false,
          "defaultValue": false,
          "label": "Irish",
          "validFor": null,
          "value": "ga"
        },
        {
          "active": false,
          "defaultValue": false,
          "label": "Basque",
          "validFor": null,
          "value": "eu"
        },
        {
          "active": false,
          "defaultValue": false,
          "label": "Welsh",
          "validFor": null,
          "value": "cy"
        },
        {
          "active": false,
          "defaultValue": false,
          "label": "Icelandic",
          "validFor": null,
          "value": "is"
        },
        {
          "active": false,
          "defaultValue": false,
          "label": "Malay",
          "validFor": null,
          "value": "ms"
        },
        {
          "active": false,
          "defaultValue": false,
          "label": "Tagalog",
          "validFor": null,
          "value": "tl"
        },
        {
          "active": false,
          "defaultValue": false,
          "label": "Luxembourgish",
          "validFor": null,
          "value": "lb"
        },
        {
          "active": false,
          "defaultValue": false,
          "label": "Romansh",
          "validFor": null,
          "value": "rm"
        },
        {
          "active": false,
          "defaultValue": false,
          "label": "Armenian",
          "validFor": null,
          "value": "hy"
        },
        {
          "active": false,
          "defaultValue": false,
          "label": "Hindi",
          "validFor": null,
          "value": "hi"
        },
        {
          "active": false,
          "defaultValue": false,
          "label": "Urdu",
          "validFor": null,
          "value": "ur"
        },
        {
          "active": false,
          "defaultValue": false,
          "label": "Bengali",
          "validFor": null,
          "value": "bn"
        },
        {
          "active": false,
          "defaultValue": false,
          "label": "German (Austria)",
          "validFor": null,
          "value": "de_AT"
        },
        {
          "active": false,
          "defaultValue": false,
          "label": "German (Switzerland)",
          "validFor": null,
          "value": "de_CH"
        },
        {
          "active": false,
          "defaultValue": false,
          "label": "Tamil",
          "validFor": null,
          "value": "ta"
        },
        {
          "active": false,
          "defaultValue": false,
          "label": "Arabic (Algeria)",
          "validFor": null,
          "value": "ar_DZ"
        },
        {
          "active": false,
          "defaultValue": false,
          "label": "Arabic (Bahrain)",
          "validFor": null,
          "value": "ar_BH"
        },
        {
          "active": false,
          "defaultValue": false,
          "label": "Arabic (Egypt)",
          "validFor": null,
          "value": "ar_EG"
        },
        {
          "active": false,
          "defaultValue": false,
          "label": "Arabic (Iraq)",
          "validFor": null,
          "value": "ar_IQ"
        },
        {
          "active": false,
          "defaultValue": false,
          "label": "Arabic (Jordan)",
          "validFor": null,
          "value": "ar_JO"
        },
        {
          "active": false,
          "defaultValue": false,
          "label": "Arabic (Kuwait)",
          "validFor": null,
          "value": "ar_KW"
        },
        {
          "active": false,
          "defaultValue": false,
          "label": "Arabic (Lebanon)",
          "validFor": null,
          "value": "ar_LB"
        },
        {
          "active": false,
          "defaultValue": false,
          "label": "Arabic (Libya)",
          "validFor": null,
          "value": "ar_LY"
        },
        {
          "active": false,
          "defaultValue": false,
          "label": "Arabic (Morocco)",
          "validFor": null,
          "value": "ar_MA"
        },
        {
          "active": false,
          "defaultValue": false,
          "label": "Arabic (Oman)",
          "validFor": null,
          "value": "ar_OM"
        },
        {
          "active": false,
          "defaultValue": false,
          "label": "Arabic (Qatar)",
          "validFor": null,
          "value": "ar_QA"
        },
        {
          "active": false,
          "defaultValue": false,
          "label": "Arabic (Saudi Arabia)",
          "validFor": null,
          "value": "ar_SA"
        },
        {
          "active": false,
          "defaultValue": false,
          "label": "Arabic (Sudan)",
          "validFor": null,
          "value": "ar_SD"
        },
        {
          "active": false,
          "defaultValue": false,
          "label": "Arabic (Syria)",
          "validFor": null,
          "value": "ar_SY"
        },
        {
          "active": false,
          "defaultValue": false,
          "label": "Arabic (Tunisia)",
          "validFor": null,
          "value": "ar_TN"
        },
        {
          "active": false,
          "defaultValue": false,
          "label": "Arabic (United Arab Emirates)",
          "validFor": null,
          "value": "ar_AE"
        },
        {
          "active": false,
          "defaultValue": false,
          "label": "Arabic (Yemen)",
          "validFor": null,
          "value": "ar_YE"
        },
        {
          "active": false,
          "defaultValue": false,
          "label": "Chinese (Singapore)",
          "validFor": null,
          "value": "zh_SG"
        },
        {
          "active": false,
          "defaultValue": false,
          "label": "Chinese (Hong Kong)",
          "validFor": null,
          "value": "zh_HK"
        },
        {
          "active": false,
          "defaultValue": false,
          "label": "English (Hong Kong)",
          "validFor": null,
          "value": "en_HK"
        },
        {
          "active": false,
          "defaultValue": false,
          "label": "English (Ireland)",
          "validFor": null,
          "value": "en_IE"
        },
        {
          "active": false,
          "defaultValue": false,
          "label": "English (Singapore)",
          "validFor": null,
          "value": "en_SG"
        },
        {
          "active": false,
          "defaultValue": false,
          "label": "English (South Africa)",
          "validFor": null,
          "value": "en_ZA"
        },
        {
          "active": false,
          "defaultValue": false,
          "label": "French (Belgium)",
          "validFor": null,
          "value": "fr_BE"
        },
        {
          "active": false,
          "defaultValue": false,
          "label": "French (Luxembourg)",
          "validFor": null,
          "value": "fr_LU"
        },
        {
          "active": false,
          "defaultValue": false,
          "label": "French (Switzerland)",
          "validFor": null,
          "value": "fr_CH"
        },
        {
          "active": false,
          "defaultValue": false,
          "label": "German (Belgium)",
          "validFor": null,
          "value": "de_BE"
        },
        {
          "active": false,
          "defaultValue": false,
          "label": "German (Luxembourg)",
          "validFor": null,
          "value": "de_LU"
        },
        {
          "active": false,
          "defaultValue": false,
          "label": "Italian (Switzerland)",
          "validFor": null,
          "value": "it_CH"
        },
        {
          "active": false,
          "defaultValue": false,
          "label": "Dutch (Belgium)",
          "validFor": null,
          "value": "nl_BE"
        },
        {
          "active": false,
          "defaultValue": false,
          "label": "Spanish (Argentina)",
          "validFor": null,
          "value": "es_AR"
        },
        {
          "active": false,
          "defaultValue": false,
          "label": "Spanish (Bolivia)",
          "validFor": null,
          "value": "es_BO"
        },
        {
          "active": false,
          "defaultValue": false,
          "label": "Spanish (Chile)",
          "validFor": null,
          "value": "es_CL"
        },
        {
          "active": false,
          "defaultValue": false,
          "label": "Spanish (Colombia)",
          "validFor": null,
          "value": "es_CO"
        },
        {
          "active": false,
          "defaultValue": false,
          "label": "Spanish (Costa Rica)",
          "validFor": null,
          "value": "es_CR"
        },
        {
          "active": false,
          "defaultValue": false,
          "label": "Spanish (Dominican Republic)",
          "validFor": null,
          "value": "es_DO"
        },
        {
          "active": false,
          "defaultValue": false,
          "label": "Spanish (Ecuador)",
          "validFor": null,
          "value": "es_EC"
        },
        {
          "active": false,
          "defaultValue": false,
          "label": "Spanish (El Salvador)",
          "validFor": null,
          "value": "es_SV"
        },
        {
          "active": false,
          "defaultValue": false,
          "label": "Spanish (Guatemala)",
          "validFor": null,
          "value": "es_GT"
        },
        {
          "active": false,
          "defaultValue": false,
          "label": "Spanish (Honduras)",
          "validFor": null,
          "value": "es_HN"
        },
        {
          "active": false,
          "defaultValue": false,
          "label": "Spanish (Nicaragua)",
          "validFor": null,
          "value": "es_NI"
        },
        {
          "active": false,
          "defaultValue": false,
          "label": "Spanish (Panama)",
          "validFor": null,
          "value": "es_PA"
        },
        {
          "active": false,
          "defaultValue": false,
          "label": "Spanish (Paraguay)",
          "validFor": null,
          "value": "es_PY"
        },
        {
          "active": false,
          "defaultValue": false,
          "label": "Spanish (Peru)",
          "validFor": null,
          "value": "es_PE"
        },
        {
          "active": false,
          "defaultValue": false,
          "label": "Spanish (Puerto Rico)",
          "validFor": null,
          "value": "es_PR"
        },
        {
          "active": false,
          "defaultValue": false,
          "label": "Spanish (United States)",
          "validFor": null,
          "value": "es_US"
        },
        {
          "active": false,
          "defaultValue": false,
          "label": "Spanish (Uruguay)",
          "validFor": null,
          "value": "es_UY"
        },
        {
          "active": false,
          "defaultValue": false,
          "label": "Spanish (Venezuela)",
          "validFor": null,
          "value": "es_VE"
        },
        {
          "active": false,
          "defaultValue": false,
          "label": "Catalan",
          "validFor": null,
          "value": "ca"
        },
        {
          "active": false,
          "defaultValue": false,
          "label": "Afrikaans",
          "validFor": null,
          "value": "af"
        },
        {
          "active": false,
          "defaultValue": false,
          "label": "Swahili",
          "validFor": null,
          "value": "sw"
        },
        {
          "active": false,
          "defaultValue": false,
          "label": "Zulu",
          "validFor": null,
          "value": "zu"
        },
        {
          "active": false,
          "defaultValue": false,
          "label": "Xhosa",
          "validFor": null,
          "value": "xh"
        },
        {
          "active": false,
          "defaultValue": false,
          "label": "Telugu",
          "validFor": null,
          "value": "te"
        },
        {
          "active": false,
          "defaultValue": false,
          "label": "Malayalam",
          "validFor": null,
          "value": "ml"
        },
        {
          "active": false,
          "defaultValue": false,
          "label": "Kannada",
          "validFor": null,
          "value": "kn"
        },
        {
          "active": false,
          "defaultValue": false,
          "label": "Marathi",
          "validFor": null,
          "value": "mr"
        },
        {
          "active": false,
          "defaultValue": false,
          "label": "Gujarati",
          "validFor": null,
          "value": "gu"
        },
        {
          "active": false,
          "defaultValue": false,
          "label": "English (New Zealand)",
          "validFor": null,
          "value": "en_NZ"
        },
        {
          "active": false,
          "defaultValue": false,
          "label": "Te reo",
          "validFor": null,
          "value": "mi"
        },
        {
          "active": false,
          "defaultValue": false,
          "label": "Burmese",
          "validFor": null,
          "value": "my"
        },
        {
          "active": false,
          "defaultValue": false,
          "label": "Farsi",
          "validFor": null,
          "value": "fa"
        }
      ],
      "referenceTo": [],
      "relationshipName": null,
      "sortable": true,
      "type": "picklist"
    },
    {
      "aggregatable": true,
      "custom": false,
      "defaultValue": null,
      "extraTypeInfo": null,
      "filterable": true,
      "groupable": true,
      "inlineHelpText": null,
      "label": "Channel Name",
      "name": "MasterLabel",
      "nillable": false,
      "picklistValues": [],
      "referenceTo": [],
      "relationshipName": null,
      "sortable": true,
      "type": "string"
    },
    {
      "aggregatable": true,
      "custom": false,
      "defaultValue": null,
      "extraTypeInfo": null,
      "filterable": true,
      "groupable": false,
      "inlineHelpText": null,
      "label": "Created Date",
      "name": "CreatedDate",
      "nillable": false,
      "picklistValues": [],
      "referenceTo": [],
      "relationshipName": null,
      "sortable": true,
      "type": "datetime"
    },
    {
      "aggregatable": true,
      "custom": false,
      "defaultValue": null,
      "extraTypeInfo": null,
      "filterable": true,
      "groupable": true,
      "inlineHelpText": null,
      "label": "Created By ID",
      "name": "CreatedById",
      "nillable": false,
      "picklistValues": [],
      "referenceTo": [
        "User"
      ],
      "relationshipName": "CreatedBy",
      "sortable": true,
      "type": "reference"
    },
    {
      "aggregatable": true,
      "custom": false,
      "defaultValue": null,
      "extraTypeInfo": null,
      "filterable": true,
      "groupable": false,
      "inlineHelpText": null,
      "label": "Modified On",
      "name": "LastModifiedDate",
      "nillable": false,
      "picklistValues": [],
      "referenceTo": [],
      "relationshipName": null,
      "sortable": true,
      "type": "datetime"
    },
    {
      "aggregatable": true,
      "custom": false,
      "defaultValue": null,
      "extraTypeInfo": null,
      "filterable": true,
      "groupable": true,
      "inlineHelpText": null,
      "label": "Last Modified By ID",
      "name": "LastModifiedById",
      "nillable": false,
      "picklistValues": [],
      "referenceTo": [
        "User"
      ],
      "relationshipName": "LastModifiedBy",
      "sortable": true,
      "type": "reference"
    },
    {
      "aggregatable": true,
      "custom": false,
      "defaultValue": null,
      "extraTypeInfo": null,
      "filterable": true,
      "groupable": false,
      "inlineHelpText": null,
      "label": "System Modstamp",
      "name": "SystemModstamp",
      "nillable": false,
      "picklistValues": [],
      "referenceTo": [],
      "relationshipName": null,
      "sortable": true,
      "type": "datetime"
    },
    {
      "aggregatable": false,
      "custom": false,
      "defaultValue": null,
      "extraTypeInfo": "plaintextarea",
      "filterable": false,
      "groupable": false,
      "inlineHelpText": null,
      "label": "Description",
      "name": "Description",
      "nillable": true,
      "picklistValues": [],
      "referenceTo": [],
      "relationshipName": null,
      "sortable": false,
      "type": "textarea"
    },
    {
      "aggregatable": true,
      "custom": false,
      "defaultValue": null,
      "extraTypeInfo": null,
      "filterable": true,
      "groupable": true,
      "inlineHelpText": null,
      "label": "Type",
      "name": "MessageType",
      "nillable": false,
      "picklistValues": [
        {
          "active": true,
          "defaultValue": false,
          "label": "Text",
          "validFor": null,
          "value": "Text"
        },
        {
          "active": true,
          "defaultValue": false,
          "label": "Facebook",
          "validFor": null,
          "value": "Facebook"
        },
        {
          "active": true,
          "defaultValue": false,
          "label": "Line",
          "validFor": null,
          "value": "Line"
        },
        {
          "active": true,
          "defaultValue": false,
          "label": "Google Home",
          "validFor": null,
          "value": "GoogleHome"
        },
        {
          "active": true,
          "defaultValue": false,
          "label": "Alexa",
          "validFor": null,
          "value": "Alexa"
        },
        {
          "active": true,
          "defaultValue": false,
          "label": "Omega",
          "validFor": null,
          "value": "Omega"
        },
        {
          "active": true,
          "defaultValue": false,
          "label": "Apple Messages for Business",
          "validFor": null,
          "value": "AppleBusinessChat"
        },
        {
          "active": true,
          "defaultValue": false,
          "label": "WeChat",
          "validFor": null,
          "value": "WeChat"
        },
        {
          "active": true,
          "defaultValue": false,
          "label": "Chat",
          "validFor": null,
          "value": "WebChat"
        },
        {
          "active": true,
          "defaultValue": false,
          "label": "WhatsApp",
          "validFor": null,
          "value": "WhatsApp"
        },
        {
          "active": true,
          "defaultValue": false,
          "label": "Phone",
          "validFor": null,
          "value": "Phone"
        },
        {
          "active": true,
          "defaultValue": false,
          "label": "Embedded Messaging",
          "validFor": null,
          "value": "EmbeddedMessaging"
        },
        {
          "active": true,
          "defaultValue": false,
          "label": "Voice",
          "validFor": null,
          "value": "Voice"
        },
        {
          "active": true,
          "defaultValue": false,
          "label": "Custom",
          "validFor": null,
          "value": "Custom"
        }
      ],
      "referenceTo": [],
      "relationshipName": null,
      "sortable": true,
      "type": "picklist"
    },
    {
      "aggregatable": true,
      "custom": false,
      "defaultValue": null,
      "extraTypeInfo": null,
      "filterable": true,
      "groupable": true,
      "inlineHelpText": null,
      "label": "Messaging Platform Key",
      "name": "MessagingPlatformKey",
      "nillable": false,
      "picklistValues": [],
      "referenceTo": [],
      "relationshipName": null,
      "sortable": true,
      "type": "string"
    },
    {
      "aggregatable": true,
      "custom": false,
      "defaultValue": null,
      "extraTypeInfo": null,
      "filterable": true,
      "groupable": true,
      "inlineHelpText": null,
      "label": "ISO Country Code",
      "name": "IsoCountryCode",
      "nillable": true,
      "picklistValues": [],
      "referenceTo": [],
      "relationshipName": null,
      "sortable": true,
      "type": "string"
    },
    {
      "aggregatable": false,
      "custom": false,
      "defaultValue": false,
      "extraTypeInfo": null,
      "filterable": true,
      "groupable": true,
      "inlineHelpText": null,
      "label": "Active",
      "name": "IsActive",
      "nillable": false,
      "picklistValues": [],
      "referenceTo": [],
      "relationshipName": null,
      "sortable": true,
      "type": "boolean"
    },
    {
      "aggregatable": true,
      "custom": false,
      "defaultValue": null,
      "extraTypeInfo": null,
      "filterable": true,
      "groupable": true,
      "inlineHelpText": null,
      "label": "Routing Type",
      "name": "RoutingType",
      "nillable": true,
      "picklistValues": [
        {
          "active": true,
          "defaultValue": false,
          "label": "0",
          "validFor": null,
          "value": "OmniQueue"
        },
        {
          "active": true,
          "defaultValue": false,
          "label": "1",
          "validFor": null,
          "value": "OmniSkills"
        }
      ],
      "referenceTo": [],
      "relationshipName": null,
      "sortable": true,
      "type": "picklist"
    },
    {
      "aggregatable": true,
      "custom": false,
      "defaultValue": null,
      "extraTypeInfo": null,
      "filterable": true,
      "groupable": true,
      "inlineHelpText": null,
      "label": "Routing Configuration ID",
      "name": "RoutingConfigurationId",
      "nillable": true,
      "picklistValues": [],
      "referenceTo": [
        "QueueRoutingConfig"
      ],
      "relationshipName": "RoutingConfiguration",
      "sortable": true,
      "type": "reference"
    },
    {
      "aggregatable": true,
      "custom": false,
      "defaultValue": null,
      "extraTypeInfo": null,
      "filterable": true,
      "groupable": true,
      "inlineHelpText": null,
      "label": "Queue ID",
      "name": "TargetQueueId",
      "nillable": true,
      "picklistValues": [],
      "referenceTo": [
        "Group"
      ],
      "relationshipName": "TargetQueue",
      "sortable": true,
      "type": "reference"
    },
    {
      "aggregatable": true,
      "custom": false,
      "defaultValue": null,
      "extraTypeInfo": null,
      "filterable": true,
      "groupable": true,
      "inlineHelpText": "The level of consent required from customers for your company to send them messages on this channel. Implicit Opt-In: By sending your company a message, the customer consents to receive messages. Explicit Opt-In: The customer must send an opt-in keyword to receive messages.\n            Customers can opt out at any time. If you don’t see a particular consent level, this channel type doesn’t allow it.\n        ",
      "label": "Consent Type",
      "name": "ConsentType",
      "nillable": true,
      "picklistValues": [
        {
          "active": true,
          "defaultValue": false,
          "label": "Implicit Opt-In",
          "validFor": null,
          "value": "ImplicitOptIn"
        },
        {
          "active": true,
          "defaultValue": false,
          "label": "Explicit Opt-In",
          "validFor": null,
          "value": "ExplicitOptIn"
        },
        {
          "active": true,
          "defaultValue": false,
          "label": "Double Opt-In",
          "validFor": null,
          "value": "DoubleOptIn"
        }
      ],
      "referenceTo": [],
      "relationshipName": null,
      "sortable": true,
      "type": "picklist"
    },
    {
      "aggregatable": false,
      "custom": false,
      "defaultValue": null,
      "extraTypeInfo": "plaintextarea",
      "filterable": false,
      "groupable": false,
      "inlineHelpText": "Asks customers to opt in to receive messages on this channel. To opt in, customers can reply with an opt-in keyword. You can’t customize the prompt for other languages.",
      "label": "Opt-In Prompt",
      "name": "OptInPrompt",
      "nillable": true,
      "picklistValues": [],
      "referenceTo": [],
      "relationshipName": null,
      "sortable": false,
      "type": "textarea"
    },
    {
      "aggregatable": false,
      "custom": false,
      "defaultValue": null,
      "extraTypeInfo": "plaintextarea",
      "filterable": false,
      "groupable": false,
      "inlineHelpText": "Double Opt-In Prompt",
      "label": "Double Opt-In Prompt",
      "name": "DoubleOptInPrompt",
      "nillable": true,
      "picklistValues": [],
      "referenceTo": [],
      "relationshipName": null,
      "sortable": false,
      "type": "textarea"
    },
    {
      "aggregatable": false,
      "custom": false,
      "defaultValue": false,
      "extraTypeInfo": null,
      "filterable": true,
      "groupable": true,
      "inlineHelpText": null,
      "label": "Require Double Opt-In?",
      "name": "IsRequireDoubleOptIn",
      "nillable": false,
      "picklistValues": [],
      "referenceTo": [],
      "relationshipName": null,
      "sortable": true,
      "type": "boolean"
    },
    {
      "aggregatable": false,
      "custom": false,
      "defaultValue": null,
      "extraTypeInfo": "plaintextarea",
      "filterable": false,
      "groupable": false,
      "inlineHelpText": "Message sent to the customer when a customer initiates a conversation.",
      "label": "Conversation Acknowledgement",
      "name": "InitialResponse",
      "nillable": true,
      "picklistValues": [],
      "referenceTo": [],
      "relationshipName": null,
      "sortable": false,
      "type": "textarea"
    },
    {
      "aggregatable": false,
      "custom": false,
      "defaultValue": null,
      "extraTypeInfo": "plaintextarea",
      "filterable": false,
      "groupable": false,
      "inlineHelpText": "Message sent to the customer when an agent accepts a chat.",
      "label": "Start Conversation",
      "name": "EngagedResponse",
      "nillable": true,
      "picklistValues": [],
      "referenceTo": [],
      "relationshipName": null,
      "sortable": false,
      "type": "textarea"
    },
    {
      "aggregatable": false,
      "custom": false,
      "defaultValue": null,
      "extraTypeInfo": "plaintextarea",
      "filterable": false,
      "groupable": false,
      "inlineHelpText": "Message sent to the customer when the agent ends the conversation.",
      "label": "End Conversation",
      "name": "ConversationEndResponse",
      "nillable": true,
      "picklistValues": [],
      "referenceTo": [],
      "relationshipName": null,
      "sortable": false,
      "type": "textarea"
    },
    {
      "aggregatable": false,
      "custom": false,
      "defaultValue": null,
      "extraTypeInfo": "plaintextarea",
      "filterable": false,
      "groupable": false,
      "inlineHelpText": null,
      "label": "Offline Agents Response",
      "name": "OfflineAgentsResponse",
      "nillable": true,
      "picklistValues": [],
      "referenceTo": [],
      "relationshipName": null,
      "sortable": false,
      "type": "textarea"
    },
    {
      "aggregatable": false,
      "custom": false,
      "defaultValue": null,
      "extraTypeInfo": "plaintextarea",
      "filterable": false,
      "groupable": false,
      "inlineHelpText": null,
      "label": "Outside Business Hours Response",
      "name": "OutsideBusinessHoursResponse",
      "nillable": true,
      "picklistValues": [],
      "referenceTo": [],
      "relationshipName": null,
      "sortable": false,
      "type": "textarea"
    },
    {
      "aggregatable": true,
      "custom": false,
      "defaultValue": null,
      "extraTypeInfo": null,
      "filterable": true,
      "groupable": true,
      "inlineHelpText": null,
      "label": "Business Hours ID",
      "name": "BusinessHoursId",
      "nillable": true,
      "picklistValues": [],
      "referenceTo": [
        "BusinessHours"
      ],
      "relationshipName": "BusinessHours",
      "sortable": true,
      "type": "reference"
    },
    {
      "aggregatable": false,
      "custom": false,
      "defaultValue": false,
      "extraTypeInfo": null,
      "filterable": true,
      "groupable": true,
      "inlineHelpText": null,
      "label": "Is Restricted to Business Hours",
      "name": "IsRestrictedToBusinessHours",
      "nillable": false,
      "picklistValues": [],
      "referenceTo": [],
      "relationshipName": null,
      "sortable": true,
      "type": "boolean"
    },
    {
      "aggregatable": true,
      "custom": false,
      "defaultValue": null,
      "extraTypeInfo": null,
      "filterable": true,
      "groupable": true,
      "inlineHelpText": null,
      "label": "Select record type to link",
      "name": "LinkingPreference",
      "nillable": true,
      "picklistValues": [
        {
          "active": true,
          "defaultValue": false,
          "label": "Contact",
          "validFor": null,
          "value": "Contact"
        }
      ],
      "referenceTo": [],
      "relationshipName": null,
      "sortable": true,
      "type": "picklist"
    },
    {
      "aggregatable": false,
      "custom": false,
      "defaultValue": false,
      "extraTypeInfo": null,
      "filterable": true,
      "groupable": true,
      "inlineHelpText": null,
      "label": "Open linked record as a subtab within the Messaging Session",
      "name": "IsLinkedRecordOpenedAsSubTab",
      "nillable": false,
      "picklistValues": [],
      "referenceTo": [],
      "relationshipName": null,
      "sortable": true,
      "type": "boolean"
    },
    {
      "aggregatable": true,
      "custom": false,
      "defaultValue": null,
      "extraTypeInfo": null,
      "filterable": true,
      "groupable": true,
      "inlineHelpText": null,
      "label": "Critical Wait Time (secs)",
      "name": "CriticalWaitTime",
      "nillable": true,
      "picklistValues": [],
      "referenceTo": [],
      "relationshipName": null,
      "sortable": true,
      "type": "int"
    },
    {
      "aggregatable": false,
      "custom": false,
      "defaultValue": false,
      "extraTypeInfo": null,
      "filterable": true,
      "groupable": true,
      "inlineHelpText": null,
      "label": "Is User matched by ExternalId Only",
      "name": "IsUserMatchByExternalIdOnly",
      "nillable": false,
      "picklistValues": [],
      "referenceTo": [],
      "relationshipName": null,
      "sortable": true,
      "type": "boolean"
    },
    {
      "aggregatable": false,
      "custom": false,
      "defaultValue": null,
      "extraTypeInfo": "plaintextarea",
      "filterable": false,
      "groupable": false,
      "inlineHelpText": null,
      "label": "Opt-In Confirmation",
      "name": "OptInResponse",
      "nillable": true,
      "picklistValues": [],
      "referenceTo": [],
      "relationshipName": null,
      "sortable": false,
      "type": "textarea"
    },
    {
      "aggregatable": false,
      "custom": false,
      "defaultValue": null,
      "extraTypeInfo": "plaintextarea",
      "filterable": false,
      "groupable": false,
      "inlineHelpText": null,
      "label": "Opt-Out Confirmation",
      "name": "OptOutResponse",
      "nillable": true,
      "picklistValues": [],
      "referenceTo": [],
      "relationshipName": null,
      "sortable": false,
      "type": "textarea"
    },
    {
      "aggregatable": true,
      "custom": false,
      "defaultValue": null,
      "extraTypeInfo": null,
      "filterable": true,
      "groupable": true,
      "inlineHelpText": null,
      "label": "User ID",
      "name": "TargetUserId",
      "nillable": true,
      "picklistValues": [],
      "referenceTo": [
        "User"
      ],
      "relationshipName": "TargetUser",
      "sortable": true,
      "type": "reference"
    }
  ],
  "label": "Messaging Channel",
  "childRelationships": [
    {
      "cascadeDelete": false,
      "childSObject": "MessagingEndUser",
      "deprecatedAndHidden": false,
      "field": "MessagingChannelId",
      "junctionIdListNames": [],
      "junctionReferenceTo": [],
      "relationshipName": null,
      "restrictedDelete": true
    },
    {
      "cascadeDelete": false,
      "childSObject": "MessagingSession",
      "deprecatedAndHidden": false,
      "field": "MessagingChannelId",
      "junctionIdListNames": [],
      "junctionReferenceTo": [],
      "relationshipName": null,
      "restrictedDelete": true
    },
    {
      "cascadeDelete": true,
      "childSObject": "MsgChannelLanguageKeyword",
      "deprecatedAndHidden": false,
      "field": "MessagingChannelId",
      "junctionIdListNames": [],
      "junctionReferenceTo": [],
      "relationshipName": "MsgChannelLanguageKeywords",
      "restrictedDelete": false
    }
  ],
  "custom": false,
  "name": "MessagingChannel",
  "queryable": true
}