{
  "fields": [
    {
      "aggregatable": true,
      "custom": false,
      "defaultValue": null,
      "extraTypeInfo": null,
      "filterable": true,
      "groupable": true,
      "inlineHelpText": null,
      "label": "Translation ID",
      "name": "Id",
      "nillable": false,
      "picklistValues": [],
      "referenceTo": [],
      "relationshipName": null,
      "sortable": true,
      "type": "id"
    },
    {
      "aggregatable": true,
      "custom": false,
      "defaultValue": null,
      "extraTypeInfo": null,
      "filterable": true,
      "groupable": true,
      "inlineHelpText": null,
      "label": "Parent ID",
      "name": "ParentId",
      "nillable": false,
      "picklistValues": [],
      "referenceTo": [
        "Stamp"
      ],
      "relationshipName": "Parent",
      "sortable": true,
      "type": "reference"
    },
    {
      "aggregatable": true,
      "custom": false,
      "defaultValue": null,
      "extraTypeInfo": null,
      "filterable": true,
      "groupable": true,
      "inlineHelpText": null,
      "label": "Language",
      "name": "Language",
      "nillable": false,
      "picklistValues": [
        {
          "active": true,
          "defaultValue": false,
          "label": "English",
          "validFor": null,
          "value": "en_US"
        },
        {
          "active": true,
          "defaultValue": false,
          "label": "German",
          "validFor": null,
          "value": "de"
        },
        {
          "active": true,
          "defaultValue": false,
          "label": "Spanish",
          "validFor": null,
          "value": "es"
        },
        {
          "active": true,
          "defaultValue": false,
          "label": "French",
          "validFor": null,
          "value": "fr"
        },
        {
          "active": true,
          "defaultValue": false,
          "label": "Italian",
          "validFor": null,
          "value": "it"
        },
        {
          "active": true,
          "defaultValue": false,
          "label": "Japanese",
          "validFor": null,
          "value": "ja"
        },
        {
          "active": true,
          "defaultValue": false,
          "label": "Swedish",
          "validFor": null,
          "value": "sv"
        },
        {
          "active": true,
          "defaultValue": false,
          "label": "Korean",
          "validFor": null,
          "value": "ko"
        },
        {
          "active": true,
          "defaultValue": false,
          "label": "Chinese (Traditional)",
          "validFor": null,
          "value": "zh_TW"
        },
        {
          "active": true,
          "defaultValue": false,
          "label": "Chinese (Simplified)",
          "validFor": null,
          "value": "zh_CN"
        },
        {
          "active": true,
          "defaultValue": false,
          "label": "Portuguese (Brazil)",
          "validFor": null,
          "value": "pt_BR"
        },
        {
          "active": true,
          "defaultValue": false,
          "label": "Dutch",
          "validFor": null,
          "value": "nl_NL"
        },
        {
          "active": true,
          "defaultValue": false,
          "label": "Danish",
          "validFor": null,
          "value": "da"
        },
        {
          "active": true,
          "defaultValue": false,
          "label": "Thai",
          "validFor": null,
          "value": "th"
        },
        {
          "active": true,
          "defaultValue": false,
          "label": "Finnish",
          "validFor": null,
          "value": "fi"
        },
        {
          "active": true,
          "defaultValue": false,
          "label": "Russian",
          "validFor": null,
          "value": "ru"
        },
        {
          "active": true,
          "defaultValue": false,
          "label": "Spanish (Mexico)",
          "validFor": null,
          "value": "es_MX"
        },
        {
          "active": true,
          "defaultValue": false,
          "label": "Norwegian",
          "validFor": null,
          "value": "no"
        },
        {
          "active": false,
          "defaultValue": false,
          "label": "Hungarian",
          "validFor": null,
          "value": "hu"
        },
        {
          "active": false,
          "defaultValue": false,
          "label": "Polish",
          "validFor": null,
          "value": "pl"
        },
        {
          "active": false,
          "defaultValue": false,
          "label": "Czech",
          "validFor": null,
          "value": "cs"
        },
        {
          "active": false,
          "defaultValue": false,
          "label": "Turkish",
          "validFor": null,
          "value": "tr"
        },
        {
          "active": false,
          "defaultValue": false,
          "label": "Indonesian",
          "validFor": null,
          "value": "in"
        },
        {
          "active": false,
          "defaultValue": false,
          "label": "Romanian",
          "validFor": null,
          "value": "ro"
        },
        {
          "active": true,
          "defaultValue": false,
          "label": "Vietnamese",
          "validFor": null,
          "value": "vi"
        },
        {
          "active": false,
          "defaultValue": false,
          "label": "Ukrainian",
          "validFor": null,
          "value": "uk"
        },
        {
          "active": false,
          "defaultValue": false,
          "label": "Hebrew",
          "validFor": null,
          "value": "iw"
        },
        {
          "active": false,
          "defaultValue": false,
          "label": "Greek",
          "validFor": null,
          "value": "el"
        },
        {
          "active": false,
          "defaultValue": false,
          "label": "Bulgarian",
          "validFor": null,
          "value": "bg"
        },
        {
          "active": false,
          "defaultValue": false,
          "label": "English (UK)",
          "validFor": null,
          "value": "en_GB"
        },
        {
          "active": false,
          "defaultValue": false,
          "label": "Arabic",
          "validFor": null,
          "value": "ar"
        },
        {
          "active": false,
          "defaultValue": false,
          "label": "Slovak",
          "validFor": null,
          "value": "sk"
        },
        {
          "active": false,
          "defaultValue": false,
          "label": "Portuguese (European)",
          "validFor": null,
          "value": "pt_PT"
        },
        {
          "active": false,
          "defaultValue": false,
          "label": "Croatian",
          "validFor": null,
          "value": "hr"
        },
        {
          "active": false,
          "defaultValue": false,
          "label": "Slovene",
          "validFor": null,
          "value": "sl"
        },
        {
          "active": false,
          "defaultValue": false,
          "label": "French (Canadian)",
          "validFor": null,
          "value": "fr_CA"
        },
        {
          "active": false,
          "defaultValue": false,
          "label": "Georgian",
          "validFor": null,
          "value": "ka"
        },
        {
          "active": false,
          "defaultValue": false,
          "label": "Serbian (Cyrillic)",
          "validFor": null,
          "value": "sr"
        },
        {
          "active": false,
          "defaultValue": false,
          "label": "Serbian (Latin)",
          "validFor": null,
          "value": "sh"
        },
        {
          "active": false,
          "defaultValue": false,
          "label": "English (Australian)",
          "validFor": null,
          "value": "en_AU"
        },
        {
          "active": false,
          "defaultValue": false,
          "label": "English (Malaysian)",
          "validFor": null,
          "value": "en_MY"
        },
        {
          "active": false,
          "defaultValue": false,
          "label": "English (Indian)",
          "validFor": null,
          "value": "en_IN"
        },
        {
          "active": false,
          "defaultValue": false,
          "label": "English (Phillipines)",
          "validFor": null,
          "value": "en_PH"
        },
        {
          "active": false,
          "defaultValue": false,
          "label": "English (Canadian)",
          "validFor": null,
          "value": "en_CA"
        },
        {
          "active": false,
          "defaultValue": false,
          "label": "Romanian (Moldova)",
          "validFor": null,
          "value": "ro_MD"
        },
        {
          "active": false,
          "defaultValue": false,
          "label": "Bosnian",
          "validFor": null,
          "value": "bs"
        },
        {
          "active": false,
          "defaultValue": false,
          "label": "Macedonian",
          "validFor": null,
          "value": "mk"
        },
        {
          "active": false,
          "defaultValue": false,
          "label": "Latvian",
          "validFor": null,
          "value": "lv"
        },
        {
          "active": false,
          "defaultValue": false,
          "label": "Lithuanian",
          "validFor": null,
          "value": "lt"
        },
        {
          "active": false,
          "defaultValue": false,
          "label": "Estonian",
          "validFor": null,
          "value": "et"
        },
        {
          "active": false,
          "defaultValue": false,
          "label": "Albanian",
          "validFor": null,
          "value": "sq"
        },
        {
          "active": false,
          "defaultValue": false,
          "label": "Montenegrin",
          "validFor": null,
          "value": "sh_ME"
        },
        {
          "active": false,
          "defaultValue": false,
          "label": "Maltese",
          "validFor": null,
          "value": "mt"
        },
        {
          "active": false,
          "defaultValue": false,
          "label": "Irish",
          "validFor": null,
          "value": "ga"
        },
        {
          "active": false,
          "defaultValue": false,
          "label": "Basque",
          "validFor": null,
          "value": "eu"
        },
        {
          "active": false,
          "defaultValue": false,
          "label": "Welsh",
          "validFor": null,
          "value": "cy"
        },
        {
          "active": false,
          "defaultValue": false,
          "label": "Icelandic",
          "validFor": null,
          "value": "is"
        },
        {
          "active": false,
          "defaultValue": false,
          "label": "Malay",
          "validFor": null,
          "value": "ms"
        },
        {
          "active": false,
          "defaultValue": false,
          "label": "Tagalog",
          "validFor": null,
          "value": "tl"
        },
        {
          "active": false,
          "defaultValue": false,
          "label": "Luxembourgish",
          "validFor": null,
          "value": "lb"
        },
        {
          "active": false,
          "defaultValue": false,
          "label": "Romansh",
          "validFor": null,
          "value": "rm"
        },
        {
          "active": false,
          "defaultValue": false,
          "label": "Armenian",
          "validFor": null,
          "value": "hy"
        },
        {
          "active": false,
          "defaultValue": false,
          "label": "Hindi",
          "validFor": null,
          "value": "hi"
        },
        {
          "active": false,
          "defaultValue": false,
          "label": "Urdu",
          "validFor": null,
          "value": "ur"
        },
        {
          "active": false,
          "defaultValue": false,
          "label": "Bengali",
          "validFor": null,
          "value": "bn"
        },
        {
          "active": false,
          "defaultValue": false,
          "label": "German (Austria)",
          "validFor": null,
          "value": "de_AT"
        },
        {
          "active": false,
          "defaultValue": false,
          "label": "German (Switzerland)",
          "validFor": null,
          "value": "de_CH"
        },
        {
          "active": false,
          "defaultValue": false,
          "label": "Tamil",
          "validFor": null,
          "value": "ta"
        },
        {
          "active": false,
          "defaultValue": false,
          "label": "Arabic (Algeria)",
          "validFor": null,
          "value": "ar_DZ"
        },
        {
          "active": false,
          "defaultValue": false,
          "label": "Arabic (Bahrain)",
          "validFor": null,
          "value": "ar_BH"
        },
        {
          "active": false,
          "defaultValue": false,
          "label": "Arabic (Egypt)",
          "validFor": null,
          "value": "ar_EG"
        },
        {
          "active": false,
          "defaultValue": false,
          "label": "Arabic (Iraq)",
          "validFor": null,
          "value": "ar_IQ"
        },
        {
          "active": false,
          "defaultValue": false,
          "label": "Arabic (Jordan)",
          "validFor": null,
          "value": "ar_JO"
        },
        {
          "active": false,
          "defaultValue": false,
          "label": "Arabic (Kuwait)",
          "validFor": null,
          "value": "ar_KW"
        },
        {
          "active": false,
          "defaultValue": false,
          "label": "Arabic (Lebanon)",
          "validFor": null,
          "value": "ar_LB"
        },
        {
          "active": false,
          "defaultValue": false,
          "label": "Arabic (Libya)",
          "validFor": null,
          "value": "ar_LY"
        },
        {
          "active": false,
          "defaultValue": false,
          "label": "Arabic (Morocco)",
          "validFor": null,
          "value": "ar_MA"
        },
        {
          "active": false,
          "defaultValue": false,
          "label": "Arabic (Oman)",
          "validFor": null,
          "value": "ar_OM"
        },
        {
          "active": false,
          "defaultValue": false,
          "label": "Arabic (Qatar)",
          "validFor": null,
          "value": "ar_QA"
        },
        {
          "active": false,
          "defaultValue": false,
          "label": "Arabic (Saudi Arabia)",
          "validFor": null,
          "value": "ar_SA"
        },
        {
          "active": false,
          "defaultValue": false,
          "label": "Arabic (Sudan)",
          "validFor": null,
          "value": "ar_SD"
        },
        {
          "active": false,
          "defaultValue": false,
          "label": "Arabic (Syria)",
          "validFor": null,
          "value": "ar_SY"
        },
        {
          "active": false,
          "defaultValue": false,
          "label": "Arabic (Tunisia)",
          "validFor": null,
          "value": "ar_TN"
        },
        {
          "active": false,
          "defaultValue": false,
          "label": "Arabic (United Arab Emirates)",
          "validFor": null,
          "value": "ar_AE"
        },
        {
          "active": false,
          "defaultValue": false,
          "label": "Arabic (Yemen)",
          "validFor": null,
          "value": "ar_YE"
        },
        {
          "active": false,
          "defaultValue": false,
          "label": "Chinese (Singapore)",
          "validFor": null,
          "value": "zh_SG"
        },
        {
          "active": false,
          "defaultValue": false,
          "label": "Chinese (Hong Kong)",
          "validFor": null,
          "value": "zh_HK"
        },
        {
          "active": false,
          "defaultValue": false,
          "label": "English (Hong Kong)",
          "validFor": null,
          "value": "en_HK"
        },
        {
          "active": false,
          "defaultValue": false,
          "label": "English (Ireland)",
          "validFor": null,
          "value": "en_IE"
        },
        {
          "active": false,
          "defaultValue": false,
          "label": "English (Singapore)",
          "validFor": null,
          "value": "en_SG"
        },
        {
          "active": false,
          "defaultValue": false,
          "label": "English (South Africa)",
          "validFor": null,
          "value": "en_ZA"
        },
        {
          "active": false,
          "defaultValue": false,
          "label": "French (Belgium)",
          "validFor": null,
          "value": "fr_BE"
        },
        {
          "active": false,
          "defaultValue": false,
          "label": "French (Luxembourg)",
          "validFor": null,
          "value": "fr_LU"
        },
        {
          "active": false,
          "defaultValue": false,
          "label": "French (Switzerland)",
          "validFor": null,
          "value": "fr_CH"
        },
        {
          "active": false,
          "defaultValue": false,
          "label": "German (Belgium)",
          "validFor": null,
          "value": "de_BE"
        },
        {
          "active": false,
          "defaultValue": false,
          "label": "German (Luxembourg)",
          "validFor": null,
          "value": "de_LU"
        },
        {
          "active": false,
          "defaultValue": false,
          "label": "Italian (Switzerland)",
          "validFor": null,
          "value": "it_CH"
        },
        {
          "active": false,
          "defaultValue": false,
          "label": "Dutch (Belgium)",
          "validFor": null,
          "value": "nl_BE"
        },
        {
          "active": false,
          "defaultValue": false,
          "label": "Spanish (Argentina)",
          "validFor": null,
          "value": "es_AR"
        },
        {
          "active": false,
          "defaultValue": false,
          "label": "Spanish (Bolivia)",
          "validFor": null,
          "value": "es_BO"
        },
        {
          "active": false,
          "defaultValue": false,
          "label": "Spanish (Chile)",
          "validFor": null,
          "value": "es_CL"
        },
        {
          "active": false,
          "defaultValue": false,
          "label": "Spanish (Colombia)",
          "validFor": null,
          "value": "es_CO"
        },
        {
          "active": false,
          "defaultValue": false,
          "label": "Spanish (Costa Rica)",
          "validFor": null,
          "value": "es_CR"
        },
        {
          "active": false,
          "defaultValue": false,
          "label": "Spanish (Dominican Republic)",
          "validFor": null,
          "value": "es_DO"
        },
        {
          "active": false,
          "defaultValue": false,
          "label": "Spanish (Ecuador)",
          "validFor": null,
          "value": "es_EC"
        },
        {
          "active": false,
          "defaultValue": false,
          "label": "Spanish (El Salvador)",
          "validFor": null,
          "value": "es_SV"
        },
        {
          "active": false,
          "defaultValue": false,
          "label": "Spanish (Guatemala)",
          "validFor": null,
          "value": "es_GT"
        },
        {
          "active": false,
          "defaultValue": false,
          "label": "Spanish (Honduras)",
          "validFor": null,
          "value": "es_HN"
        },
        {
          "active": false,
          "defaultValue": false,
          "label": "Spanish (Nicaragua)",
          "validFor": null,
          "value": "es_NI"
        },
        {
          "active": false,
          "defaultValue": false,
          "label": "Spanish (Panama)",
          "validFor": null,
          "value": "es_PA"
        },
        {
          "active": false,
          "defaultValue": false,
          "label": "Spanish (Paraguay)",
          "validFor": null,
          "value": "es_PY"
        },
        {
          "active": false,
          "defaultValue": false,
          "label": "Spanish (Peru)",
          "validFor": null,
          "value": "es_PE"
        },
        {
          "active": false,
          "defaultValue": false,
          "label": "Spanish (Puerto Rico)",
          "validFor": null,
          "value": "es_PR"
        },
        {
          "active": false,
          "defaultValue": false,
          "label": "Spanish (United States)",
          "validFor": null,
          "value": "es_US"
        },
        {
          "active": false,
          "defaultValue": false,
          "label": "Spanish (Uruguay)",
          "validFor": null,
          "value": "es_UY"
        },
        {
          "active": false,
          "defaultValue": false,
          "label": "Spanish (Venezuela)",
          "validFor": null,
          "value": "es_VE"
        },
        {
          "active": false,
          "defaultValue": false,
          "label": "Catalan",
          "validFor": null,
          "value": "ca"
        },
        {
          "active": false,
          "defaultValue": false,
          "label": "Afrikaans",
          "validFor": null,
          "value": "af"
        },
        {
          "active": false,
          "defaultValue": false,
          "label": "Swahili",
          "validFor": null,
          "value": "sw"
        },
        {
          "active": false,
          "defaultValue": false,
          "label": "Zulu",
          "validFor": null,
          "value": "zu"
        },
        {
          "active": false,
          "defaultValue": false,
          "label": "Xhosa",
          "validFor": null,
          "value": "xh"
        },
        {
          "active": false,
          "defaultValue": false,
          "label": "Telugu",
          "validFor": null,
          "value": "te"
        },
        {
          "active": false,
          "defaultValue": false,
          "label": "Malayalam",
          "validFor": null,
          "value": "ml"
        },
        {
          "active": false,
          "defaultValue": false,
          "label": "Kannada",
          "validFor": null,
          "value": "kn"
        },
        {
          "active": false,
          "defaultValue": false,
          "label": "Marathi",
          "validFor": null,
          "value": "mr"
        },
        {
          "active": false,
          "defaultValue": false,
          "label": "Gujarati",
          "validFor": null,
          "value": "gu"
        },
        {
          "active": false,
          "defaultValue": false,
          "label": "English (New Zealand)",
          "validFor": null,
          "value": "en_NZ"
        },
        {
          "active": false,
          "defaultValue": false,
          "label": "Te reo",
          "validFor": null,
          "value": "mi"
        },
        {
          "active": false,
          "defaultValue": false,
          "label": "Burmese",
          "validFor": null,
          "value": "my"
        },
        {
          "active": false,
          "defaultValue": false,
          "label": "Farsi",
          "validFor": null,
          "value": "fa"
        }
      ],
      "referenceTo": [],
      "relationshipName": null,
      "sortable": true,
      "type": "picklist"
    },
    {
      "aggregatable": false,
      "custom": false,
      "defaultValue": null,
      "extraTypeInfo": "plaintextarea",
      "filterable": true,
      "groupable": false,
      "inlineHelpText": null,
      "label": "Translation Text",
      "name": "Value",
      "nillable": false,
      "picklistValues": [],
      "referenceTo": [],
      "relationshipName": null,
      "sortable": true,
      "type": "textarea"
    },
    {
      "aggregatable": true,
      "custom": false,
      "defaultValue": null,
      "extraTypeInfo": null,
      "filterable": true,
      "groupable": true,
      "inlineHelpText": null,
      "label": "Namespace Prefix",
      "name": "NamespacePrefix",
      "nillable": true,
      "picklistValues": [],
      "referenceTo": [],
      "relationshipName": null,
      "sortable": true,
      "type": "string"
    },
    {
      "aggregatable": true,
      "custom": false,
      "defaultValue": null,
      "extraTypeInfo": null,
      "filterable": true,
      "groupable": false,
      "inlineHelpText": null,
      "label": "Created Date",
      "name": "CreatedDate",
      "nillable": false,
      "picklistValues": [],
      "referenceTo": [],
      "relationshipName": null,
      "sortable": true,
      "type": "datetime"
    },
    {
      "aggregatable": true,
      "custom": false,
      "defaultValue": null,
      "extraTypeInfo": null,
      "filterable": true,
      "groupable": true,
      "inlineHelpText": null,
      "label": "Created By ID",
      "name": "CreatedById",
      "nillable": false,
      "picklistValues": [],
      "referenceTo": [
        "User"
      ],
      "relationshipName": "CreatedBy",
      "sortable": true,
      "type": "reference"
    },
    {
      "aggregatable": true,
      "custom": false,
      "defaultValue": null,
      "extraTypeInfo": null,
      "filterable": true,
      "groupable": false,
      "inlineHelpText": null,
      "label": "Last Modified Date",
      "name": "LastModifiedDate",
      "nillable": false,
      "picklistValues": [],
      "referenceTo": [],
      "relationshipName": null,
      "sortable": true,
      "type": "datetime"
    },
    {
      "aggregatable": true,
      "custom": false,
      "defaultValue": null,
      "extraTypeInfo": null,
      "filterable": true,
      "groupable": true,
      "inlineHelpText": null,
      "label": "Last Modified By ID",
      "name": "LastModifiedById",
      "nillable": false,
      "picklistValues": [],
      "referenceTo": [
        "User"
      ],
      "relationshipName": "LastModifiedBy",
      "sortable": true,
      "type": "reference"
    },
    {
      "aggregatable": true,
      "custom": false,
      "defaultValue": null,
      "extraTypeInfo": null,
      "filterable": true,
      "groupable": false,
      "inlineHelpText": null,
      "label": "System Modstamp",
      "name": "SystemModstamp",
      "nillable": false,
      "picklistValues": [],
      "referenceTo": [],
      "relationshipName": null,
      "sortable": true,
      "type": "datetime"
    }
  ],
  "label": "Translation",
  "childRelationships": [],
  "custom": false,
  "name": "StampLocalization",
  "queryable": true
}