[
  {
    "name": "AIInsightAction",
    "custom": false
  },
  {
    "name": "AIInsightFeedback",
    "custom": false
  },
  {
    "name": "AIInsightReason",
    "custom": false
  },
  {
    "name": "AIInsightValue",
    "custom": false
  },
  {
    "name": "AIPredictionEvent",
    "custom": false
  },
  {
    "name": "AIRecordInsight",
    "custom": false
  },
  {
    "name": "AcceptedEventRelation",
    "custom": false
  },
  {
    "name": "Account",
    "custom": false
  },
  {
    "name": "AccountBrand",
    "custom": false
  },
  {
    "name": "AccountBrandShare",
    "custom": false
  },
  {
    "name": "AccountChangeEvent",
    "custom": false
  },
  {
    "name": "AccountCleanInfo",
    "custom": false
  },
  {
    "name": "AccountContactRole",
    "custom": false
  },
  {
    "name": "AccountContactRoleChangeEvent",
    "custom": false
  },
  {
    "name": "AccountFeed",
    "custom": false
  },
  {
    "name": "AccountHistory",
    "custom": false
  },
  {
    "name": "AccountPartner",
    "custom": false
  },
  {
    "name": "AccountShare",
    "custom": false
  },
  {
    "name": "AccountTeamMember",
    "custom": false
  },
  {
    "name": "AccountUserTerritory2View",
    "custom": false
  },
  {
    "name": "ActionLinkGroupTemplate",
    "custom": false
  },
  {
    "name": "ActionLinkTemplate",
    "custom": false
  },
  {
    "name": "ActivityHistory",
    "custom": false
  },
  {
    "name": "AdditionalNumber",
    "custom": false
  },
  {
    "name": "Address",
    "custom": false
  },
  {
    "name": "AgentWork",
    "custom": false
  },
  {
    "name": "AgentWorkShare",
    "custom": false
  },
  {
    "name": "AgentWorkSkill",
    "custom": false
  },
  {
    "name": "AggregateResult",
    "custom": false
  },
  {
    "name": "AnalyticsBotSession",
    "custom": false
  },
  {
    "name": "Announcement",
    "custom": false
  },
  {
    "name": "ApexClass",
    "custom": false
  },
  {
    "name": "ApexComponent",
    "custom": false
  },
  {
    "name": "ApexEmailNotification",
    "custom": false
  },
  {
    "name": "ApexLog",
    "custom": false
  },
  {
    "name": "ApexPage",
    "custom": false
  },
  {
    "name": "ApexPageInfo",
    "custom": false
  },
  {
    "name": "ApexTestQueueItem",
    "custom": false
  },
  {
    "name": "ApexTestResult",
    "custom": false
  },
  {
    "name": "ApexTestResultLimits",
    "custom": false
  },
  {
    "name": "ApexTestRunResult",
    "custom": false
  },
  {
    "name": "ApexTestSuite",
    "custom": false
  },
  {
    "name": "ApexTrigger",
    "custom": false
  },
  {
    "name": "ApiEvent",
    "custom": false
  },
  {
    "name": "ApiEventStream",
    "custom": false
  },
  {
    "name": "AppAnalyticsQueryRequest",
    "custom": false
  },
  {
    "name": "AppDefinition",
    "custom": false
  },
  {
    "name": "AppExtension",
    "custom": false
  },
  {
    "name": "AppMenuItem",
    "custom": false
  },
  {
    "name": "AppTabMember",
    "custom": false
  },
  {
    "name": "AppleDomainVerification",
    "custom": false
  },
  {
    "name": "Asset",
    "custom": false
  },
  {
    "name": "AssetChangeEvent",
    "custom": false
  },
  {
    "name": "AssetFeed",
    "custom": false
  },
  {
    "name": "AssetHistory",
    "custom": false
  },
  {
    "name": "AssetRelationship",
    "custom": false
  },
  {
    "name": "AssetRelationshipFeed",
    "custom": false
  },
  {
    "name": "AssetRelationshipHistory",
    "custom": false
  },
  {
    "name": "AssetShare",
    "custom": false
  },
  {
    "name": "AssetTokenEvent",
    "custom": false
  },
  {
    "name": "AssignedResource",
    "custom": false
  },
  {
    "name": "AssignedResourceChangeEvent",
    "custom": false
  },
  {
    "name": "AssignedResourceFeed",
    "custom": false
  },
  {
    "name": "AssignmentRule",
    "custom": false
  },
  {
    "name": "AssociatedLocation",
    "custom": false
  },
  {
    "name": "AssociatedLocationHistory",
    "custom": false
  },
  {
    "name": "AsyncApexJob",
    "custom": false
  },
  {
    "name": "AsyncOperationEvent",
    "custom": false
  },
  {
    "name": "AsyncOperationStatus",
    "custom": false
  },
  {
    "name": "AttachedContentDocument",
    "custom": false
  },
  {
    "name": "AttachedContentNote",
    "custom": false
  },
  {
    "name": "Attachment",
    "custom": false
  },
  {
    "name": "Audience",
    "custom": false
  },
  {
    "name": "AuraDefinition",
    "custom": false
  },
  {
    "name": "AuraDefinitionBundle",
    "custom": false
  },
  {
    "name": "AuraDefinitionBundleInfo",
    "custom": false
  },
  {
    "name": "AuraDefinitionInfo",
    "custom": false
  },
  {
    "name": "AuthConfig",
    "custom": false
  },
  {
    "name": "AuthConfigProviders",
    "custom": false
  },
  {
    "name": "AuthProvider",
    "custom": false
  },
  {
    "name": "AuthSession",
    "custom": false
  },
  {
    "name": "AuthorizationForm",
    "custom": false
  },
  {
    "name": "AuthorizationFormConsent",
    "custom": false
  },
  {
    "name": "AuthorizationFormConsentChangeEvent",
    "custom": false
  },
  {
    "name": "AuthorizationFormConsentHistory",
    "custom": false
  },
  {
    "name": "AuthorizationFormConsentShare",
    "custom": false
  },
  {
    "name": "AuthorizationFormDataUse",
    "custom": false
  },
  {
    "name": "AuthorizationFormDataUseHistory",
    "custom": false
  },
  {
    "name": "AuthorizationFormDataUseShare",
    "custom": false
  },
  {
    "name": "AuthorizationFormHistory",
    "custom": false
  },
  {
    "name": "AuthorizationFormShare",
    "custom": false
  },
  {
    "name": "AuthorizationFormText",
    "custom": false
  },
  {
    "name": "AuthorizationFormTextHistory",
    "custom": false
  },
  {
    "name": "BackgroundOperation",
    "custom": false
  },
  {
    "name": "BatchApexErrorEvent",
    "custom": false
  },
  {
    "name": "BotAnalytics",
    "custom": false
  },
  {
    "name": "BotEventLog",
    "custom": false
  },
  {
    "name": "BrandTemplate",
    "custom": false
  },
  {
    "name": "BrandingSet",
    "custom": false
  },
  {
    "name": "BrandingSetProperty",
    "custom": false
  },
  {
    "name": "BusinessHours",
    "custom": false
  },
  {
    "name": "BusinessProcess",
    "custom": false
  },
  {
    "name": "Calendar",
    "custom": false
  },
  {
    "name": "CalendarView",
    "custom": false
  },
  {
    "name": "CalendarViewShare",
    "custom": false
  },
  {
    "name": "CallCenter",
    "custom": false
  },
  {
    "name": "Campaign",
    "custom": false
  },
  {
    "name": "CampaignChangeEvent",
    "custom": false
  },
  {
    "name": "CampaignFeed",
    "custom": false
  },
  {
    "name": "CampaignHistory",
    "custom": false
  },
  {
    "name": "CampaignInfluence",
    "custom": false
  },
  {
    "name": "CampaignInfluenceModel",
    "custom": false
  },
  {
    "name": "CampaignMember",
    "custom": false
  },
  {
    "name": "CampaignMemberChangeEvent",
    "custom": false
  },
  {
    "name": "CampaignMemberStatus",
    "custom": false
  },
  {
    "name": "CampaignMemberStatusChangeEvent",
    "custom": false
  },
  {
    "name": "CampaignShare",
    "custom": false
  },
  {
    "name": "CardPaymentMethod",
    "custom": false
  },
  {
    "name": "Case",
    "custom": false
  },
  {
    "name": "CaseChangeEvent",
    "custom": false
  },
  {
    "name": "CaseComment",
    "custom": false
  },
  {
    "name": "CaseContactRole",
    "custom": false
  },
  {
    "name": "CaseFeed",
    "custom": false
  },
  {
    "name": "CaseHistory",
    "custom": false
  },
  {
    "name": "CaseMilestone",
    "custom": false
  },
  {
    "name": "CaseShare",
    "custom": false
  },
  {
    "name": "CaseSolution",
    "custom": false
  },
  {
    "name": "CaseStatus",
    "custom": false
  },
  {
    "name": "CaseTeamMember",
    "custom": false
  },
  {
    "name": "CaseTeamRole",
    "custom": false
  },
  {
    "name": "CaseTeamTemplate",
    "custom": false
  },
  {
    "name": "CaseTeamTemplateMember",
    "custom": false
  },
  {
    "name": "CaseTeamTemplateRecord",
    "custom": false
  },
  {
    "name": "CategoryData",
    "custom": false
  },
  {
    "name": "CategoryNode",
    "custom": false
  },
  {
    "name": "CategoryNodeLocalization",
    "custom": false
  },
  {
    "name": "ChannelProgram",
    "custom": false
  },
  {
    "name": "ChannelProgramFeed",
    "custom": false
  },
  {
    "name": "ChannelProgramHistory",
    "custom": false
  },
  {
    "name": "ChannelProgramLevel",
    "custom": false
  },
  {
    "name": "ChannelProgramLevelFeed",
    "custom": false
  },
  {
    "name": "ChannelProgramLevelHistory",
    "custom": false
  },
  {
    "name": "ChannelProgramLevelShare",
    "custom": false
  },
  {
    "name": "ChannelProgramMember",
    "custom": false
  },
  {
    "name": "ChannelProgramMemberFeed",
    "custom": false
  },
  {
    "name": "ChannelProgramMemberHistory",
    "custom": false
  },
  {
    "name": "ChannelProgramMemberShare",
    "custom": false
  },
  {
    "name": "ChannelProgramShare",
    "custom": false
  },
  {
    "name": "ChatterActivity",
    "custom": false
  },
  {
    "name": "ChatterExtension",
    "custom": false
  },
  {
    "name": "ChatterExtensionConfig",
    "custom": false
  },
  {
    "name": "ChatterExtensionLocalization",
    "custom": false
  },
  {
    "name": "ClientBrowser",
    "custom": false
  },
  {
    "name": "CollaborationGroup",
    "custom": false
  },
  {
    "name": "CollaborationGroupFeed",
    "custom": false
  },
  {
    "name": "CollaborationGroupMember",
    "custom": false
  },
  {
    "name": "CollaborationGroupMemberRequest",
    "custom": false
  },
  {
    "name": "CollaborationGroupRecord",
    "custom": false
  },
  {
    "name": "CollaborationInvitation",
    "custom": false
  },
  {
    "name": "ColorDefinition",
    "custom": false
  },
  {
    "name": "CombinedAttachment",
    "custom": false
  },
  {
    "name": "CommSubscription",
    "custom": false
  },
  {
    "name": "CommSubscriptionChannelType",
    "custom": false
  },
  {
    "name": "CommSubscriptionChannelTypeFeed",
    "custom": false
  },
  {
    "name": "CommSubscriptionChannelTypeHistory",
    "custom": false
  },
  {
    "name": "CommSubscriptionChannelTypeShare",
    "custom": false
  },
  {
    "name": "CommSubscriptionConsent",
    "custom": false
  },
  {
    "name": "CommSubscriptionConsentFeed",
    "custom": false
  },
  {
    "name": "CommSubscriptionConsentHistory",
    "custom": false
  },
  {
    "name": "CommSubscriptionConsentShare",
    "custom": false
  },
  {
    "name": "CommSubscriptionFeed",
    "custom": false
  },
  {
    "name": "CommSubscriptionHistory",
    "custom": false
  },
  {
    "name": "CommSubscriptionShare",
    "custom": false
  },
  {
    "name": "CommSubscriptionTiming",
    "custom": false
  },
  {
    "name": "CommSubscriptionTimingFeed",
    "custom": false
  },
  {
    "name": "CommSubscriptionTimingHistory",
    "custom": false
  },
  {
    "name": "Community",
    "custom": false
  },
  {
    "name": "ConferenceNumber",
    "custom": false
  },
  {
    "name": "ConnectedApplication",
    "custom": false
  },
  {
    "name": "ConsumptionRate",
    "custom": false
  },
  {
    "name": "ConsumptionRateHistory",
    "custom": false
  },
  {
    "name": "ConsumptionSchedule",
    "custom": false
  },
  {
    "name": "ConsumptionScheduleFeed",
    "custom": false
  },
  {
    "name": "ConsumptionScheduleHistory",
    "custom": false
  },
  {
    "name": "ConsumptionScheduleShare",
    "custom": false
  },
  {
    "name": "Contact",
    "custom": false
  },
  {
    "name": "ContactChangeEvent",
    "custom": false
  },
  {
    "name": "ContactCleanInfo",
    "custom": false
  },
  {
    "name": "ContactFeed",
    "custom": false
  },
  {
    "name": "ContactHistory",
    "custom": false
  },
  {
    "name": "ContactPointAddress",
    "custom": false
  },
  {
    "name": "ContactPointAddressChangeEvent",
    "custom": false
  },
  {
    "name": "ContactPointAddressHistory",
    "custom": false
  },
  {
    "name": "ContactPointAddressShare",
    "custom": false
  },
  {
    "name": "ContactPointConsent",
    "custom": false
  },
  {
    "name": "ContactPointConsentChangeEvent",
    "custom": false
  },
  {
    "name": "ContactPointConsentHistory",
    "custom": false
  },
  {
    "name": "ContactPointConsentShare",
    "custom": false
  },
  {
    "name": "ContactPointEmail",
    "custom": false
  },
  {
    "name": "ContactPointEmailChangeEvent",
    "custom": false
  },
  {
    "name": "ContactPointEmailHistory",
    "custom": false
  },
  {
    "name": "ContactPointEmailShare",
    "custom": false
  },
  {
    "name": "ContactPointPhone",
    "custom": false
  },
  {
    "name": "ContactPointPhoneChangeEvent",
    "custom": false
  },
  {
    "name": "ContactPointPhoneHistory",
    "custom": false
  },
  {
    "name": "ContactPointPhoneShare",
    "custom": false
  },
  {
    "name": "ContactPointTypeConsent",
    "custom": false
  },
  {
    "name": "ContactPointTypeConsentChangeEvent",
    "custom": false
  },
  {
    "name": "ContactPointTypeConsentHistory",
    "custom": false
  },
  {
    "name": "ContactPointTypeConsentShare",
    "custom": false
  },
  {
    "name": "ContactRequest",
    "custom": false
  },
  {
    "name": "ContactRequestShare",
    "custom": false
  },
  {
    "name": "ContactShare",
    "custom": false
  },
  {
    "name": "ContentAsset",
    "custom": false
  },
  {
    "name": "ContentBody",
    "custom": false
  },
  {
    "name": "ContentDistribution",
    "custom": false
  },
  {
    "name": "ContentDistributionView",
    "custom": false
  },
  {
    "name": "ContentDocument",
    "custom": false
  },
  {
    "name": "ContentDocumentFeed",
    "custom": false
  },
  {
    "name": "ContentDocumentHistory",
    "custom": false
  },
  {
    "name": "ContentDocumentLink",
    "custom": false
  },
  {
    "name": "ContentDocumentSubscription",
    "custom": false
  },
  {
    "name": "ContentFolder",
    "custom": false
  },
  {
    "name": "ContentFolderItem",
    "custom": false
  },
  {
    "name": "ContentFolderLink",
    "custom": false
  },
  {
    "name": "ContentFolderMember",
    "custom": false
  },
  {
    "name": "ContentNote",
    "custom": false
  },
  {
    "name": "ContentNotification",
    "custom": false
  },
  {
    "name": "ContentTagSubscription",
    "custom": false
  },
  {
    "name": "ContentUserSubscription",
    "custom": false
  },
  {
    "name": "ContentVersion",
    "custom": false
  },
  {
    "name": "ContentVersionComment",
    "custom": false
  },
  {
    "name": "ContentVersionHistory",
    "custom": false
  },
  {
    "name": "ContentVersionRating",
    "custom": false
  },
  {
    "name": "ContentWorkspace",
    "custom": false
  },
  {
    "name": "ContentWorkspaceDoc",
    "custom": false
  },
  {
    "name": "ContentWorkspaceMember",
    "custom": false
  },
  {
    "name": "ContentWorkspacePermission",
    "custom": false
  },
  {
    "name": "ContentWorkspaceSubscription",
    "custom": false
  },
  {
    "name": "Contract",
    "custom": false
  },
  {
    "name": "ContractChangeEvent",
    "custom": false
  },
  {
    "name": "ContractContactRole",
    "custom": false
  },
  {
    "name": "ContractFeed",
    "custom": false
  },
  {
    "name": "ContractHistory",
    "custom": false
  },
  {
    "name": "ContractLineItem",
    "custom": false
  },
  {
    "name": "ContractLineItemChangeEvent",
    "custom": false
  },
  {
    "name": "ContractLineItemHistory",
    "custom": false
  },
  {
    "name": "ContractStatus",
    "custom": false
  },
  {
    "name": "ConversationContextEntry",
    "custom": false
  },
  {
    "name": "ConversationEntry",
    "custom": false
  },
  {
    "name": "CorsWhitelistEntry",
    "custom": false
  },
  {
    "name": "CreditMemo",
    "custom": false
  },
  {
    "name": "CreditMemoInvApplication",
    "custom": false
  },
  {
    "name": "CreditMemoInvApplicationFeed",
    "custom": false
  },
  {
    "name": "CreditMemoInvApplicationHistory",
    "custom": false
  },
  {
    "name": "CreditMemoLine",
    "custom": false
  },
  {
    "name": "CreditMemoShare",
    "custom": false
  },
  {
    "name": "CronJobDetail",
    "custom": false
  },
  {
    "name": "CronTrigger",
    "custom": false
  },
  {
    "name": "CspTrustedSite",
    "custom": false
  },
  {
    "name": "CustomBrand",
    "custom": false
  },
  {
    "name": "CustomBrandAsset",
    "custom": false
  },
  {
    "name": "CustomHelpMenuItem",
    "custom": false
  },
  {
    "name": "CustomHelpMenuSection",
    "custom": false
  },
  {
    "name": "CustomHttpHeader",
    "custom": false
  },
  {
    "name": "CustomNotificationType",
    "custom": false
  },
  {
    "name": "CustomObjectUserLicenseMetrics",
    "custom": false
  },
  {
    "name": "CustomPermission",
    "custom": false
  },
  {
    "name": "CustomPermissionDependency",
    "custom": false
  },
  {
    "name": "CustomSetup",
    "custom": false
  },
  {
    "name": "CustomSetupDefinition",
    "custom": false
  },
  {
    "name": "DandBCompany",
    "custom": false
  },
  {
    "name": "Dashboard",
    "custom": false
  },
  {
    "name": "DashboardComponent",
    "custom": false
  },
  {
    "name": "DashboardComponentFeed",
    "custom": false
  },
  {
    "name": "DashboardFeed",
    "custom": false
  },
  {
    "name": "DataAssessmentFieldMetric",
    "custom": false
  },
  {
    "name": "DataAssessmentMetric",
    "custom": false
  },
  {
    "name": "DataAssessmentValueMetric",
    "custom": false
  },
  {
    "name": "DataStatistics",
    "custom": false
  },
  {
    "name": "DataType",
    "custom": false
  },
  {
    "name": "DataUseLegalBasis",
    "custom": false
  },
  {
    "name": "DataUseLegalBasisHistory",
    "custom": false
  },
  {
    "name": "DataUseLegalBasisShare",
    "custom": false
  },
  {
    "name": "DataUsePurpose",
    "custom": false
  },
  {
    "name": "DataUsePurposeHistory",
    "custom": false
  },
  {
    "name": "DataUsePurposeShare",
    "custom": false
  },
  {
    "name": "DatacloudAddress",
    "custom": false
  },
  {
    "name": "DatacloudCompany",
    "custom": false
  },
  {
    "name": "DatacloudContact",
    "custom": false
  },
  {
    "name": "DatacloudDandBCompany",
    "custom": false
  },
  {
    "name": "DatacloudOwnedEntity",
    "custom": false
  },
  {
    "name": "DatacloudPurchaseUsage",
    "custom": false
  },
  {
    "name": "DeclinedEventRelation",
    "custom": false
  },
  {
    "name": "DelegatedAccount",
    "custom": false
  },
  {
    "name": "DelegatedAccountFeed",
    "custom": false
  },
  {
    "name": "DelegatedAccountHistory",
    "custom": false
  },
  {
    "name": "DelegatedAccountShare",
    "custom": false
  },
  {
    "name": "DeleteEvent",
    "custom": false
  },
  {
    "name": "DigitalSignature",
    "custom": false
  },
  {
    "name": "DigitalWallet",
    "custom": false
  },
  {
    "name": "Document",
    "custom": false
  },
  {
    "name": "DocumentAttachmentMap",
    "custom": false
  },
  {
    "name": "Domain",
    "custom": false
  },
  {
    "name": "DomainSite",
    "custom": false
  },
  {
    "name": "DuplicateRecordItem",
    "custom": false
  },
  {
    "name": "DuplicateRecordSet",
    "custom": false
  },
  {
    "name": "DuplicateRule",
    "custom": false
  },
  {
    "name": "EmailCapture",
    "custom": false
  },
  {
    "name": "EmailDomainFilter",
    "custom": false
  },
  {
    "name": "EmailDomainKey",
    "custom": false
  },
  {
    "name": "EmailMessage",
    "custom": false
  },
  {
    "name": "EmailMessageChangeEvent",
    "custom": false
  },
  {
    "name": "EmailMessageRelation",
    "custom": false
  },
  {
    "name": "EmailRelay",
    "custom": false
  },
  {
    "name": "EmailServicesAddress",
    "custom": false
  },
  {
    "name": "EmailServicesFunction",
    "custom": false
  },
  {
    "name": "EmailStatus",
    "custom": false
  },
  {
    "name": "EmailTemplate",
    "custom": false
  },
  {
    "name": "EmailTemplateChangeEvent",
    "custom": false
  },
  {
    "name": "EmbeddedServiceDetail",
    "custom": false
  },
  {
    "name": "EmbeddedServiceLabel",
    "custom": false
  },
  {
    "name": "EngagementChannelType",
    "custom": false
  },
  {
    "name": "EngagementChannelTypeFeed",
    "custom": false
  },
  {
    "name": "EngagementChannelTypeHistory",
    "custom": false
  },
  {
    "name": "EngagementChannelTypeShare",
    "custom": false
  },
  {
    "name": "EnhancedLetterhead",
    "custom": false
  },
  {
    "name": "EnhancedLetterheadFeed",
    "custom": false
  },
  {
    "name": "Entitlement",
    "custom": false
  },
  {
    "name": "EntitlementChangeEvent",
    "custom": false
  },
  {
    "name": "EntitlementContact",
    "custom": false
  },
  {
    "name": "EntitlementFeed",
    "custom": false
  },
  {
    "name": "EntitlementHistory",
    "custom": false
  },
  {
    "name": "EntitlementTemplate",
    "custom": false
  },
  {
    "name": "EntityDefinition",
    "custom": false
  },
  {
    "name": "EntityMilestone",
    "custom": false
  },
  {
    "name": "EntityMilestoneFeed",
    "custom": false
  },
  {
    "name": "EntityMilestoneHistory",
    "custom": false
  },
  {
    "name": "EntityParticle",
    "custom": false
  },
  {
    "name": "EntitySubscription",
    "custom": false
  },
  {
    "name": "Event",
    "custom": false
  },
  {
    "name": "EventBusSubscriber",
    "custom": false
  },
  {
    "name": "EventChangeEvent",
    "custom": false
  },
  {
    "name": "EventFeed",
    "custom": false
  },
  {
    "name": "EventLogFile",
    "custom": false
  },
  {
    "name": "EventRecurrenceException",
    "custom": false
  },
  {
    "name": "EventRelation",
    "custom": false
  },
  {
    "name": "EventRelationChangeEvent",
    "custom": false
  },
  {
    "name": "EventWhoRelation",
    "custom": false
  },
  {
    "name": "ExpressionFilter",
    "custom": false
  },
  {
    "name": "ExpressionFilterCriteria",
    "custom": false
  },
  {
    "name": "ExternalAIModel",
    "custom": false
  },
  {
    "name": "ExternalDataSource",
    "custom": false
  },
  {
    "name": "ExternalDataUserAuth",
    "custom": false
  },
  {
    "name": "ExternalEvent",
    "custom": false
  },
  {
    "name": "ExternalEventMapping",
    "custom": false
  },
  {
    "name": "ExternalEventMappingShare",
    "custom": false
  },
  {
    "name": "FSL__Crew_Management_User_Settings_Territory__ChangeEvent",
    "custom": false
  },
  {
    "name": "FSL__Crew_Management_User_Settings_Territory__c",
    "custom": true
  },
  {
    "name": "FSL__Crew_Management_User_Settings__ChangeEvent",
    "custom": false
  },
  {
    "name": "FSL__Crew_Management_User_Settings__c",
    "custom": true
  },
  {
    "name": "FSL__Criteria__ChangeEvent",
    "custom": false
  },
  {
    "name": "FSL__Criteria__Share",
    "custom": false
  },
  {
    "name": "FSL__Criteria__c",
    "custom": true
  },
  {
    "name": "FSL__FMA_Count_Action__e",
    "custom": true
  },
  {
    "name": "FSL__FSLHealth_Event__e",
    "custom": true
  },
  {
    "name": "FSL__FSL_Operation__ChangeEvent",
    "custom": false
  },
  {
    "name": "FSL__FSL_Operation__Share",
    "custom": false
  },
  {
    "name": "FSL__FSL_Operation__c",
    "custom": true
  },
  {
    "name": "FSL__GanttPalette__ChangeEvent",
    "custom": false
  },
  {
    "name": "FSL__GanttPalette__Share",
    "custom": false
  },
  {
    "name": "FSL__GanttPalette__c",
    "custom": true
  },
  {
    "name": "FSL__Gantt_Filter__ChangeEvent",
    "custom": false
  },
  {
    "name": "FSL__Gantt_Filter__Share",
    "custom": false
  },
  {
    "name": "FSL__Gantt_Filter__c",
    "custom": true
  },
  {
    "name": "FSL__O2_Settings__mdt",
    "custom": true
  },
  {
    "name": "FSL__Optimization_Data__ChangeEvent",
    "custom": false
  },
  {
    "name": "FSL__Optimization_Data__Share",
    "custom": false
  },
  {
    "name": "FSL__Optimization_Data__c",
    "custom": true
  },
  {
    "name": "FSL__Optimization_Request_Queue__ChangeEvent",
    "custom": false
  },
  {
    "name": "FSL__Optimization_Request_Queue__Share",
    "custom": false
  },
  {
    "name": "FSL__Optimization_Request_Queue__c",
    "custom": true
  },
  {
    "name": "FSL__Optimization_Request__ChangeEvent",
    "custom": false
  },
  {
    "name": "FSL__Optimization_Request__Share",
    "custom": false
  },
  {
    "name": "FSL__Optimization_Request__c",
    "custom": true
  },
  {
    "name": "FSL__Polygon__ChangeEvent",
    "custom": false
  },
  {
    "name": "FSL__Polygon__Share",
    "custom": false
  },
  {
    "name": "FSL__Polygon__c",
    "custom": true
  },
  {
    "name": "FSL__SLR_Cache__ChangeEvent",
    "custom": false
  },
  {
    "name": "FSL__SLR_Cache__Share",
    "custom": false
  },
  {
    "name": "FSL__SLR_Cache__c",
    "custom": true
  },
  {
    "name": "FSL__SchedulingRecipe__ChangeEvent",
    "custom": false
  },
  {
    "name": "FSL__SchedulingRecipe__Share",
    "custom": false
  },
  {
    "name": "FSL__SchedulingRecipe__c",
    "custom": true
  },
  {
    "name": "FSL__Scheduling_Policy_Goal__ChangeEvent",
    "custom": false
  },
  {
    "name": "FSL__Scheduling_Policy_Goal__c",
    "custom": true
  },
  {
    "name": "FSL__Scheduling_Policy_Work_Rule__ChangeEvent",
    "custom": false
  },
  {
    "name": "FSL__Scheduling_Policy_Work_Rule__c",
    "custom": true
  },
  {
    "name": "FSL__Scheduling_Policy__ChangeEvent",
    "custom": false
  },
  {
    "name": "FSL__Scheduling_Policy__Share",
    "custom": false
  },
  {
    "name": "FSL__Scheduling_Policy__c",
    "custom": true
  },
  {
    "name": "FSL__Service_Goal__ChangeEvent",
    "custom": false
  },
  {
    "name": "FSL__Service_Goal__Share",
    "custom": false
  },
  {
    "name": "FSL__Service_Goal__c",
    "custom": true
  },
  {
    "name": "FSL__Territory_Optimization_Request__ChangeEvent",
    "custom": false
  },
  {
    "name": "FSL__Territory_Optimization_Request__c",
    "custom": true
  },
  {
    "name": "FSL__Time_Dependency__ChangeEvent",
    "custom": false
  },
  {
    "name": "FSL__Time_Dependency__c",
    "custom": true
  },
  {
    "name": "FSL__UserSetting__ChangeEvent",
    "custom": false
  },
  {
    "name": "FSL__UserSetting__Share",
    "custom": false
  },
  {
    "name": "FSL__UserSetting__c",
    "custom": true
  },
  {
    "name": "FSL__User_Setting_Territory__ChangeEvent",
    "custom": false
  },
  {
    "name": "FSL__User_Setting_Territory__c",
    "custom": true
  },
  {
    "name": "FSL__User_Territory__ChangeEvent",
    "custom": false
  },
  {
    "name": "FSL__User_Territory__c",
    "custom": true
  },
  {
    "name": "FSL__Work_Rule__ChangeEvent",
    "custom": false
  },
  {
    "name": "FSL__Work_Rule__Share",
    "custom": false
  },
  {
    "name": "FSL__Work_Rule__c",
    "custom": true
  },
  {
    "name": "FeedAttachment",
    "custom": false
  },
  {
    "name": "FeedComment",
    "custom": false
  },
  {
    "name": "FeedItem",
    "custom": false
  },
  {
    "name": "FeedLike",
    "custom": false
  },
  {
    "name": "FeedPollChoice",
    "custom": false
  },
  {
    "name": "FeedPollVote",
    "custom": false
  },
  {
    "name": "FeedRevision",
    "custom": false
  },
  {
    "name": "FeedSignal",
    "custom": false
  },
  {
    "name": "FeedTrackedChange",
    "custom": false
  },
  {
    "name": "FieldDefinition",
    "custom": false
  },
  {
    "name": "FieldPermissions",
    "custom": false
  },
  {
    "name": "FieldSecurityClassification",
    "custom": false
  },
  {
    "name": "FieldServiceMobileSettings",
    "custom": false
  },
  {
    "name": "FieldServiceOrgSettings",
    "custom": false
  },
  {
    "name": "FileSearchActivity",
    "custom": false
  },
  {
    "name": "FiscalYearSettings",
    "custom": false
  },
  {
    "name": "FlexQueueItem",
    "custom": false
  },
  {
    "name": "FlowDefinitionView",
    "custom": false
  },
  {
    "name": "FlowExecutionErrorEvent",
    "custom": false
  },
  {
    "name": "FlowInterview",
    "custom": false
  },
  {
    "name": "FlowInterviewShare",
    "custom": false
  },
  {
    "name": "FlowRecordRelation",
    "custom": false
  },
  {
    "name": "FlowStageRelation",
    "custom": false
  },
  {
    "name": "FlowVariableView",
    "custom": false
  },
  {
    "name": "FlowVersionView",
    "custom": false
  },
  {
    "name": "Folder",
    "custom": false
  },
  {
    "name": "FolderedContentDocument",
    "custom": false
  },
  {
    "name": "FormulaFunction",
    "custom": false
  },
  {
    "name": "FormulaFunctionAllowedType",
    "custom": false
  },
  {
    "name": "FormulaFunctionCategory",
    "custom": false
  },
  {
    "name": "GrantedByLicense",
    "custom": false
  },
  {
    "name": "Group",
    "custom": false
  },
  {
    "name": "GroupMember",
    "custom": false
  },
  {
    "name": "Holiday",
    "custom": false
  },
  {
    "name": "IconDefinition",
    "custom": false
  },
  {
    "name": "Idea",
    "custom": false
  },
  {
    "name": "IdeaComment",
    "custom": false
  },
  {
    "name": "IdentityVerificationEvent",
    "custom": false
  },
  {
    "name": "IdpEventLog",
    "custom": false
  },
  {
    "name": "IframeWhiteListUrl",
    "custom": false
  },
  {
    "name": "Image",
    "custom": false
  },
  {
    "name": "ImageShare",
    "custom": false
  },
  {
    "name": "Individual",
    "custom": false
  },
  {
    "name": "IndividualChangeEvent",
    "custom": false
  },
  {
    "name": "IndividualHistory",
    "custom": false
  },
  {
    "name": "IndividualShare",
    "custom": false
  },
  {
    "name": "InstalledMobileApp",
    "custom": false
  },
  {
    "name": "IntFW__APTTaskTemplate__ChangeEvent",
    "custom": false
  },
  {
    "name": "IntFW__APTTaskTemplate__c",
    "custom": true
  },
  {
    "name": "IntFW__APTaskTemplate__ChangeEvent",
    "custom": false
  },
  {
    "name": "IntFW__APTaskTemplate__c",
    "custom": true
  },
  {
    "name": "IntFW__ActionPlanTemplate__ChangeEvent",
    "custom": false
  },
  {
    "name": "IntFW__ActionPlanTemplate__c",
    "custom": true
  },
  {
    "name": "IntFW__ActionPlan__ChangeEvent",
    "custom": false
  },
  {
    "name": "IntFW__ActionPlan__c",
    "custom": true
  },
  {
    "name": "IntFW__Action_Plans_Settings__ChangeEvent",
    "custom": false
  },
  {
    "name": "IntFW__Action_Plans_Settings__c",
    "custom": true
  },
  {
    "name": "IntFW__Application_Log__ChangeEvent",
    "custom": false
  },
  {
    "name": "IntFW__Application_Log__c",
    "custom": true
  },
  {
    "name": "IntFW__Application_Setting__mdt",
    "custom": true
  },
  {
    "name": "IntFW__Article__ViewStat",
    "custom": false
  },
  {
    "name": "IntFW__Article__VoteStat",
    "custom": false
  },
  {
    "name": "IntFW__Article__ka",
    "custom": true
  },
  {
    "name": "IntFW__Cust_Search_Setting__ChangeEvent",
    "custom": false
  },
  {
    "name": "IntFW__Cust_Search_Setting__c",
    "custom": true
  },
  {
    "name": "IntFW__Dependent_Picklist__mdt",
    "custom": true
  },
  {
    "name": "IntFW__EventImage__ChangeEvent",
    "custom": false
  },
  {
    "name": "IntFW__EventImage__c",
    "custom": true
  },
  {
    "name": "IntFW__Field_By_Language__mdt",
    "custom": true
  },
  {
    "name": "IntFW__Form_Label_by_Lang__mdt",
    "custom": true
  },
  {
    "name": "IntFW__Image_list__ChangeEvent",
    "custom": false
  },
  {
    "name": "IntFW__Image_list__Feed",
    "custom": false
  },
  {
    "name": "IntFW__Image_list__c",
    "custom": true
  },
  {
    "name": "IntFW__Integration_FW_Sample__ChangeEvent",
    "custom": false
  },
  {
    "name": "IntFW__Integration_FW_Sample__Share",
    "custom": false
  },
  {
    "name": "IntFW__Integration_FW_Sample__c",
    "custom": true
  },
  {
    "name": "IntFW__Integration_Log__ChangeEvent",
    "custom": false
  },
  {
    "name": "IntFW__Integration_Log__c",
    "custom": true
  },
  {
    "name": "IntFW__InterfaceFrameworkLogging__ChangeEvent",
    "custom": false
  },
  {
    "name": "IntFW__InterfaceFrameworkLogging__c",
    "custom": true
  },
  {
    "name": "IntFW__Interface_Configuration__mdt",
    "custom": true
  },
  {
    "name": "IntFW__Interface_Form_Field__mdt",
    "custom": true
  },
  {
    "name": "IntFW__Interface_Form__mdt",
    "custom": true
  },
  {
    "name": "IntFW__Interface_Operations__mdt",
    "custom": true
  },
  {
    "name": "IntFW__Lazada_Endpoint__ChangeEvent",
    "custom": false
  },
  {
    "name": "IntFW__Lazada_Endpoint__c",
    "custom": true
  },
  {
    "name": "IntFW__MaskingInterfaceDataAcess__ChangeEvent",
    "custom": false
  },
  {
    "name": "IntFW__MaskingInterfaceDataAcess__c",
    "custom": true
  },
  {
    "name": "IntFW__MasterData__ChangeEvent",
    "custom": false
  },
  {
    "name": "IntFW__MasterData__c",
    "custom": true
  },
  {
    "name": "IntFW__Mork_Message__mdt",
    "custom": true
  },
  {
    "name": "IntFW__Object_Conversion_Field_Map__mdt",
    "custom": true
  },
  {
    "name": "IntFW__Object_Conversion_Map__mdt",
    "custom": true
  },
  {
    "name": "IntFW__Object_Mandatory_Field__mdt",
    "custom": true
  },
  {
    "name": "IntFW__PrivateTestObject__ChangeEvent",
    "custom": false
  },
  {
    "name": "IntFW__PrivateTestObject__Share",
    "custom": false
  },
  {
    "name": "IntFW__PrivateTestObject__c",
    "custom": true
  },
  {
    "name": "IntFW__ReadOnlyTestObject__ChangeEvent",
    "custom": false
  },
  {
    "name": "IntFW__ReadOnlyTestObject__Share",
    "custom": false
  },
  {
    "name": "IntFW__ReadOnlyTestObject__c",
    "custom": true
  },
  {
    "name": "IntFW__System_Settings__mdt",
    "custom": true
  },
  {
    "name": "IntFW__Test_Data_Field_Mapping__mdt",
    "custom": true
  },
  {
    "name": "IntFW__Test_Data_Mapping__mdt",
    "custom": true
  },
  {
    "name": "IntFW__Test__e",
    "custom": true
  },
  {
    "name": "IntFW__TwilioConfig__ChangeEvent",
    "custom": false
  },
  {
    "name": "IntFW__TwilioConfig__c",
    "custom": true
  },
  {
    "name": "IntFW__Vehicle__ChangeEvent",
    "custom": false
  },
  {
    "name": "IntFW__Vehicle__History",
    "custom": false
  },
  {
    "name": "IntFW__Vehicle__c",
    "custom": true
  },
  {
    "name": "IntFW__Work_Part__ChangeEvent",
    "custom": false
  },
  {
    "name": "IntFW__Work_Part__History",
    "custom": false
  },
  {
    "name": "IntFW__Work_Part__c",
    "custom": true
  },
  {
    "name": "IntFW__odata_Search_Field__mdt",
    "custom": true
  },
  {
    "name": "IntFW__odata_Search_Form__mdt",
    "custom": true
  },
  {
    "name": "Invoice",
    "custom": false
  },
  {
    "name": "InvoiceLine",
    "custom": false
  },
  {
    "name": "InvoiceShare",
    "custom": false
  },
  {
    "name": "JobProfile",
    "custom": false
  },
  {
    "name": "JobProfileFeed",
    "custom": false
  },
  {
    "name": "JobProfileHistory",
    "custom": false
  },
  {
    "name": "JobProfileShare",
    "custom": false
  },
  {
    "name": "KnowledgeArticle",
    "custom": false
  },
  {
    "name": "KnowledgeArticleVersionHistory",
    "custom": false
  },
  {
    "name": "KnowledgeArticleViewStat",
    "custom": false
  },
  {
    "name": "KnowledgeArticleVoteStat",
    "custom": false
  },
  {
    "name": "KnowledgeableUser",
    "custom": false
  },
  {
    "name": "Lead",
    "custom": false
  },
  {
    "name": "LeadChangeEvent",
    "custom": false
  },
  {
    "name": "LeadCleanInfo",
    "custom": false
  },
  {
    "name": "LeadFeed",
    "custom": false
  },
  {
    "name": "LeadHistory",
    "custom": false
  },
  {
    "name": "LeadShare",
    "custom": false
  },
  {
    "name": "LeadStatus",
    "custom": false
  },
  {
    "name": "LegalEntity",
    "custom": false
  },
  {
    "name": "LegalEntityFeed",
    "custom": false
  },
  {
    "name": "LegalEntityHistory",
    "custom": false
  },
  {
    "name": "LegalEntityShare",
    "custom": false
  },
  {
    "name": "LightningExitByPageMetrics",
    "custom": false
  },
  {
    "name": "LightningExperienceTheme",
    "custom": false
  },
  {
    "name": "LightningOnboardingConfig",
    "custom": false
  },
  {
    "name": "LightningToggleMetrics",
    "custom": false
  },
  {
    "name": "LightningUriEvent",
    "custom": false
  },
  {
    "name": "LightningUriEventStream",
    "custom": false
  },
  {
    "name": "LightningUsageByAppTypeMetrics",
    "custom": false
  },
  {
    "name": "LightningUsageByBrowserMetrics",
    "custom": false
  },
  {
    "name": "LightningUsageByFlexiPageMetrics",
    "custom": false
  },
  {
    "name": "LightningUsageByPageMetrics",
    "custom": false
  },
  {
    "name": "ListEmail",
    "custom": false
  },
  {
    "name": "ListEmailChangeEvent",
    "custom": false
  },
  {
    "name": "ListEmailIndividualRecipient",
    "custom": false
  },
  {
    "name": "ListEmailRecipientSource",
    "custom": false
  },
  {
    "name": "ListEmailShare",
    "custom": false
  },
  {
    "name": "ListView",
    "custom": false
  },
  {
    "name": "ListViewChart",
    "custom": false
  },
  {
    "name": "ListViewChartInstance",
    "custom": false
  },
  {
    "name": "ListViewEvent",
    "custom": false
  },
  {
    "name": "ListViewEventStream",
    "custom": false
  },
  {
    "name": "LiveAgentSession",
    "custom": false
  },
  {
    "name": "LiveAgentSessionHistory",
    "custom": false
  },
  {
    "name": "LiveAgentSessionShare",
    "custom": false
  },
  {
    "name": "LiveChatBlockingRule",
    "custom": false
  },
  {
    "name": "LiveChatButton",
    "custom": false
  },
  {
    "name": "LiveChatButtonDeployment",
    "custom": false
  },
  {
    "name": "LiveChatButtonSkill",
    "custom": false
  },
  {
    "name": "LiveChatDeployment",
    "custom": false
  },
  {
    "name": "LiveChatSensitiveDataRule",
    "custom": false
  },
  {
    "name": "LiveChatTranscript",
    "custom": false
  },
  {
    "name": "LiveChatTranscriptChangeEvent",
    "custom": false
  },
  {
    "name": "LiveChatTranscriptEvent",
    "custom": false
  },
  {
    "name": "LiveChatTranscriptFeed",
    "custom": false
  },
  {
    "name": "LiveChatTranscriptHistory",
    "custom": false
  },
  {
    "name": "LiveChatTranscriptShare",
    "custom": false
  },
  {
    "name": "LiveChatTranscriptSkill",
    "custom": false
  },
  {
    "name": "LiveChatUserConfig",
    "custom": false
  },
  {
    "name": "LiveChatUserConfigProfile",
    "custom": false
  },
  {
    "name": "LiveChatUserConfigUser",
    "custom": false
  },
  {
    "name": "LiveChatVisitor",
    "custom": false
  },
  {
    "name": "Location",
    "custom": false
  },
  {
    "name": "LocationChangeEvent",
    "custom": false
  },
  {
    "name": "LocationFeed",
    "custom": false
  },
  {
    "name": "LocationHistory",
    "custom": false
  },
  {
    "name": "LocationShare",
    "custom": false
  },
  {
    "name": "LoginAsEvent",
    "custom": false
  },
  {
    "name": "LoginAsEventStream",
    "custom": false
  },
  {
    "name": "LoginEvent",
    "custom": false
  },
  {
    "name": "LoginEventStream",
    "custom": false
  },
  {
    "name": "LoginGeo",
    "custom": false
  },
  {
    "name": "LoginHistory",
    "custom": false
  },
  {
    "name": "LoginIp",
    "custom": false
  },
  {
    "name": "LogoutEvent",
    "custom": false
  },
  {
    "name": "LogoutEventStream",
    "custom": false
  },
  {
    "name": "LookedUpFromActivity",
    "custom": false
  },
  {
    "name": "Macro",
    "custom": false
  },
  {
    "name": "MacroChangeEvent",
    "custom": false
  },
  {
    "name": "MacroHistory",
    "custom": false
  },
  {
    "name": "MacroInstruction",
    "custom": false
  },
  {
    "name": "MacroInstructionChangeEvent",
    "custom": false
  },
  {
    "name": "MacroShare",
    "custom": false
  },
  {
    "name": "MacroUsage",
    "custom": false
  },
  {
    "name": "MacroUsageShare",
    "custom": false
  },
  {
    "name": "MailmergeTemplate",
    "custom": false
  },
  {
    "name": "MaintenanceAsset",
    "custom": false
  },
  {
    "name": "MaintenanceAssetChangeEvent",
    "custom": false
  },
  {
    "name": "MaintenanceAssetFeed",
    "custom": false
  },
  {
    "name": "MaintenanceAssetHistory",
    "custom": false
  },
  {
    "name": "MaintenancePlan",
    "custom": false
  },
  {
    "name": "MaintenancePlanChangeEvent",
    "custom": false
  },
  {
    "name": "MaintenancePlanFeed",
    "custom": false
  },
  {
    "name": "MaintenancePlanHistory",
    "custom": false
  },
  {
    "name": "MaintenancePlanShare",
    "custom": false
  },
  {
    "name": "MatchingInformation",
    "custom": false
  },
  {
    "name": "MatchingRule",
    "custom": false
  },
  {
    "name": "MatchingRuleItem",
    "custom": false
  },
  {
    "name": "MessagingChannel",
    "custom": false
  },
  {
    "name": "MessagingEndUser",
    "custom": false
  },
  {
    "name": "MessagingEndUserHistory",
    "custom": false
  },
  {
    "name": "MessagingEndUserShare",
    "custom": false
  },
  {
    "name": "MessagingSession",
    "custom": false
  },
  {
    "name": "MessagingSessionFeed",
    "custom": false
  },
  {
    "name": "MessagingSessionHistory",
    "custom": false
  },
  {
    "name": "MessagingSessionShare",
    "custom": false
  },
  {
    "name": "MilestoneType",
    "custom": false
  },
  {
    "name": "MlIntentUtterance",
    "custom": false
  },
  {
    "name": "MobileApplicationDetail",
    "custom": false
  },
  {
    "name": "MobileSettingsAssignment",
    "custom": false
  },
  {
    "name": "MsgChannelLanguageKeyword",
    "custom": false
  },
  {
    "name": "MutingPermissionSet",
    "custom": false
  },
  {
    "name": "MyDomainDiscoverableLogin",
    "custom": false
  },
  {
    "name": "Name",
    "custom": false
  },
  {
    "name": "NamedCredential",
    "custom": false
  },
  {
    "name": "NavigationLinkSet",
    "custom": false
  },
  {
    "name": "NavigationMenuItem",
    "custom": false
  },
  {
    "name": "NavigationMenuItemLocalization",
    "custom": false
  },
  {
    "name": "Network",
    "custom": false
  },
  {
    "name": "NetworkActivityAudit",
    "custom": false
  },
  {
    "name": "NetworkAffinity",
    "custom": false
  },
  {
    "name": "NetworkDiscoverableLogin",
    "custom": false
  },
  {
    "name": "NetworkMember",
    "custom": false
  },
  {
    "name": "NetworkMemberGroup",
    "custom": false
  },
  {
    "name": "NetworkModeration",
    "custom": false
  },
  {
    "name": "NetworkPageOverride",
    "custom": false
  },
  {
    "name": "NetworkSelfRegistration",
    "custom": false
  },
  {
    "name": "NetworkUserHistoryRecent",
    "custom": false
  },
  {
    "name": "Note",
    "custom": false
  },
  {
    "name": "NoteAndAttachment",
    "custom": false
  },
  {
    "name": "OauthCustomScope",
    "custom": false
  },
  {
    "name": "OauthToken",
    "custom": false
  },
  {
    "name": "ObjectPermissions",
    "custom": false
  },
  {
    "name": "ObjectTerritory2AssignmentRule",
    "custom": false
  },
  {
    "name": "ObjectTerritory2AssignmentRuleItem",
    "custom": false
  },
  {
    "name": "ObjectTerritory2Association",
    "custom": false
  },
  {
    "name": "OmniSupervisorConfig",
    "custom": false
  },
  {
    "name": "OmniSupervisorConfigGroup",
    "custom": false
  },
  {
    "name": "OmniSupervisorConfigProfile",
    "custom": false
  },
  {
    "name": "OmniSupervisorConfigUser",
    "custom": false
  },
  {
    "name": "OnboardingMetrics",
    "custom": false
  },
  {
    "name": "OpenActivity",
    "custom": false
  },
  {
    "name": "OperatingHours",
    "custom": false
  },
  {
    "name": "OperatingHoursFeed",
    "custom": false
  },
  {
    "name": "Opportunity",
    "custom": false
  },
  {
    "name": "OpportunityChangeEvent",
    "custom": false
  },
  {
    "name": "OpportunityCompetitor",
    "custom": false
  },
  {
    "name": "OpportunityContactRole",
    "custom": false
  },
  {
    "name": "OpportunityContactRoleChangeEvent",
    "custom": false
  },
  {
    "name": "OpportunityFeed",
    "custom": false
  },
  {
    "name": "OpportunityFieldHistory",
    "custom": false
  },
  {
    "name": "OpportunityHistory",
    "custom": false
  },
  {
    "name": "OpportunityLineItem",
    "custom": false
  },
  {
    "name": "OpportunityPartner",
    "custom": false
  },
  {
    "name": "OpportunityShare",
    "custom": false
  },
  {
    "name": "OpportunityStage",
    "custom": false
  },
  {
    "name": "OpportunityTeamMember",
    "custom": false
  },
  {
    "name": "OpportunityTeamMemberHistory",
    "custom": false
  },
  {
    "name": "Order",
    "custom": false
  },
  {
    "name": "OrderChangeEvent",
    "custom": false
  },
  {
    "name": "OrderFeed",
    "custom": false
  },
  {
    "name": "OrderHistory",
    "custom": false
  },
  {
    "name": "OrderItem",
    "custom": false
  },
  {
    "name": "OrderItemChangeEvent",
    "custom": false
  },
  {
    "name": "OrderItemFeed",
    "custom": false
  },
  {
    "name": "OrderItemHistory",
    "custom": false
  },
  {
    "name": "OrderShare",
    "custom": false
  },
  {
    "name": "OrderStatus",
    "custom": false
  },
  {
    "name": "OrgDeleteRequest",
    "custom": false
  },
  {
    "name": "OrgDeleteRequestShare",
    "custom": false
  },
  {
    "name": "OrgLifecycleNotification",
    "custom": false
  },
  {
    "name": "OrgMetric",
    "custom": false
  },
  {
    "name": "OrgMetricScanResult",
    "custom": false
  },
  {
    "name": "OrgMetricScanSummary",
    "custom": false
  },
  {
    "name": "OrgWideEmailAddress",
    "custom": false
  },
  {
    "name": "Organization",
    "custom": false
  },
  {
    "name": "OutgoingEmail",
    "custom": false
  },
  {
    "name": "OutgoingEmailRelation",
    "custom": false
  },
  {
    "name": "OwnedContentDocument",
    "custom": false
  },
  {
    "name": "OwnerChangeOptionInfo",
    "custom": false
  },
  {
    "name": "PackageLicense",
    "custom": false
  },
  {
    "name": "Partner",
    "custom": false
  },
  {
    "name": "PartnerFundAllocation",
    "custom": false
  },
  {
    "name": "PartnerFundAllocationFeed",
    "custom": false
  },
  {
    "name": "PartnerFundAllocationHistory",
    "custom": false
  },
  {
    "name": "PartnerFundAllocationShare",
    "custom": false
  },
  {
    "name": "PartnerFundClaim",
    "custom": false
  },
  {
    "name": "PartnerFundClaimFeed",
    "custom": false
  },
  {
    "name": "PartnerFundClaimHistory",
    "custom": false
  },
  {
    "name": "PartnerFundClaimShare",
    "custom": false
  },
  {
    "name": "PartnerFundRequest",
    "custom": false
  },
  {
    "name": "PartnerFundRequestFeed",
    "custom": false
  },
  {
    "name": "PartnerFundRequestHistory",
    "custom": false
  },
  {
    "name": "PartnerFundRequestShare",
    "custom": false
  },
  {
    "name": "PartnerMarketingBudget",
    "custom": false
  },
  {
    "name": "PartnerMarketingBudgetFeed",
    "custom": false
  },
  {
    "name": "PartnerMarketingBudgetHistory",
    "custom": false
  },
  {
    "name": "PartnerMarketingBudgetShare",
    "custom": false
  },
  {
    "name": "PartnerNetworkConnection",
    "custom": false
  },
  {
    "name": "PartnerNetworkRecordConnection",
    "custom": false
  },
  {
    "name": "PartnerRole",
    "custom": false
  },
  {
    "name": "PartyConsent",
    "custom": false
  },
  {
    "name": "PartyConsentChangeEvent",
    "custom": false
  },
  {
    "name": "PartyConsentFeed",
    "custom": false
  },
  {
    "name": "PartyConsentHistory",
    "custom": false
  },
  {
    "name": "PartyConsentShare",
    "custom": false
  },
  {
    "name": "Payment",
    "custom": false
  },
  {
    "name": "PaymentAuthorization",
    "custom": false
  },
  {
    "name": "PaymentGateway",
    "custom": false
  },
  {
    "name": "PaymentGatewayLog",
    "custom": false
  },
  {
    "name": "PaymentGatewayProvider",
    "custom": false
  },
  {
    "name": "PaymentGroup",
    "custom": false
  },
  {
    "name": "PaymentLineInvoice",
    "custom": false
  },
  {
    "name": "PaymentMethod",
    "custom": false
  },
  {
    "name": "PendingServiceRouting",
    "custom": false
  },
  {
    "name": "PendingServiceRoutingShare",
    "custom": false
  },
  {
    "name": "Period",
    "custom": false
  },
  {
    "name": "PermissionSet",
    "custom": false
  },
  {
    "name": "PermissionSetAssignment",
    "custom": false
  },
  {
    "name": "PermissionSetEvent",
    "custom": false
  },
  {
    "name": "PermissionSetEventStore",
    "custom": false
  },
  {
    "name": "PermissionSetGroup",
    "custom": false
  },
  {
    "name": "PermissionSetGroupComponent",
    "custom": false
  },
  {
    "name": "PermissionSetLicense",
    "custom": false
  },
  {
    "name": "PermissionSetLicenseAssign",
    "custom": false
  },
  {
    "name": "PermissionSetTabSetting",
    "custom": false
  },
  {
    "name": "PersonalizationTargetInfo",
    "custom": false
  },
  {
    "name": "PicklistValueInfo",
    "custom": false
  },
  {
    "name": "PlatformAction",
    "custom": false
  },
  {
    "name": "PlatformCachePartition",
    "custom": false
  },
  {
    "name": "PlatformCachePartitionType",
    "custom": false
  },
  {
    "name": "PlatformStatusAlertEvent",
    "custom": false
  },
  {
    "name": "PortalDelegablePermissionSet",
    "custom": false
  },
  {
    "name": "PresenceConfigDeclineReason",
    "custom": false
  },
  {
    "name": "PresenceDeclineReason",
    "custom": false
  },
  {
    "name": "PresenceUserConfig",
    "custom": false
  },
  {
    "name": "PresenceUserConfigProfile",
    "custom": false
  },
  {
    "name": "PresenceUserConfigUser",
    "custom": false
  },
  {
    "name": "Pricebook2",
    "custom": false
  },
  {
    "name": "Pricebook2ChangeEvent",
    "custom": false
  },
  {
    "name": "Pricebook2History",
    "custom": false
  },
  {
    "name": "PricebookEntry",
    "custom": false
  },
  {
    "name": "PricebookEntryHistory",
    "custom": false
  },
  {
    "name": "ProcessDefinition",
    "custom": false
  },
  {
    "name": "ProcessInstance",
    "custom": false
  },
  {
    "name": "ProcessInstanceHistory",
    "custom": false
  },
  {
    "name": "ProcessInstanceNode",
    "custom": false
  },
  {
    "name": "ProcessInstanceStep",
    "custom": false
  },
  {
    "name": "ProcessInstanceWorkitem",
    "custom": false
  },
  {
    "name": "ProcessNode",
    "custom": false
  },
  {
    "name": "Product2",
    "custom": false
  },
  {
    "name": "Product2ChangeEvent",
    "custom": false
  },
  {
    "name": "Product2Feed",
    "custom": false
  },
  {
    "name": "Product2History",
    "custom": false
  },
  {
    "name": "ProductConsumed",
    "custom": false
  },
  {
    "name": "ProductConsumedChangeEvent",
    "custom": false
  },
  {
    "name": "ProductConsumedFeed",
    "custom": false
  },
  {
    "name": "ProductConsumedHistory",
    "custom": false
  },
  {
    "name": "ProductConsumptionSchedule",
    "custom": false
  },
  {
    "name": "ProductEntitlementTemplate",
    "custom": false
  },
  {
    "name": "ProductItem",
    "custom": false
  },
  {
    "name": "ProductItemChangeEvent",
    "custom": false
  },
  {
    "name": "ProductItemFeed",
    "custom": false
  },
  {
    "name": "ProductItemHistory",
    "custom": false
  },
  {
    "name": "ProductItemShare",
    "custom": false
  },
  {
    "name": "ProductItemTransaction",
    "custom": false
  },
  {
    "name": "ProductItemTransactionFeed",
    "custom": false
  },
  {
    "name": "ProductItemTransactionHistory",
    "custom": false
  },
  {
    "name": "ProductRequest",
    "custom": false
  },
  {
    "name": "ProductRequestChangeEvent",
    "custom": false
  },
  {
    "name": "ProductRequestFeed",
    "custom": false
  },
  {
    "name": "ProductRequestHistory",
    "custom": false
  },
  {
    "name": "ProductRequestLineItem",
    "custom": false
  },
  {
    "name": "ProductRequestLineItemChangeEvent",
    "custom": false
  },
  {
    "name": "ProductRequestLineItemFeed",
    "custom": false
  },
  {
    "name": "ProductRequestLineItemHistory",
    "custom": false
  },
  {
    "name": "ProductRequestShare",
    "custom": false
  },
  {
    "name": "ProductRequired",
    "custom": false
  },
  {
    "name": "ProductRequiredFeed",
    "custom": false
  },
  {
    "name": "ProductRequiredHistory",
    "custom": false
  },
  {
    "name": "ProductTransfer",
    "custom": false
  },
  {
    "name": "ProductTransferChangeEvent",
    "custom": false
  },
  {
    "name": "ProductTransferFeed",
    "custom": false
  },
  {
    "name": "ProductTransferHistory",
    "custom": false
  },
  {
    "name": "ProductTransferShare",
    "custom": false
  },
  {
    "name": "Profile",
    "custom": false
  },
  {
    "name": "Prompt",
    "custom": false
  },
  {
    "name": "PromptAction",
    "custom": false
  },
  {
    "name": "PromptActionShare",
    "custom": false
  },
  {
    "name": "PromptLocalization",
    "custom": false
  },
  {
    "name": "PromptVersion",
    "custom": false
  },
  {
    "name": "PromptVersionLocalization",
    "custom": false
  },
  {
    "name": "Publisher",
    "custom": false
  },
  {
    "name": "PushTopic",
    "custom": false
  },
  {
    "name": "QueueRoutingConfig",
    "custom": false
  },
  {
    "name": "QueueSobject",
    "custom": false
  },
  {
    "name": "QuickText",
    "custom": false
  },
  {
    "name": "QuickTextChangeEvent",
    "custom": false
  },
  {
    "name": "QuickTextHistory",
    "custom": false
  },
  {
    "name": "QuickTextShare",
    "custom": false
  },
  {
    "name": "QuickTextUsage",
    "custom": false
  },
  {
    "name": "QuickTextUsageShare",
    "custom": false
  },
  {
    "name": "QuoteTemplateRichTextData",
    "custom": false
  },
  {
    "name": "RecentlyViewed",
    "custom": false
  },
  {
    "name": "Recommendation",
    "custom": false
  },
  {
    "name": "RecommendationChangeEvent",
    "custom": false
  },
  {
    "name": "RecordAction",
    "custom": false
  },
  {
    "name": "RecordActionHistory",
    "custom": false
  },
  {
    "name": "RecordType",
    "custom": false
  },
  {
    "name": "RecordTypeLocalization",
    "custom": false
  },
  {
    "name": "RedirectWhitelistUrl",
    "custom": false
  },
  {
    "name": "Refund",
    "custom": false
  },
  {
    "name": "RefundLinePayment",
    "custom": false
  },
  {
    "name": "RelationshipDomain",
    "custom": false
  },
  {
    "name": "RelationshipInfo",
    "custom": false
  },
  {
    "name": "RemoteKeyCalloutEvent",
    "custom": false
  },
  {
    "name": "Report",
    "custom": false
  },
  {
    "name": "ReportEvent",
    "custom": false
  },
  {
    "name": "ReportEventStream",
    "custom": false
  },
  {
    "name": "ReportFeed",
    "custom": false
  },
  {
    "name": "ReputationLevel",
    "custom": false
  },
  {
    "name": "ReputationLevelLocalization",
    "custom": false
  },
  {
    "name": "ReputationPointsRule",
    "custom": false
  },
  {
    "name": "ResourceAbsence",
    "custom": false
  },
  {
    "name": "ResourceAbsenceChangeEvent",
    "custom": false
  },
  {
    "name": "ResourceAbsenceFeed",
    "custom": false
  },
  {
    "name": "ResourceAbsenceHistory",
    "custom": false
  },
  {
    "name": "ResourcePreference",
    "custom": false
  },
  {
    "name": "ResourcePreferenceFeed",
    "custom": false
  },
  {
    "name": "ResourcePreferenceHistory",
    "custom": false
  },
  {
    "name": "ReturnOrder",
    "custom": false
  },
  {
    "name": "ReturnOrderChangeEvent",
    "custom": false
  },
  {
    "name": "ReturnOrderFeed",
    "custom": false
  },
  {
    "name": "ReturnOrderHistory",
    "custom": false
  },
  {
    "name": "ReturnOrderLineItem",
    "custom": false
  },
  {
    "name": "ReturnOrderLineItemChangeEvent",
    "custom": false
  },
  {
    "name": "ReturnOrderLineItemFeed",
    "custom": false
  },
  {
    "name": "ReturnOrderLineItemHistory",
    "custom": false
  },
  {
    "name": "ReturnOrderShare",
    "custom": false
  },
  {
    "name": "RuleTerritory2Association",
    "custom": false
  },
  {
    "name": "SPSamlAttributes",
    "custom": false
  },
  {
    "name": "SamlSsoConfig",
    "custom": false
  },
  {
    "name": "Scontrol",
    "custom": false
  },
  {
    "name": "ScontrolLocalization",
    "custom": false
  },
  {
    "name": "SearchLayout",
    "custom": false
  },
  {
    "name": "SearchPromotionRule",
    "custom": false
  },
  {
    "name": "SecurityCustomBaseline",
    "custom": false
  },
  {
    "name": "ServiceAppointment",
    "custom": false
  },
  {
    "name": "ServiceAppointmentChangeEvent",
    "custom": false
  },
  {
    "name": "ServiceAppointmentFeed",
    "custom": false
  },
  {
    "name": "ServiceAppointmentHistory",
    "custom": false
  },
  {
    "name": "ServiceAppointmentShare",
    "custom": false
  },
  {
    "name": "ServiceAppointmentStatus",
    "custom": false
  },
  {
    "name": "ServiceChannel",
    "custom": false
  },
  {
    "name": "ServiceChannelStatus",
    "custom": false
  },
  {
    "name": "ServiceContract",
    "custom": false
  },
  {
    "name": "ServiceContractChangeEvent",
    "custom": false
  },
  {
    "name": "ServiceContractFeed",
    "custom": false
  },
  {
    "name": "ServiceContractHistory",
    "custom": false
  },
  {
    "name": "ServiceContractShare",
    "custom": false
  },
  {
    "name": "ServiceCrew",
    "custom": false
  },
  {
    "name": "ServiceCrewChangeEvent",
    "custom": false
  },
  {
    "name": "ServiceCrewFeed",
    "custom": false
  },
  {
    "name": "ServiceCrewHistory",
    "custom": false
  },
  {
    "name": "ServiceCrewMember",
    "custom": false
  },
  {
    "name": "ServiceCrewMemberChangeEvent",
    "custom": false
  },
  {
    "name": "ServiceCrewMemberFeed",
    "custom": false
  },
  {
    "name": "ServiceCrewMemberHistory",
    "custom": false
  },
  {
    "name": "ServiceCrewShare",
    "custom": false
  },
  {
    "name": "ServicePresenceStatus",
    "custom": false
  },
  {
    "name": "ServiceReport",
    "custom": false
  },
  {
    "name": "ServiceReportHistory",
    "custom": false
  },
  {
    "name": "ServiceReportLayout",
    "custom": false
  },
  {
    "name": "ServiceResource",
    "custom": false
  },
  {
    "name": "ServiceResourceCapacity",
    "custom": false
  },
  {
    "name": "ServiceResourceCapacityFeed",
    "custom": false
  },
  {
    "name": "ServiceResourceCapacityHistory",
    "custom": false
  },
  {
    "name": "ServiceResourceChangeEvent",
    "custom": false
  },
  {
    "name": "ServiceResourceFeed",
    "custom": false
  },
  {
    "name": "ServiceResourceHistory",
    "custom": false
  },
  {
    "name": "ServiceResourceShare",
    "custom": false
  },
  {
    "name": "ServiceResourceSkill",
    "custom": false
  },
  {
    "name": "ServiceResourceSkillFeed",
    "custom": false
  },
  {
    "name": "ServiceResourceSkillHistory",
    "custom": false
  },
  {
    "name": "ServiceTerritory",
    "custom": false
  },
  {
    "name": "ServiceTerritoryChangeEvent",
    "custom": false
  },
  {
    "name": "ServiceTerritoryFeed",
    "custom": false
  },
  {
    "name": "ServiceTerritoryHistory",
    "custom": false
  },
  {
    "name": "ServiceTerritoryLocation",
    "custom": false
  },
  {
    "name": "ServiceTerritoryLocationFeed",
    "custom": false
  },
  {
    "name": "ServiceTerritoryLocationHistory",
    "custom": false
  },
  {
    "name": "ServiceTerritoryMember",
    "custom": false
  },
  {
    "name": "ServiceTerritoryMemberChangeEvent",
    "custom": false
  },
  {
    "name": "ServiceTerritoryMemberFeed",
    "custom": false
  },
  {
    "name": "ServiceTerritoryMemberHistory",
    "custom": false
  },
  {
    "name": "ServiceTerritoryShare",
    "custom": false
  },
  {
    "name": "SessionPermSetActivation",
    "custom": false
  },
  {
    "name": "SetupAuditTrail",
    "custom": false
  },
  {
    "name": "SetupEntityAccess",
    "custom": false
  },
  {
    "name": "Shift",
    "custom": false
  },
  {
    "name": "ShiftFeed",
    "custom": false
  },
  {
    "name": "ShiftHistory",
    "custom": false
  },
  {
    "name": "ShiftShare",
    "custom": false
  },
  {
    "name": "ShiftStatus",
    "custom": false
  },
  {
    "name": "Shipment",
    "custom": false
  },
  {
    "name": "ShipmentChangeEvent",
    "custom": false
  },
  {
    "name": "ShipmentFeed",
    "custom": false
  },
  {
    "name": "ShipmentHistory",
    "custom": false
  },
  {
    "name": "ShipmentShare",
    "custom": false
  },
  {
    "name": "Site",
    "custom": false
  },
  {
    "name": "SiteDetail",
    "custom": false
  },
  {
    "name": "SiteFeed",
    "custom": false
  },
  {
    "name": "SiteHistory",
    "custom": false
  },
  {
    "name": "SiteIframeWhiteListUrl",
    "custom": false
  },
  {
    "name": "Skill",
    "custom": false
  },
  {
    "name": "SkillProfile",
    "custom": false
  },
  {
    "name": "SkillRequirement",
    "custom": false
  },
  {
    "name": "SkillRequirementFeed",
    "custom": false
  },
  {
    "name": "SkillRequirementHistory",
    "custom": false
  },
  {
    "name": "SkillUser",
    "custom": false
  },
  {
    "name": "SlaProcess",
    "custom": false
  },
  {
    "name": "Solution",
    "custom": false
  },
  {
    "name": "SolutionFeed",
    "custom": false
  },
  {
    "name": "SolutionHistory",
    "custom": false
  },
  {
    "name": "SolutionStatus",
    "custom": false
  },
  {
    "name": "Stamp",
    "custom": false
  },
  {
    "name": "StampAssignment",
    "custom": false
  },
  {
    "name": "StampLocalization",
    "custom": false
  },
  {
    "name": "StaticResource",
    "custom": false
  },
  {
    "name": "StreamingChannel",
    "custom": false
  },
  {
    "name": "StreamingChannelShare",
    "custom": false
  },
  {
    "name": "SupervisorAgentConfigSkill",
    "custom": false
  },
  {
    "name": "TabDefinition",
    "custom": false
  },
  {
    "name": "Task",
    "custom": false
  },
  {
    "name": "TaskChangeEvent",
    "custom": false
  },
  {
    "name": "TaskFeed",
    "custom": false
  },
  {
    "name": "TaskPriority",
    "custom": false
  },
  {
    "name": "TaskRecurrenceException",
    "custom": false
  },
  {
    "name": "TaskRelation",
    "custom": false
  },
  {
    "name": "TaskRelationChangeEvent",
    "custom": false
  },
  {
    "name": "TaskStatus",
    "custom": false
  },
  {
    "name": "TaskWhoRelation",
    "custom": false
  },
  {
    "name": "TenantSecret",
    "custom": false
  },
  {
    "name": "TenantUsageEntitlement",
    "custom": false
  },
  {
    "name": "Territory2",
    "custom": false
  },
  {
    "name": "Territory2Model",
    "custom": false
  },
  {
    "name": "Territory2ModelFeed",
    "custom": false
  },
  {
    "name": "Territory2ModelHistory",
    "custom": false
  },
  {
    "name": "Territory2Type",
    "custom": false
  },
  {
    "name": "TestSuiteMembership",
    "custom": false
  },
  {
    "name": "ThirdPartyAccountLink",
    "custom": false
  },
  {
    "name": "TimeSheet",
    "custom": false
  },
  {
    "name": "TimeSheetChangeEvent",
    "custom": false
  },
  {
    "name": "TimeSheetEntry",
    "custom": false
  },
  {
    "name": "TimeSheetEntryChangeEvent",
    "custom": false
  },
  {
    "name": "TimeSheetEntryFeed",
    "custom": false
  },
  {
    "name": "TimeSheetEntryHistory",
    "custom": false
  },
  {
    "name": "TimeSheetFeed",
    "custom": false
  },
  {
    "name": "TimeSheetHistory",
    "custom": false
  },
  {
    "name": "TimeSheetShare",
    "custom": false
  },
  {
    "name": "TimeSlot",
    "custom": false
  },
  {
    "name": "TodayGoal",
    "custom": false
  },
  {
    "name": "TodayGoalShare",
    "custom": false
  },
  {
    "name": "Topic",
    "custom": false
  },
  {
    "name": "TopicAssignment",
    "custom": false
  },
  {
    "name": "TopicFeed",
    "custom": false
  },
  {
    "name": "TopicLocalization",
    "custom": false
  },
  {
    "name": "TopicUserEvent",
    "custom": false
  },
  {
    "name": "TransactionSecurityPolicy",
    "custom": false
  },
  {
    "name": "Translation",
    "custom": false
  },
  {
    "name": "UiFormulaCriterion",
    "custom": false
  },
  {
    "name": "UiFormulaRule",
    "custom": false
  },
  {
    "name": "UndecidedEventRelation",
    "custom": false
  },
  {
    "name": "UriEvent",
    "custom": false
  },
  {
    "name": "UriEventStream",
    "custom": false
  },
  {
    "name": "User",
    "custom": false
  },
  {
    "name": "UserAccountTeamMember",
    "custom": false
  },
  {
    "name": "UserAppInfo",
    "custom": false
  },
  {
    "name": "UserAppMenuCustomization",
    "custom": false
  },
  {
    "name": "UserAppMenuCustomizationShare",
    "custom": false
  },
  {
    "name": "UserAppMenuItem",
    "custom": false
  },
  {
    "name": "UserChangeEvent",
    "custom": false
  },
  {
    "name": "UserConfigTransferButton",
    "custom": false
  },
  {
    "name": "UserConfigTransferSkill",
    "custom": false
  },
  {
    "name": "UserCustomBadge",
    "custom": false
  },
  {
    "name": "UserCustomBadgeLocalization",
    "custom": false
  },
  {
    "name": "UserEmailPreferredPerson",
    "custom": false
  },
  {
    "name": "UserEmailPreferredPersonShare",
    "custom": false
  },
  {
    "name": "UserEntityAccess",
    "custom": false
  },
  {
    "name": "UserFeed",
    "custom": false
  },
  {
    "name": "UserFieldAccess",
    "custom": false
  },
  {
    "name": "UserLicense",
    "custom": false
  },
  {
    "name": "UserListView",
    "custom": false
  },
  {
    "name": "UserListViewCriterion",
    "custom": false
  },
  {
    "name": "UserLogin",
    "custom": false
  },
  {
    "name": "UserPackageLicense",
    "custom": false
  },
  {
    "name": "UserPermissionAccess",
    "custom": false
  },
  {
    "name": "UserPreference",
    "custom": false
  },
  {
    "name": "UserProvAccount",
    "custom": false
  },
  {
    "name": "UserProvAccountStaging",
    "custom": false
  },
  {
    "name": "UserProvMockTarget",
    "custom": false
  },
  {
    "name": "UserProvisioningConfig",
    "custom": false
  },
  {
    "name": "UserProvisioningLog",
    "custom": false
  },
  {
    "name": "UserProvisioningRequest",
    "custom": false
  },
  {
    "name": "UserProvisioningRequestShare",
    "custom": false
  },
  {
    "name": "UserRecordAccess",
    "custom": false
  },
  {
    "name": "UserRole",
    "custom": false
  },
  {
    "name": "UserServicePresence",
    "custom": false
  },
  {
    "name": "UserServicePresenceShare",
    "custom": false
  },
  {
    "name": "UserSetupEntityAccess",
    "custom": false
  },
  {
    "name": "UserShare",
    "custom": false
  },
  {
    "name": "UserTeamMember",
    "custom": false
  },
  {
    "name": "UserTerritory2Association",
    "custom": false
  },
  {
    "name": "VerificationHistory",
    "custom": false
  },
  {
    "name": "VisualforceAccessMetrics",
    "custom": false
  },
  {
    "name": "Vote",
    "custom": false
  },
  {
    "name": "WebLink",
    "custom": false
  },
  {
    "name": "WebLinkLocalization",
    "custom": false
  },
  {
    "name": "WorkOrder",
    "custom": false
  },
  {
    "name": "WorkOrderChangeEvent",
    "custom": false
  },
  {
    "name": "WorkOrderFeed",
    "custom": false
  },
  {
    "name": "WorkOrderHistory",
    "custom": false
  },
  {
    "name": "WorkOrderLineItem",
    "custom": false
  },
  {
    "name": "WorkOrderLineItemChangeEvent",
    "custom": false
  },
  {
    "name": "WorkOrderLineItemFeed",
    "custom": false
  },
  {
    "name": "WorkOrderLineItemHistory",
    "custom": false
  },
  {
    "name": "WorkOrderLineItemStatus",
    "custom": false
  },
  {
    "name": "WorkOrderShare",
    "custom": false
  },
  {
    "name": "WorkOrderStatus",
    "custom": false
  },
  {
    "name": "WorkType",
    "custom": false
  },
  {
    "name": "WorkTypeChangeEvent",
    "custom": false
  },
  {
    "name": "WorkTypeFeed",
    "custom": false
  },
  {
    "name": "WorkTypeGroup",
    "custom": false
  },
  {
    "name": "WorkTypeGroupFeed",
    "custom": false
  },
  {
    "name": "WorkTypeGroupHistory",
    "custom": false
  },
  {
    "name": "WorkTypeGroupMember",
    "custom": false
  },
  {
    "name": "WorkTypeGroupMemberFeed",
    "custom": false
  },
  {
    "name": "WorkTypeGroupMemberHistory",
    "custom": false
  },
  {
    "name": "WorkTypeGroupShare",
    "custom": false
  },
  {
    "name": "WorkTypeHistory",
    "custom": false
  },
  {
    "name": "WorkTypeShare",
    "custom": false
  },
  {
    "name": "et4ae5__AggregateLink__ChangeEvent",
    "custom": false
  },
  {
    "name": "et4ae5__AggregateLink__Share",
    "custom": false
  },
  {
    "name": "et4ae5__AggregateLink__c",
    "custom": true
  },
  {
    "name": "et4ae5__Automated_Send__ChangeEvent",
    "custom": false
  },
  {
    "name": "et4ae5__Automated_Send__History",
    "custom": false
  },
  {
    "name": "et4ae5__Automated_Send__Share",
    "custom": false
  },
  {
    "name": "et4ae5__Automated_Send__c",
    "custom": true
  },
  {
    "name": "et4ae5__Business_Unit__ChangeEvent",
    "custom": false
  },
  {
    "name": "et4ae5__Business_Unit__Share",
    "custom": false
  },
  {
    "name": "et4ae5__Business_Unit__c",
    "custom": true
  },
  {
    "name": "et4ae5__Campaign_Member_Configuration__ChangeEvent",
    "custom": false
  },
  {
    "name": "et4ae5__Campaign_Member_Configuration__Share",
    "custom": false
  },
  {
    "name": "et4ae5__Campaign_Member_Configuration__c",
    "custom": true
  },
  {
    "name": "et4ae5__Configuration__ChangeEvent",
    "custom": false
  },
  {
    "name": "et4ae5__Configuration__Share",
    "custom": false
  },
  {
    "name": "et4ae5__Configuration__c",
    "custom": true
  },
  {
    "name": "et4ae5__ET4AEConfig__ChangeEvent",
    "custom": false
  },
  {
    "name": "et4ae5__ET4AEConfig__c",
    "custom": true
  },
  {
    "name": "et4ae5__ET4AE_Config__ChangeEvent",
    "custom": false
  },
  {
    "name": "et4ae5__ET4AE_Config__c",
    "custom": true
  },
  {
    "name": "et4ae5__Email_Linkage__ChangeEvent",
    "custom": false
  },
  {
    "name": "et4ae5__Email_Linkage__Share",
    "custom": false
  },
  {
    "name": "et4ae5__Email_Linkage__c",
    "custom": true
  },
  {
    "name": "et4ae5__IndividualEmailResult__ChangeEvent",
    "custom": false
  },
  {
    "name": "et4ae5__IndividualEmailResult__Share",
    "custom": false
  },
  {
    "name": "et4ae5__IndividualEmailResult__c",
    "custom": true
  },
  {
    "name": "et4ae5__IndividualLink__ChangeEvent",
    "custom": false
  },
  {
    "name": "et4ae5__IndividualLink__Share",
    "custom": false
  },
  {
    "name": "et4ae5__IndividualLink__c",
    "custom": true
  },
  {
    "name": "et4ae5__JB_CDC_Event__e",
    "custom": true
  },
  {
    "name": "et4ae5__JB_Event__e",
    "custom": true
  },
  {
    "name": "et4ae5__JB_Flow_Event__e",
    "custom": true
  },
  {
    "name": "et4ae5__MC_CDC_Journey__ChangeEvent",
    "custom": false
  },
  {
    "name": "et4ae5__MC_CDC_Journey__Share",
    "custom": false
  },
  {
    "name": "et4ae5__MC_CDC_Journey__c",
    "custom": true
  },
  {
    "name": "et4ae5__SMSDefinition__ChangeEvent",
    "custom": false
  },
  {
    "name": "et4ae5__SMSDefinition__History",
    "custom": false
  },
  {
    "name": "et4ae5__SMSDefinition__Share",
    "custom": false
  },
  {
    "name": "et4ae5__SMSDefinition__c",
    "custom": true
  },
  {
    "name": "et4ae5__SMSJunction__ChangeEvent",
    "custom": false
  },
  {
    "name": "et4ae5__SMSJunction__c",
    "custom": true
  },
  {
    "name": "et4ae5__SendDefinition__ChangeEvent",
    "custom": false
  },
  {
    "name": "et4ae5__SendDefinition__History",
    "custom": false
  },
  {
    "name": "et4ae5__SendDefinition__Share",
    "custom": false
  },
  {
    "name": "et4ae5__SendDefinition__c",
    "custom": true
  },
  {
    "name": "et4ae5__SendJunction__ChangeEvent",
    "custom": false
  },
  {
    "name": "et4ae5__SendJunction__c",
    "custom": true
  },
  {
    "name": "et4ae5__SupportRequest__ChangeEvent",
    "custom": false
  },
  {
    "name": "et4ae5__SupportRequest__c",
    "custom": true
  },
  {
    "name": "et4ae5__Triggered_Send_Execution__ChangeEvent",
    "custom": false
  },
  {
    "name": "et4ae5__Triggered_Send_Execution__Share",
    "custom": false
  },
  {
    "name": "et4ae5__Triggered_Send_Execution__c",
    "custom": true
  },
  {
    "name": "et4ae5__UEBU__ChangeEvent",
    "custom": false
  },
  {
    "name": "et4ae5__UEBU__c",
    "custom": true
  },
  {
    "name": "et4ae5__abTest__ChangeEvent",
    "custom": false
  },
  {
    "name": "et4ae5__abTest__Share",
    "custom": false
  },
  {
    "name": "et4ae5__abTest__c",
    "custom": true
  },
  {
    "name": "mcdm_15__ApprovalsPageSettings__ChangeEvent",
    "custom": false
  },
  {
    "name": "mcdm_15__ApprovalsPageSettings__Share",
    "custom": false
  },
  {
    "name": "mcdm_15__ApprovalsPageSettings__c",
    "custom": true
  },
  {
    "name": "mcdm_15__Blacklist__ChangeEvent",
    "custom": false
  },
  {
    "name": "mcdm_15__Blacklist__Share",
    "custom": false
  },
  {
    "name": "mcdm_15__Blacklist__c",
    "custom": true
  },
  {
    "name": "mcdm_15__Bulk_Send_Batch__ChangeEvent",
    "custom": false
  },
  {
    "name": "mcdm_15__Bulk_Send_Batch__History",
    "custom": false
  },
  {
    "name": "mcdm_15__Bulk_Send_Batch__c",
    "custom": true
  },
  {
    "name": "mcdm_15__Bulk_Send_Job__ChangeEvent",
    "custom": false
  },
  {
    "name": "mcdm_15__Bulk_Send_Job__History",
    "custom": false
  },
  {
    "name": "mcdm_15__Bulk_Send_Job__Share",
    "custom": false
  },
  {
    "name": "mcdm_15__Bulk_Send_Job__c",
    "custom": true
  },
  {
    "name": "mcdm_15__CampaignMemberSortField__ChangeEvent",
    "custom": false
  },
  {
    "name": "mcdm_15__CampaignMemberSortField__c",
    "custom": true
  },
  {
    "name": "mcdm_15__DMAsyncSendJobResult__ChangeEvent",
    "custom": false
  },
  {
    "name": "mcdm_15__DMAsyncSendJobResult__Share",
    "custom": false
  },
  {
    "name": "mcdm_15__DMAsyncSendJobResult__c",
    "custom": true
  },
  {
    "name": "mcdm_15__DMAsyncSendMemberError__ChangeEvent",
    "custom": false
  },
  {
    "name": "mcdm_15__DMAsyncSendMemberError__Share",
    "custom": false
  },
  {
    "name": "mcdm_15__DMAsyncSendMemberError__c",
    "custom": true
  },
  {
    "name": "mcdm_15__DMTenantSpecificEndpointSupport__ChangeEvent",
    "custom": false
  },
  {
    "name": "mcdm_15__DMTenantSpecificEndpointSupport__c",
    "custom": true
  },
  {
    "name": "mcdm_15__DMUserFavorite__ChangeEvent",
    "custom": false
  },
  {
    "name": "mcdm_15__DMUserFavorite__Share",
    "custom": false
  },
  {
    "name": "mcdm_15__DMUserFavorite__c",
    "custom": true
  },
  {
    "name": "mcdm_15__DM_Activity_Log__ChangeEvent",
    "custom": false
  },
  {
    "name": "mcdm_15__DM_Activity_Log__History",
    "custom": false
  },
  {
    "name": "mcdm_15__DM_Activity_Log__Share",
    "custom": false
  },
  {
    "name": "mcdm_15__DM_Activity_Log__c",
    "custom": true
  },
  {
    "name": "mcdm_15__DM_Auto_Send__ChangeEvent",
    "custom": false
  },
  {
    "name": "mcdm_15__DM_Auto_Send__Share",
    "custom": false
  },
  {
    "name": "mcdm_15__DM_Auto_Send__c",
    "custom": true
  },
  {
    "name": "mcdm_15__DefaultCampaignPersonalization__ChangeEvent",
    "custom": false
  },
  {
    "name": "mcdm_15__DefaultCampaignPersonalization__Share",
    "custom": false
  },
  {
    "name": "mcdm_15__DefaultCampaignPersonalization__c",
    "custom": true
  },
  {
    "name": "mcdm_15__DefaultPersonalizationSettings__ChangeEvent",
    "custom": false
  },
  {
    "name": "mcdm_15__DefaultPersonalizationSettings__Share",
    "custom": false
  },
  {
    "name": "mcdm_15__DefaultPersonalizationSettings__c",
    "custom": true
  },
  {
    "name": "mcdm_15__GreetingMapping__ChangeEvent",
    "custom": false
  },
  {
    "name": "mcdm_15__GreetingMapping__Share",
    "custom": false
  },
  {
    "name": "mcdm_15__GreetingMapping__c",
    "custom": true
  },
  {
    "name": "mcdm_15__JourneyApprovalsPlugin__ChangeEvent",
    "custom": false
  },
  {
    "name": "mcdm_15__JourneyApprovalsPlugin__Share",
    "custom": false
  },
  {
    "name": "mcdm_15__JourneyApprovalsPlugin__c",
    "custom": true
  },
  {
    "name": "mcdm_15__LinkedBusinessUnit__ChangeEvent",
    "custom": false
  },
  {
    "name": "mcdm_15__LinkedBusinessUnit__Share",
    "custom": false
  },
  {
    "name": "mcdm_15__LinkedBusinessUnit__c",
    "custom": true
  },
  {
    "name": "mcdm_15__MarketingCloudJourney__ChangeEvent",
    "custom": false
  },
  {
    "name": "mcdm_15__MarketingCloudJourney__x",
    "custom": true
  },
  {
    "name": "mcdm_15__MarketingCloudLinkedJourney__ChangeEvent",
    "custom": false
  },
  {
    "name": "mcdm_15__MarketingCloudLinkedJourney__Share",
    "custom": false
  },
  {
    "name": "mcdm_15__MarketingCloudLinkedJourney__c",
    "custom": true
  },
  {
    "name": "mcdm_15__ObjectPlugin__ChangeEvent",
    "custom": false
  },
  {
    "name": "mcdm_15__ObjectPlugin__Share",
    "custom": false
  },
  {
    "name": "mcdm_15__ObjectPlugin__c",
    "custom": true
  },
  {
    "name": "mcdm_15__PersonalizationFieldMap__ChangeEvent",
    "custom": false
  },
  {
    "name": "mcdm_15__PersonalizationFieldMap__Share",
    "custom": false
  },
  {
    "name": "mcdm_15__PersonalizationFieldMap__c",
    "custom": true
  },
  {
    "name": "mcdm_15__QuickSendJourney__ChangeEvent",
    "custom": false
  },
  {
    "name": "mcdm_15__QuickSendJourney__Share",
    "custom": false
  },
  {
    "name": "mcdm_15__QuickSendJourney__c",
    "custom": true
  },
  {
    "name": "mcdm_15__ScheduledSendSubmission__ChangeEvent",
    "custom": false
  },
  {
    "name": "mcdm_15__ScheduledSendSubmission__c",
    "custom": true
  },
  {
    "name": "mcdm_15__ScheduledSend__ChangeEvent",
    "custom": false
  },
  {
    "name": "mcdm_15__ScheduledSend__History",
    "custom": false
  },
  {
    "name": "mcdm_15__ScheduledSend__Share",
    "custom": false
  },
  {
    "name": "mcdm_15__ScheduledSend__c",
    "custom": true
  },
  {
    "name": "mcdm_15__SendCapLog__ChangeEvent",
    "custom": false
  },
  {
    "name": "mcdm_15__SendCapLog__Share",
    "custom": false
  },
  {
    "name": "mcdm_15__SendCapLog__c",
    "custom": true
  },
  {
    "name": "mcdm_15__SubmissionP13n__ChangeEvent",
    "custom": false
  },
  {
    "name": "mcdm_15__SubmissionP13n__Share",
    "custom": false
  },
  {
    "name": "mcdm_15__SubmissionP13n__c",
    "custom": true
  },
  {
    "name": "mcdm_15__SubmissionSendSettings__ChangeEvent",
    "custom": false
  },
  {
    "name": "mcdm_15__SubmissionSendSettings__Share",
    "custom": false
  },
  {
    "name": "mcdm_15__SubmissionSendSettings__c",
    "custom": true
  },
  {
    "name": "mcdm_15__Submission__ChangeEvent",
    "custom": false
  },
  {
    "name": "mcdm_15__Submission__Share",
    "custom": false
  },
  {
    "name": "mcdm_15__Submission__c",
    "custom": true
  },
  {
    "name": "mcdm_15__ValidDomains__ChangeEvent",
    "custom": false
  },
  {
    "name": "mcdm_15__ValidDomains__Share",
    "custom": false
  },
  {
    "name": "mcdm_15__ValidDomains__c",
    "custom": true
  }
]