<?xml version="1.0" encoding="UTF-8"?>
<Flow xmlns="http://soap.sforce.com/2006/04/metadata">
    <interviewLabel>Get Chat Session {!$Flow.CurrentDateTime}</interviewLabel>
    <label>Get Chat Session</label>
    <processMetadataValues>
        <name>BuilderType</name>
        <value>
            <stringValue>LightningFlowBuilder</stringValue>
        </value>
    </processMetadataValues>
    <processMetadataValues>
        <name>OriginBuilderType</name>
        <value>
            <stringValue>LightningFlowBuilder</stringValue>
        </value>
    </processMetadataValues>
    <processType>AutoLaunchedFlow</processType>
    <recordLookups>
        <name>Get_LiveChatTranscript</name>
        <label>Get LiveChatTranscript</label>
        <locationX>397</locationX>
        <locationY>241</locationY>
        <assignNullValuesIfNoRecordsFound>false</assignNullValuesIfNoRecordsFound>
        <filters>
            <field>Id</field>
            <operator>EqualTo</operator>
            <value>
                <elementReference>strRoutableId</elementReference>
            </value>
        </filters>
        <object>LiveChatTranscript</object>
        <outputReference>objChatTranscript</outputReference>
        <queriedFields>Id</queriedFields>
        <queriedFields>ContactId</queriedFields>
        <queriedFields>AccountId</queriedFields>
    </recordLookups>
    <start>
        <locationX>50</locationX>
        <locationY>50</locationY>
        <connector>
            <targetReference>Get_LiveChatTranscript</targetReference>
        </connector>
    </start>
    <status>Active</status>
    <variables>
        <name>objChatTranscript</name>
        <dataType>SObject</dataType>
        <isCollection>false</isCollection>
        <isInput>false</isInput>
        <isOutput>true</isOutput>
        <objectType>LiveChatTranscript</objectType>
    </variables>
    <variables>
        <name>strRoutableId</name>
        <dataType>String</dataType>
        <isCollection>false</isCollection>
        <isInput>true</isInput>
        <isOutput>false</isOutput>
    </variables>
</Flow>
