<?xml version="1.0" encoding="UTF-8"?>
<Flow xmlns="http://soap.sforce.com/2006/04/metadata">
    <interviewLabel>Get Cases {!$Flow.CurrentDateTime}</interviewLabel>
    <label>Get Cases</label>
    <processMetadataValues>
        <name>BuilderType</name>
        <value>
            <stringValue>LightningFlowBuilder</stringValue>
        </value>
    </processMetadataValues>
    <processMetadataValues>
        <name>OriginBuilderType</name>
        <value>
            <stringValue>LightningFlowBuilder</stringValue>
        </value>
    </processMetadataValues>
    <processType>AutoLaunchedFlow</processType>
    <recordLookups>
        <name>Get_Cases</name>
        <label>Get Cases</label>
        <locationX>153</locationX>
        <locationY>202</locationY>
        <assignNullValuesIfNoRecordsFound>false</assignNullValuesIfNoRecordsFound>
        <filters>
            <field>Status</field>
            <operator>EqualTo</operator>
            <value>
                <stringValue>New</stringValue>
            </value>
        </filters>
        <object>Case</object>
        <outputReference>objCases</outputReference>
        <queriedFields>Id</queriedFields>
        <queriedFields>Status</queriedFields>
        <queriedFields>Subject</queriedFields>
        <queriedFields>Priority</queriedFields>
    </recordLookups>
    <start>
        <locationX>50</locationX>
        <locationY>50</locationY>
        <connector>
            <targetReference>Get_Cases</targetReference>
        </connector>
    </start>
    <status>Active</status>
    <variables>
        <name>objCases</name>
        <dataType>SObject</dataType>
        <isCollection>true</isCollection>
        <isInput>false</isInput>
        <isOutput>true</isOutput>
        <objectType>Case</objectType>
    </variables>
</Flow>
